arch_idx,cifar10,cifar100,ImageNet16-120
0,85.79,51.97999997558594,25.766666610717774
2,85.84,54.45999995727539,26.699999994913735
3,86.66,57.99999994506836,28.23333327738444
4,88.09,59.97999995117188,31.13333331298828
5,90.93,66.42000001220703,38.79999991861979
6,92.68,68.59999998779297,39.666666717529296
7,91.77,67.3399999633789,38.699999867757164
8,91.96,68.15999991455078,40.63333335367839
9,86.34,58.139999981689456,27.56666658528646
10,10.0,0.9999999992370605,0.8333333314259846
12,10.0,0.9999999996185303,0.8333333307902018
13,91.6,67.2,38.00000001017253
14,92.0,67.20000003662109,38.73333332316081
15,58.68,32.759999993896486,13.299999969482421
16,93.12,69.10000002441406,43.799999888102214
17,89.47,64.28000000610352,35.89999994913737
18,91.48,64.77999994506835,37.66666670735677
19,88.65,62.79999996337891,30.033333251953124
20,90.08,63.51999996337891,34.26666664632162
21,92.21,69.67999997558594,41.89999987792969
22,89.82,63.159999938964845,36.533333363850915
24,86.71,54.66,28.233333348592122
25,86.7,58.679999975585936,28.299999923706054
26,90.06,65.23999993896484,37.86666663614909
27,90.49,64.23999997558593,35.46666668701172
28,86.3,53.87999996337891,26.63333334350586
29,88.37,62.15999992675781,30.200000015258787
30,91.83,67.17999992675782,38.566666697184246
31,91.07,64.49999995117187,36.10000006103515
32,92.47,68.36,41.999999837239585
33,92.0,68.42000002441407,42.96666668701172
34,91.8,68.00000001220702,38.36666663614909
35,91.04,66.54,37.866666727701826
36,91.27,65.01999997558593,37.89999992879232
37,89.29,65.2999998779297,35.266666666666666
38,92.52,67.91999986572266,33.79999998982748
39,89.25,63.02000003662109,33.099999928792315
40,75.18,46.73999996337891,15.033333282470704
41,88.23,61.87999998168945,31.83333319091797
42,93.68,70.21999986572266,44.39999987792969
43,91.91,66.97999992675781,39.633333384195964
44,79.99,48.259999993896486,17.89999998219808
45,89.84,64.81999992675782,33.33333332316081
46,91.05,65.43999997558593,38.83333339436849
47,91.03,66.59999998779297,36.86666669718424
48,86.01,57.29999994506836,28.900000010172526
49,91.51,65.31999995117188,37.666666534423825
51,88.1,61.76000001220703,30.500000061035156
52,93.19,70.2999999267578,43.66666661580404
53,52.08,10.639999993896485,10.933333338419596
54,91.03,66.11999998168945,39.499999908447265
55,86.93,58.45999997558594,28.4
56,93.48,69.39999997558594,43.199999877929685
57,76.2,46.759999993896486,15.99999993387858
58,63.36,33.83999997863769,13.999999972025554
59,88.64,62.26,31.93333331298828
60,89.18,64.59999999389649,33.933333267211914
61,88.65,62.94000003662109,31.533333267211916
62,92.25,68.35999995117187,40.03333332316081
63,92.6,69.3000000366211,41.500000040690104
66,75.75,46.69999998779297,15.366666681925455
68,91.31,66.91999991455079,38.633333180745446
69,93.73,70.78000006103515,44.43333336385091
70,91.87,67.1,38.59999986775716
71,90.61,64.12,37.166666666666664
72,86.54,57.91999994506836,28.533333292643228
73,89.75,61.45999998779297,32.86666665649414
74,10.0,0.9999999996185303,0.8333333326975505
75,73.29,45.380000012207034,14.600000010172526
76,87.2,55.98000002441406,29.133333297729493
77,93.23,68.96,43.39999994913737
78,91.98,66.81999994506836,39.533333180745444
79,91.83,67.29999998779297,39.066666717529294
80,92.24,68.89999995117188,43.166666595458985
83,85.52,53.45999999389648,24.833333267211913
84,91.59,65.45999997558594,36.69999989827474
85,90.74,67.21999993896485,37.599999908447266
86,92.27,68.71999998779297,41.79999991861979
87,79.19,44.45999995727539,22.733333302815755
88,88.5,62.73999998168945,33.03333317057292
89,91.99,66.76000006103516,40.86666664632161
90,90.06,65.61999987792969,38.299999877929686
91,89.94,64.20000006103515,36.76666667683919
92,90.98,66.44000004882813,37.9000000406901
93,91.32,65.17999998779297,36.100000040690105
94,87.41,57.52000001831055,29.23333326212565
95,68.83,39.859999963378904,13.933333318074544
96,89.66,63.20000003662109,34.83333329772949
97,88.59,61.99999995727539,31.599999923706054
98,89.58,63.41999991455078,33.33333331298828
99,94.01,70.86000006103515,43.133333180745446
101,87.98,59.479999993896485,34.20000002034505
102,92.56,69.59999998779297,42.73333330281576
103,92.5,68.33999992675781,40.766666666666666
104,10.0,0.9999999996185303,0.8333333320617676
105,10.0,0.9999999996185303,0.8333333314259846
106,75.25,46.079999975585935,15.966666648864747
107,87.58,60.61999996948242,31.26666655476888
108,10.0,0.9999999992370605,0.8333333326975505
109,93.37,69.72000004882813,45.40000005086263
110,90.6,66.11999997558594,35.43333319091797
111,93.49,70.75999987792969,45.39999994913737
112,92.13,66.97999992675781,40.56666668701172
113,87.09,55.09999998168945,28.166666646321616
114,90.43,64.29999999389648,34.59999988810221
115,90.15,63.279999963378906,35.333333170572914
116,92.36,68.64000001220703,42.233333394368486
118,79.97,48.88000001831055,19.666666631062824
119,92.18,68.8199999633789,43.56666662597656
120,10.0,0.9999999992370605,0.8333333320617676
121,91.65,67.64000002441406,39.866666687011715
122,89.61,65.96000001220703,35.06666655476888
123,84.28,52.87999998779297,21.533333353678387
124,92.29,66.71999992675781,39.19999988810221
125,89.72,65.11999992675781,36.43333332316081
126,84.6,51.399999975585935,25.099999938964842
127,88.66,62.079999926757814,31.999999938964844
128,92.27,68.44000002441406,41.36666664632161
130,92.09,67.66000006103516,40.26666653442383
131,86.3,57.39999994506836,22.86666658528646
132,92.12,67.57999996337891,39.633333201090494
133,93.11,70.01999989013672,43.533333241780596
134,89.91,65.58000003662109,38.33333330281575
135,91.76,66.87999995117187,39.299999938964845
139,90.3,64.74000004882812,36.39999989827474
140,92.19,67.40000000610351,41.63333326212565
141,89.96,65.1199999633789,37.83333330281575
142,92.52,68.1000000366211,41.60000001017253
143,91.23,68.63999993896485,39.53333333333333
144,86.55,56.279999963378906,29.03333326212565
145,90.18,64.48000004882813,33.06666650390625
146,86.0,54.69999996337891,27.533333267211916
148,92.36,67.5999999633789,40.400000030517575
149,90.22,65.66000004882812,36.59999983723959
150,88.25,61.21999996948242,33.06666656494141
151,78.14,44.27999995727539,22.566666625976563
152,91.94,68.49999993896485,42.16666661580404
153,93.17,71.63999989013672,44.06666668701172
154,91.22,63.99999992675781,37.76666657511393
155,86.8,57.81999999389649,31.666666666666668
156,87.23,56.82000001220703,30.033333257039388
157,50.63,10.36,9.099999972025554
158,92.74,69.31999987792969,41.00000001017253
159,89.23,64.17999998168945,33.13333329772949
160,86.43,55.39999996948242,26.933333251953126
161,90.57,66.38000004882812,36.43333337402344
162,91.69,66.44000006103515,38.966666697184245
163,85.99,57.58000001831055,25.3333332417806
165,92.7,69.01999986572265,41.7333332417806
166,88.53,61.86,32.666666631062824
167,88.89,63.84000002441406,33.89999991861979
169,88.47,61.47999994506836,30.466666615804037
170,88.97,60.94000002441406,32.633333272298174
172,10.0,0.9999999996185303,0.8333333307902018
173,86.89,57.11999996337891,14.699999933878582
174,92.02,67.65999997558593,41.93333338419596
175,86.75,61.04000000610352,29.066666600545247
176,88.59,62.35999993286133,31.600000061035157
177,86.9,58.799999993896485,31.000000015258788
178,91.33,67.27999993896485,41.999999979654945
179,91.99,66.83999992675781,38.29999989827474
180,93.06,69.71999989013672,44.60000001017253
181,89.17,64.25999991455078,33.79999990844727
182,10.0,0.9999999996185303,0.8333333320617676
183,85.28,53.960000024414065,25.99999996948242
184,91.65,67.27999987792968,31.799999964396157
185,90.84,64.10000000610351,35.46666658528646
186,86.57,57.94000003662109,27.033333257039388
187,88.52,63.13999991455078,34.06666660054525
188,88.4,60.25999995117188,34.499999933878584
189,93.3,69.99999998779298,43.56666665649414
190,90.04,64.12000004882813,34.833333333333336
191,91.09,66.02000001220703,37.799999938964845
192,91.84,67.9400000366211,38.56666666666667
193,88.49,59.33999995727539,21.89999996439616
194,92.1,66.96000006103516,39.366666544596356
195,89.91,64.17999998168945,33.79999989827474
196,86.21,57.81999997558594,27.63333326212565
197,91.25,67.22000000610352,37.366666615804036
198,92.24,66.72000003662109,39.79999996948242
199,80.28,49.73999996948242,20.533333292643228
200,86.67,58.39999993896485,27.433333277384442
201,86.23,58.579999981689454,27.733333353678386
204,92.49,67.90000006103516,41.13333323160807
205,92.02,67.50000002441406,40.10000006103515
206,91.87,66.96000006103516,38.99999993896484
207,91.22,66.21999995117187,38.19999994913737
208,78.28,41.54,20.700000005086263
209,91.41,66.71999996337891,37.83333337402344
210,75.98,45.67999995727539,15.733333333333333
211,92.53,69.69999993896485,41.13333321126302
212,93.18,69.50000006103515,44.46666655476888
213,91.94,67.16,38.26666657511393
214,93.01,69.03999995117188,42.699999857584636
215,76.23,45.85999994506836,15.933333287556966
216,82.17,53.07999998779297,20.166666625976564
217,91.3,66.33999987792969,37.300000061035156
218,90.81,66.27999995117187,37.83333326721191
219,93.09,69.63999993896485,43.23333323160807
220,87.23,57.539999981689455,31.499999857584637
221,91.03,65.27999993896485,36.4333332010905
222,88.75,62.05999998779297,32.56666660054525
223,69.17,37.73999993286133,12.933333320617676
225,10.0,0.9999999984741211,0.8333333320617676
226,87.19,59.27999995727539,29.533333282470704
228,92.69,68.25999995117188,41.633333190917966
229,86.1,59.319999969482424,27.533333287556967
230,89.44,64.49999993896485,34.13333329264323
231,86.66,54.79999997558594,28.400000030517578
232,70.42,40.37999997558594,13.633333287556965
233,10.0,0.9999999996185303,0.8333333326975505
234,90.01,64.16,36.23333335367838
235,93.22,69.51999990234376,44.66666651407878
236,88.51,61.55999999389648,32.10000001017253
237,92.57,68.75999995117188,41.39999997965495
238,92.26,68.33999990234375,39.900000030517575
239,52.72,10.52000000152588,12.466666638692221
240,80.23,50.63999993286133,20.333333282470704
241,92.3,67.29999996337891,38.16666663614909
242,92.59,69.37999990234376,41.200000061035155
243,86.49,58.39999998779297,28.79999993387858
244,93.49,70.6,46.26666667683919
245,86.27,55.0,27.433333287556966
246,91.7,67.03999987792969,39.066666697184246
247,84.49,49.36000001220703,22.233333338419595
248,93.11,69.61999993896484,43.366666687011715
249,91.92,68.86000000610352,44.10000006103515
250,93.89,70.12000004882813,43.866666727701826
251,86.46,58.27999995727539,25.86666655476888
252,93.2,69.55999998779296,41.89999994913737
253,89.04,64.11999997558594,33.76666657511393
254,89.88,64.67999998168945,36.399999959309895
255,89.46,62.859999926757816,33.933333170572915
256,92.88,68.73999993896484,43.499999979654945
257,88.39,61.60000004882812,30.9333332417806
258,93.54,70.40000002441407,44.76666665649414
259,88.6,62.819999914550785,35.333333333333336
260,86.23,54.79999995727539,25.266666666666666
262,83.55,55.22000001831055,21.766666610717774
263,92.15,67.75999997558594,38.99999989827474
264,91.57,67.47999995117188,39.933333292643226
266,85.39,58.45999989013672,16.833333282470704
267,90.89,67.34000003662109,39.233333272298175
269,92.34,66.80000002441406,40.06666667683919
270,87.96,61.97999991455078,29.466666661580405
271,85.61,54.54000001220703,26.133333267211913
272,91.0,65.03999993896484,35.400000020345054
273,92.22,66.87999993896484,38.96666653442383
275,86.19,58.89999996948242,28.09999997965495
276,83.66,54.39999993286133,12.500000010172526
278,86.67,57.79999997558594,28.133333333333333
279,90.9,65.08000006103515,37.766666666666666
280,80.73,50.499999981689456,21.26666664123535
281,92.56,67.85999991455078,41.600000040690105
282,91.45,66.42000000610352,38.800000010172525
283,92.69,68.42000004882813,43.16666667683919
284,88.73,61.76000001220703,32.59999996439616
285,92.85,69.03999992675782,43.13333334350586
286,87.67,57.819999969482424,31.699999888102212
287,91.53,66.8199999633789,37.49999991861979
288,92.61,67.65999991455078,40.3
289,90.24,64.19999991455079,37.033333374023435
290,88.91,62.85999995117187,33.9666665242513
291,89.9,66.64000002441406,38.73333321126302
292,91.25,66.77999999389648,38.06666660563151
294,91.89,67.75999995117188,39.2333332417806
295,93.58,70.77999996948242,43.29999989827474
296,89.7,64.31999999389649,33.666666524251305
297,51.57,10.419999989318848,10.133333325703939
298,88.6,62.37999998168945,32.300000010172525
299,90.89,65.89999992675781,36.79999983723958
300,89.4,65.86000002441406,36.36666665649414
302,83.43,48.439999975585934,22.13333327738444
303,89.88,65.63999991455078,37.133333312988285
304,88.52,61.37999997558594,20.299999954223633
305,79.37,50.1,19.233333300272623
306,73.9,44.959999963378905,15.433333323160808
308,91.65,67.45999993896484,38.7333332417806
309,89.11,63.14000001220703,31.5666666208903
310,91.99,66.54000001220703,38.59999987792969
311,88.74,62.90000000610352,33.93333326212565
312,90.09,62.01999998168945,36.13333330281576
313,76.19,47.25999995117188,15.09999996693929
314,91.92,67.18000004882812,39.26666650390625
315,86.77,57.91999997558594,20.033333338419595
316,91.84,68.20000002441407,40.433333231608074
317,87.77,58.320000024414064,32.76666664632162
318,92.97,68.20000002441407,41.79999990844727
319,86.44,53.69999992675781,26.066666666666666
320,90.09,64.47999998779297,36.80000005086263
321,89.57,63.97999998779297,32.83333339436849
322,93.51,70.91999997558594,44.06666672770182
323,89.21,61.71999999389649,32.69999999491374
324,82.76,53.87999993286133,18.733333353678386
325,91.34,66.93999991455078,36.133333251953125
326,93.38,69.67999986572265,43.99999986775716
327,90.39,65.3399999633789,34.599999918619794
328,92.17,67.41999998168946,41.933333170572915
329,88.83,63.79999995117188,32.89999994913737
330,83.07,52.99999992675781,21.93333329264323
331,86.81,54.08000001831055,27.499999908447265
332,79.98,49.77999992675781,21.000000015258788
333,89.14,63.00000001220703,34.69999996948242
334,76.13,46.119999926757814,16.033333267211916
335,91.14,67.06000006103515,38.53333317057292
336,91.04,65.33999993896484,38.23333319091797
337,88.56,61.33999997558594,34.8333332010905
338,90.4,66.72000001220704,35.73333336385091
339,90.58,64.16000002441406,38.19999990844727
340,90.08,64.85999991455078,33.466666564941406
341,81.08,51.49999995727539,19.433333300272622
342,88.4,63.81999999389649,33.86666669718424
343,82.62,53.66000001220703,20.833333287556965
344,91.77,63.83999998168945,25.766666651407878
345,62.2,34.599999957275394,14.33333332824707
346,88.95,61.66000002441406,32.766666631062826
347,88.61,63.299999993896485,32.80000002034505
348,87.34,61.15999998779297,26.799999908447266
349,87.2,58.05999994506836,30.199999888102212
350,93.0,69.33999990234375,41.13333321126302
351,92.48,70.11999995117188,43.299999938964845
352,93.59,70.86000003662109,45.3
353,84.45,54.55999995727539,26.499999979654948
354,89.84,64.46,33.49999987792969
355,92.97,69.81999995117188,42.16666651407878
356,92.66,67.73999997558593,41.300000061035156
357,86.97,55.87999992675781,29.09999991861979
358,92.2,67.9000000366211,37.599999989827474
359,88.4,62.759999938964846,32.866666600545244
360,93.25,68.86000003662109,43.50000001017253
362,91.67,68.59999989013671,40.09999989827474
363,87.52,57.3999999633789,30.73333329264323
364,79.05,50.69999998779297,20.69999995422363
365,61.05,32.99999999084473,13.733333330790202
366,91.75,66.94000006103515,38.73333323160807
367,91.36,65.85999995117187,37.63333326212565
368,89.06,63.60000001220703,35.19999989827474
369,90.69,65.23999993896484,35.20000003051758
370,91.76,69.13999986572266,41.89999998982747
371,91.03,65.1199999572754,36.799999888102214
372,92.83,69.51999986572265,42.33333327229818
373,92.25,68.29999998779297,42.06666668701172
375,89.1,64.47999991455079,33.03333319091797
376,89.53,60.039999975585935,18.866666631062827
377,92.37,66.74000000610351,38.39999987792969
379,87.18,59.87999996337891,27.966666676839193
380,91.82,66.88000004882812,39.29999983723958
381,91.87,68.83999989013672,31.199999969482423
382,92.59,69.56000003662109,41.63333321126302
383,88.43,61.81999993286133,20.499999928792317
384,91.66,67.0400000366211,38.99999994913737
385,93.24,69.42000001220703,44.43333338419596
386,87.01,59.119999938964845,26.333333318074544
387,84.69,54.51999992675781,27.16666660563151
388,92.33,68.33999998779296,40.89999993896485
389,92.31,67.49999996337891,40.76666670735677
390,75.35,46.25999995727539,15.833333348592122
392,92.21,66.85999999389648,39.566666707356774
393,91.92,65.57999991455078,37.79999992879232
394,90.94,66.00000000610352,35.76666669718424
395,89.76,64.28000003662109,33.23333319091797
396,78.69,49.33999996948242,18.46666663614909
397,92.4,69.62000004882813,41.766666605631514
398,92.71,68.10000006103516,42.63333322143555
399,91.59,67.11999989013673,37.86666670735677
400,92.07,67.59999987792969,39.066666707356774
401,87.65,58.83999996337891,33.06666665649414
402,91.71,67.58000000610352,41.46666655476888
403,92.34,68.24000002441406,41.26666665649414
404,92.07,67.34,38.83333318074544
405,89.85,64.54000000610351,36.06666660563151
406,91.18,66.28,28.6
407,74.98,47.36000002441406,15.933333297729492
408,88.67,62.05999992675781,30.033333251953124
409,90.24,65.33999998779296,36.29999992879232
410,92.9,68.9600000366211,41.76666669718424
411,92.98,69.41999986572266,42.56666661580404
413,92.77,69.20000006103515,41.99999998982747
414,86.94,53.819999969482424,14.766666633605958
415,88.77,62.01999997558594,33.26666660054525
416,90.94,66.99999996337891,38.433333170572915
417,74.97,46.180000018310544,15.666666661580404
418,92.07,68.52,44.79999996948242
419,87.11,58.920000024414065,28.000000020345052
420,87.24,56.01999996948242,27.966666575113933
421,91.56,65.09999995727539,35.73333317057292
422,92.01,69.3200000366211,42.63333329264323
423,84.97,51.480000006103516,25.666666651407876
424,89.03,62.700000012207035,32.499999933878584
426,10.0,0.9999999988555908,0.8333333314259846
427,88.74,61.2,32.60000001017253
428,92.57,68.97999995117188,43.03333338419596
429,90.67,65.14000002441406,36.16666668701172
430,93.01,68.58,42.96666667683919
431,91.89,67.99999992675781,40.03333327229818
432,57.72,11.319999987792968,14.633333333333333
433,88.38,62.039999981689455,30.23333326212565
434,86.63,55.999999963378905,27.933333297729494
435,93.19,70.10000001220703,46.199999928792316
436,89.74,64.59999999389649,34.933333231608074
437,75.84,47.999999969482424,16.5666666208903
438,91.1,66.24,36.60000006103515
439,93.53,70.56,45.23333329264323
441,10.0,1.0,0.8333333326975505
442,75.33,46.780000024414065,16.366666648864747
444,91.99,67.95999995117188,40.86666663614909
445,89.39,64.52000004882812,34.46666664632161
446,93.12,70.13999995117187,44.93333333333333
447,88.75,61.63999993286133,29.566666636149087
448,92.22,68.59999993896484,36.5999999593099
449,85.72,52.55999993286133,25.89999992879232
450,91.39,66.21999995117187,41.800000010172525
451,91.2,64.65999995117187,37.00000006103516
452,84.45,56.93999995727539,17.89999998474121
453,92.19,67.69999997558594,39.5
454,92.62,68.03999995117188,42.16666651407878
455,92.84,69.54000001220703,43.36666658528646
456,91.66,66.51999998779297,39.533333231608076
457,88.33,59.079999993896486,30.999999918619793
458,92.39,69.01999992675782,40.73333325195313
459,92.02,66.40000000610351,39.9
460,92.07,68.17999991455078,39.69999990844727
461,91.15,66.33999997558594,39.133333190917966
462,88.87,63.120000048828125,33.866666687011715
463,92.15,65.77999997558594,37.96666657511393
464,86.58,57.41999992675781,28.19999995422363
465,70.96,39.42,18.633333353678385
466,93.16,69.6799999633789,43.63333329264323
467,78.9,44.780000018310545,25.166666681925456
468,85.35,52.95999993896484,25.66666660563151
469,92.43,67.73999993896484,39.666666666666664
470,91.79,67.71999989013672,39.13333317057292
471,92.15,67.06000001220703,39.49999993896484
472,91.74,67.63999995117187,38.83333337402344
473,89.79,64.58000001220704,32.49999986775716
474,85.91,56.49999995117187,25.533333287556967
475,84.24,55.759999993896486,25.4666666208903
476,91.46,65.09999991455078,40.16666662597656
477,86.37,58.05999995727539,23.53333334350586
479,90.76,66.6999999633789,38.56666660563151
480,92.96,68.66000006103516,40.59999987792969
481,86.71,53.56,27.499999918619793
482,88.16,58.500000018310544,12.433333300272624
483,90.1,64.78,35.8333332417806
484,91.94,66.52000006103516,37.13333337402344
485,90.19,67.77999997558594,37.23333325195313
486,91.87,68.05999995117187,39.733333221435544
487,93.05,70.09999993896484,44.73333332316081
488,91.91,67.09999986572265,38.39999984741211
489,88.94,63.14,32.63333322143555
491,92.98,70.75999989013673,44.66666661580404
492,92.07,66.28000006103515,38.89999996948242
493,90.19,65.21999993896485,35.63333329264323
494,79.03,50.15999996337891,17.13333334350586
495,91.82,68.09999992675782,40.06666662597656
496,91.39,66.05999992675781,38.6
497,93.41,70.51999987792969,42.89999990844726
498,57.73,11.880000001525879,14.633333305358887
499,90.95,64.89999991455078,37.79999993387858
500,91.84,66.82000001220703,38.5
501,79.05,51.46000001220703,21.29999994913737
502,85.18,51.5799999633789,26.199999928792316
503,91.79,67.30000006103515,40.09999989827474
504,90.35,65.89999993896484,35.90000006103516
505,89.93,64.54000000610351,33.83333329264323
506,92.88,68.56000003662109,42.533333241780596
507,91.8,66.33999991455079,39.566666697184246
508,91.94,67.34000002441407,39.26666657511393
509,92.0,67.75999992675781,38.73333331298828
510,92.83,67.95999998779297,42.433333282470706
511,90.27,64.0599999633789,35.53333331298828
512,87.18,58.88000001831055,17.733333323160807
513,89.51,65.65999995117187,36.800000061035156
514,91.83,66.97999990234375,38.89999990844726
515,91.56,67.89999995117188,38.73333330281576
516,86.62,54.16000001831055,27.066666610717775
517,91.92,67.00000000610352,40.36666660563151
518,92.33,68.45999993896484,40.93333332316081
519,90.3,64.13999996948242,36.46666659545898
520,92.39,69.01999991455078,41.9000000406901
521,58.81,32.91999999694824,13.033333320617675
522,90.97,65.72000004882813,35.96666664632161
523,88.27,62.08000002441406,31.566666666666666
524,92.17,68.49999991455078,41.066666646321615
525,92.04,67.91999996337891,38.73333323160807
526,87.58,59.099999969482425,33.96666661580404
527,92.61,68.35999998779297,42.733333201090495
528,86.94,56.67999993896484,31.13333332824707
529,89.88,64.79999993896485,33.99999993896484
530,72.91,44.359999963378904,14.099999997456868
532,88.51,63.43999995117188,33.63333326212565
533,88.29,62.2,32.10000002034505
534,91.86,66.88000001220703,39.29999990844727
535,92.16,68.87999986572265,42.33333337402344
536,92.52,68.29999996337891,40.33333321126302
537,87.37,60.93999996337891,30.43333331298828
538,87.99,59.840000006103516,33.86666664632161
539,93.1,69.39999998779297,43.89999992879232
540,10.0,0.9999999984741211,0.8333333326975505
541,93.88,70.77999987792968,43.83333331298828
544,88.77,64.59999995727539,33.7
545,10.0,0.9999999996185303,0.8333333333333334
546,85.15,57.75999994506836,23.533333282470704
547,92.34,68.35999989013672,41.099999979654946
548,92.18,68.75999993896484,42.500000020345055
549,91.06,64.63999996337891,37.79999986775716
550,88.9,62.87999998168945,33.36666664632161
551,92.88,68.99999996337891,42.53333321126302
552,10.0,1.0,0.8333333326975505
553,86.45,55.699999945068356,31.933333267211914
554,91.79,66.92000004882813,39.933333231608074
555,89.77,64.38000000610351,35.299999888102214
556,86.56,58.359999975585936,29.19999998474121
557,87.89,57.07999995117188,30.766666534423827
558,89.16,64.62000002441407,34.5999999593099
559,87.37,59.759999981689454,28.199999918619792
560,91.7,67.93999991455078,38.66666672770182
561,86.6,58.64000000610351,28.86666658528646
562,90.26,64.95999991455078,36.966666564941406
563,92.21,68.09999997558593,39.93333334350586
564,87.3,56.26000000610352,31.19999986775716
565,91.35,65.04000002441406,36.83333323160807
566,84.67,50.81999993896484,28.066666625976563
567,68.71,37.79999996948242,15.800000010172527
568,90.86,66.07999995117187,36.43333339436849
569,72.99,43.73999998168945,14.699999994913737
570,91.19,65.27999990234375,39.23333317057292
572,93.43,70.56000003662109,44.06666672770182
573,91.97,67.07999991455078,38.06666663614909
574,75.79,46.48000001831055,15.233333348592122
575,92.85,68.63999997558594,42.53333334350586
576,88.29,60.45999998779297,23.49999993387858
577,93.01,69.66000002441406,42.33333332316081
578,91.31,66.2599999633789,38.56666653442383
579,89.05,64.74000001220703,35.23333319091797
580,89.8,64.33999993896484,33.93333332316081
581,91.99,69.11999991455077,43.29999989827474
583,71.71,43.89999994506836,13.733333333333333
584,86.87,54.560000024414066,29.433333318074546
585,92.61,68.3800000366211,41.53333331298828
586,92.59,69.4399998779297,42.43333327229818
587,93.58,70.13999991455078,44.26666651407878
588,92.5,68.15999993896484,41.76666651407878
589,89.85,65.45999995117188,36.2
590,92.12,67.29999991455078,38.20000005086263
591,92.53,69.06000006103515,41.96666670735677
592,75.3,46.21999995727539,15.499999994913736
594,86.47,58.59999991455078,28.133333353678385
595,88.74,63.2800000366211,33.46666664632161
596,92.02,66.99999998779298,39.199999928792316
597,91.61,68.03999998779297,39.13333334350586
598,92.01,67.25999992675781,43.399999888102215
599,87.98,58.17999993896484,31.099999928792318
601,73.74,42.899999993896486,19.0666666208903
603,87.99,58.039999981689455,28.400000010172526
604,92.08,67.97999998779297,41.533333251953124
605,86.48,54.37999997558594,27.766666600545246
606,75.18,46.51999996948242,15.333333315531412
607,92.75,69.38000006103516,43.29999991861979
608,88.55,62.539999975585935,31.033333251953124
610,92.18,67.96000000610351,40.16666656494141
611,92.4,68.19999992675781,43.36666650390625
612,75.53,47.41999993286133,15.933333330790202
613,91.49,66.77999992675781,38.79999986775716
614,88.77,63.02,33.033333231608076
615,92.08,67.9400000366211,40.533333374023435
616,92.57,68.41999993896485,40.83333323160807
617,92.02,67.64,38.166666595458985
618,92.3,66.87999993896484,39.79999992879232
619,90.21,64.91999998779296,36.46666654459636
620,75.71,46.920000006103514,15.133333302815755
621,91.55,66.48,39.16666650390625
622,92.41,69.12000004882813,43.166666534423825
623,92.56,68.45999997558594,39.199999938964844
624,67.88,39.29999996948242,13.366666656494141
625,90.67,66.46000006103516,37.6
626,92.23,68.52000001220703,42.6333332417806
627,88.05,61.600000024414065,30.866666625976563
628,91.2,66.08000002441406,35.99999985758463
630,92.51,67.07999991455078,38.79999990844727
631,88.71,63.33999997558594,32.79999995422363
632,10.0,0.9999999996185303,0.8333333326975505
633,86.9,56.89999993286133,22.199999989827475
634,88.35,60.47999995727539,33.26666668701172
635,75.99,46.30000002441406,14.799999982198079
636,84.73,55.000000018310544,25.766666681925457
637,89.93,64.53999993896484,37.666666666666664
638,90.1,65.73999995117188,36.533333180745444
639,87.92,57.479999938964845,32.099999969482425
640,76.24,46.92000001220703,15.933333287556966
641,92.32,68.75999992675781,40.33333325195313
642,87.75,63.819999914550785,31.833333353678384
643,90.63,66.26,38.16666667683919
644,91.91,66.99999997558594,38.93333339436849
645,93.09,69.78000006103515,42.566666514078776
646,87.32,58.14000001220703,32.19999991861979
649,90.31,67.53999991455078,39.36666659545899
650,90.48,64.65999986572265,32.83333326212565
651,87.45,57.499999975585936,28.466666651407877
652,93.04,68.87999997558593,42.46666667683919
653,91.2,65.76,36.76666663614909
654,93.58,71.05999990234375,43.83333329264323
656,91.04,64.84000002441407,32.9333332010905
657,86.58,57.94000001831055,27.933333221435547
658,92.87,69.60000004882812,41.79999983723958
659,87.02,58.11999998168945,28.699999969482423
660,84.57,53.079999938964846,22.599999944051106
661,88.89,63.339999993896484,33.83333326721191
662,90.67,63.84000001220703,31.999999928792317
664,91.26,65.05999997558594,34.66666658528646
665,91.76,66.83999987792969,38.53333338419596
666,92.08,69.75999995117188,42.366666676839195
667,91.38,67.65999996337891,37.633333201090494
668,89.08,62.21999998779297,30.666666595458985
669,10.0,1.0,0.8333333333333334
670,88.73,63.29999995727539,32.26666659037272
671,86.52,57.380000012207034,22.53333336385091
672,92.76,68.73999998779297,42.26666650390625
673,87.28,58.739999951171875,31.500000020345052
674,75.85,46.95999994506836,16.433333302815754
675,67.6,37.52000001220703,12.766666648864746
676,84.98,57.76000001220703,20.66666660563151
677,75.63,46.84000002441406,16.366666664123535
678,91.91,68.37999995117187,41.09999986775716
679,91.82,67.68000002441406,38.16666669718425
680,92.38,68.42000006103515,45.26666662597656
683,73.2,36.559999951171875,17.266666676839193
684,93.59,70.23999995117188,43.63333335367839
685,90.08,64.18000000610351,37.033333363850915
686,91.84,68.47999986572266,39.86666650390625
687,86.07,53.99999995727539,27.699999923706056
689,92.82,69.95999987792969,44.066666575113935
691,89.46,63.179999975585936,36.366666687011715
692,93.29,69.25999995117188,43.66666663614909
693,69.87,40.320000024414064,13.599999979654948
694,91.18,65.3200000366211,36.400000020345054
696,87.47,57.21999996948242,31.599999923706054
698,92.55,68.78000002441406,40.09999983723959
699,93.62,72.23999991455078,44.66666655476888
700,91.81,67.13999998168946,39.8333332010905
701,89.24,62.080000036621094,32.13333334350586
702,93.42,70.43999990234374,43.89999992879232
703,92.46,67.93999996337891,40.26666651407878
704,89.13,62.919999951171874,32.10000002034505
705,87.13,56.420000024414065,32.133333251953125
706,88.48,61.70000003662109,32.06666660563151
709,89.7,64.09999998779297,33.63333317057292
710,85.22,57.07999993286133,16.999999966939292
711,89.64,64.15999999389649,33.33333325195313
712,89.21,62.73999998779297,32.1333332824707
713,88.46,61.460000024414065,22.999999918619793
714,93.05,68.90000006103516,42.36666658528646
715,89.54,64.33999997558594,33.06666654459635
716,75.55,46.77999997558594,15.666666651407878
717,91.07,67.21999992675781,39.06666650390625
718,90.17,64.79999995117187,37.400000020345054
719,84.28,49.719999926757815,22.633333302815757
720,91.81,67.57999998779297,39.43333321126302
721,92.43,70.01999987792969,41.633333180745446
723,63.36,34.65999997558594,14.333333320617676
724,90.59,67.41999991455079,37.93333322143555
725,92.97,68.63999999389648,40.8333332417806
726,92.05,67.01999991455078,39.133333201090494
727,89.51,64.49999996948242,36.36666666666667
728,88.73,61.54000000610352,22.999999984741212
729,91.36,67.26,38.199999928792316
730,90.93,65.74000002441406,35.69999996948242
731,92.11,67.31999995117188,39.80000005086263
733,93.1,69.45999993896484,42.39999990844726
734,86.49,60.599999963378906,26.866666600545248
735,90.76,66.91999993896485,38.599999918619794
736,90.09,65.15999991455078,33.63333326721192
737,89.38,61.65999998779297,32.96666668701172
738,87.78,61.60000001220703,24.533333338419595
739,90.01,64.69999999389648,34.19999983723958
740,91.37,65.42,37.13333317057292
741,88.29,62.59999993896484,30.199999994913735
743,82.62,54.63999999389648,20.833333267211913
744,91.07,65.26000006103516,35.66666668701172
745,73.28,41.859999981689455,14.833333300272624
746,89.09,63.219999975585935,35.89999992879232
748,87.86,59.28000000610351,32.93333329772949
751,91.86,67.03999998779297,39.66666667683919
752,92.12,68.51999989013672,42.09999988810221
753,84.17,55.200000006103515,27.166666610717773
754,90.96,66.17999999389649,37.33333319091797
755,90.47,63.06000003662109,34.633333251953125
756,90.84,65.2,35.96666666666667
757,87.04,55.36000001220703,27.366666625976563
758,86.87,57.81999995117187,28.36666668701172
759,75.31,46.119999993896485,15.166666625976562
760,92.03,68.43999997558593,42.7333332824707
761,90.9,66.05999993896485,36.79999990844727
762,87.64,57.31999995117187,32.266666605631514
763,75.88,47.29999994506836,15.73333331298828
764,76.01,46.919999951171874,15.366666648864745
765,87.79,59.659999951171876,32.066666661580406
766,90.86,67.29999993896485,38.26666670735677
767,84.86,57.29999996337891,23.699999923706056
768,92.11,67.01999996948243,39.0
769,82.38,49.68000000610351,20.099999994913738
771,91.92,67.10000006103516,38.99999984741211
772,79.37,50.09999998779297,19.466666676839193
773,92.9,67.8799999633789,40.39999986775716
774,91.49,65.97999991455079,38.09999993387858
775,88.94,63.139999969482425,31.133333363850912
776,79.83,42.87999996948242,22.19999993387858
777,86.62,59.23999996948242,28.266666620890298
778,92.49,68.17999998779297,40.89999993896485
779,89.21,63.54,32.899999888102215
780,83.17,55.37999999389648,23.96666660563151
781,92.02,68.31999995117188,39.166666656494144
782,92.27,68.54000002441406,44.399999888102215
783,91.61,67.53999991455078,38.59999989827474
784,85.26,56.09999994506836,23.566666610717775
785,91.28,67.3200000366211,39.63333329264323
786,88.62,62.92000001220703,31.33333339436849
787,92.19,67.90000002441407,40.29999984741211
788,85.3,56.27999993286133,15.799999918619791
789,86.84,57.94000002441406,28.733333282470703
790,92.17,67.31999995117188,40.466666625976565
791,92.28,66.81999992675782,38.33333329264323
792,87.47,58.75999994506836,31.89999999491374
793,92.65,69.0599999633789,42.300000010172525
794,89.02,62.44000006103516,32.66666660054525
795,87.11,55.93999994506836,30.06666658528646
796,92.28,67.39999998779297,38.8000000406901
797,93.07,69.3,43.33333332316081
798,89.03,62.399999981689454,32.56666653442383
799,83.36,49.17999994506836,22.033333287556967
800,91.41,67.49999994506835,37.79999991861979
801,92.49,68.55999993896485,41.63333321126302
802,88.56,63.40000002441406,33.93333334350586
803,93.12,69.87999987792969,44.79999995930989
804,92.06,67.68000006103516,40.133333312988285
805,90.77,65.0599999633789,37.33333330281575
806,69.45,39.59999992675781,14.199999969482421
807,89.66,65.72000002441406,37.73333319091797
808,92.17,69.05999995117187,41.26666667683919
809,90.48,65.39999999389649,39.13333337402344
810,93.03,69.2399999633789,44.83333329264323
811,92.21,67.66,38.5666665242513
812,82.1,45.79999998168945,27.2
813,91.56,68.34000000610351,36.800000010172525
814,91.97,67.50000001220702,38.36666669718424
816,90.85,66.85999999389648,33.43333329772949
817,91.81,68.39999990234375,40.499999979654945
819,91.02,66.92000003662109,38.26666663614909
821,91.09,66.83999993896484,39.19999989827474
822,90.74,66.55999986572266,37.36666664632161
823,89.81,65.09999991455078,34.46666655476888
824,92.81,69.71999997558594,42.70000005086263
825,90.12,65.17999993896484,36.40000006103516
826,84.87,57.959999969482425,24.33333336385091
827,92.41,68.46,40.23333330281576
828,91.24,63.02000001220703,33.7666666208903
829,91.18,68.00000004882813,39.89999993896485
830,78.91,42.999999963378905,27.36666665140788
831,89.18,64.02000000610352,35.166666656494144
832,51.47,10.739999987792968,12.833333307902018
833,92.13,68.26000001220703,42.03333317057292
834,75.24,46.95999995117187,15.433333287556966
835,89.1,62.03999995117187,32.63333335367839
836,88.91,61.83999996337891,31.89999994913737
837,92.06,67.34000004882813,39.600000040690105
838,92.51,69.61999986572266,43.86666665649414
839,87.42,58.839999932861325,27.16666668701172
841,91.39,67.8799999633789,40.46666670735677
842,91.31,66.84,38.366666615804036
843,91.83,67.28000001220703,37.83333339436849
844,93.91,70.53999992675782,45.166666717529296
845,68.68,38.45999998779297,13.033333312988281
846,92.01,66.41999992675781,38.03333327229818
847,91.28,65.28000006103515,29.399999954223635
848,88.91,63.440000048828125,33.36666664632161
849,83.96,54.91999997558594,27.399999974568686
850,79.98,50.48000001831055,21.666666641235352
851,86.14,54.11999998168945,29.199999979654947
853,82.28,55.21999993286133,20.399999974568686
854,91.33,65.57999992675781,35.86666657511393
855,92.11,67.51999998779297,41.033333241780596
856,92.21,68.41999996337891,41.13333323160807
858,89.69,64.08000000610352,33.36666663614909
859,90.21,65.18,35.46666653442383
860,90.0,64.88000002441406,37.499999969482424
861,82.51,54.519999951171876,20.799999994913737
863,90.8,64.57999998168945,33.433333292643226
864,86.73,57.93999996948242,23.4
865,89.43,64.90000001220703,35.33333336385091
866,92.57,67.5200000366211,41.49999994913737
867,10.0,0.9999999996185303,0.8333333326975505
868,92.45,68.93999995117187,41.86666662597656
870,91.33,66.55999999389648,38.03333322143555
871,92.12,68.07999997558593,38.866666676839195
872,92.27,69.58000000610352,41.46666657511393
874,88.61,63.31999993896484,33.766666615804034
875,92.28,68.25999991455078,41.43333318074544
876,80.34,51.200000006103515,20.800000030517577
877,90.89,65.44000001220704,35.89999986775716
878,84.33,51.060000024414066,23.766666625976562
879,10.0,0.9999999996185303,0.8333333326975505
880,90.88,63.039999981689455,36.26666670735677
881,91.9,67.4400000366211,38.76666650390625
882,88.88,61.619999993896485,32.29999991861979
883,91.92,67.11999993896484,40.633333180745446
884,92.6,68.49999992675781,42.066666707356774
885,10.0,0.9999999996185303,0.8333333326975505
886,89.26,64.08000003662109,34.233333394368486
887,78.2,41.79999995727539,22.33333330790202
888,90.23,63.91999996948242,31.099999888102214
889,91.21,66.01999995727539,36.16666667683919
890,88.76,63.64000004882813,33.99999994913737
891,91.92,67.49999986572266,38.400000010172526
892,92.54,68.23999989013672,40.833333170572914
893,53.56,29.219999966430663,10.833333320617676
894,88.26,62.539999926757815,31.96666660054525
895,92.99,69.85999996337891,42.83333321126302
896,92.11,67.5,40.033333180745444
897,89.13,64.26000002441407,35.13333333333333
898,93.5,69.31999986572265,43.40000005086263
899,75.53,47.87999996337891,16.333333287556965
900,87.9,59.69999995727539,31.33333334350586
901,79.96,50.23999996948242,21.066666636149087
902,90.06,64.80000001220704,35.933333302815754
903,92.52,70.35999992675781,43.66666656494141
904,89.33,64.19999992675781,35.53333322143555
905,87.17,55.639999963378905,30.700000061035155
906,88.7,62.700000012207035,32.86666659545899
907,92.04,67.99999998168946,40.13333336385091
908,91.94,67.20000000610352,39.366666544596356
909,89.64,64.52000004882812,36.233333272298175
911,90.96,64.59999995727539,36.633333323160805
912,93.13,68.92000003662109,43.23333331298828
913,73.54,35.05999998779297,16.6666666208903
914,91.31,67.03999999389649,39.199999877929685
916,92.14,67.53999991455078,42.133333251953125
917,89.34,64.18000004882812,35.8
918,89.72,64.40000001220703,35.43333327229818
919,91.03,66.24000002441406,36.5666665242513
920,79.51,51.78,21.13333332824707
921,92.64,68.97999998779297,43.43333322143555
922,84.77,50.719999975585935,26.76666664123535
923,92.22,67.08000001220704,39.66666660054525
924,91.48,67.56,39.96666667683919
925,92.1,68.61999995117188,40.666666595458985
926,87.12,56.560000006103515,29.033333333333335
927,87.62,57.19999996337891,30.966666727701824
928,88.3,59.25999993286133,32.400000020345054
929,84.5,53.42,24.399999954223635
930,88.9,62.999999969482424,34.833333353678384
931,63.37,34.35999999084473,14.266666664123536
932,92.18,66.97999998779297,39.39999990844726
933,10.0,0.9999999996185303,0.8333333320617676
934,74.25,43.69999992675781,14.99999996693929
935,80.76,50.88000002441406,17.299999954223633
936,67.82,39.39999996948242,13.833333305358886
938,92.82,69.43999986572265,43.53333317057292
939,10.0,0.9999999992370605,0.8333333320617676
940,88.89,62.299999932861326,32.866666727701826
941,91.99,67.95999998779297,39.599999857584635
942,89.82,64.54,33.93333322143555
943,86.88,57.01999993286133,21.83333331298828
944,92.41,68.11999989013673,38.56666650390625
946,88.02,56.9,31.466666661580405
947,87.06,58.23999999389648,27.999999923706056
948,87.19,56.85999995727539,31.9333332417806
949,87.7,58.69999998779297,25.333333353678384
950,91.0,65.77999998168946,36.96666658528646
951,91.85,69.77999986572266,42.29999998982748
952,86.26,57.60000001220703,24.733333302815755
953,86.97,60.26000002441406,27.933333302815754
954,53.78,11.160000006103516,10.899999959309897
955,91.96,66.33999998779296,39.13333334350586
956,89.1,61.899999981689454,32.36666664632161
957,68.9,38.100000024414065,14.866666600545248
958,92.67,69.08,42.233333394368486
959,92.63,68.35999996337891,41.633333312988285
960,92.65,69.29999989013672,45.13333321126302
961,92.74,69.29999993896485,41.79999990844727
962,88.18,60.63999995117187,22.499999989827472
963,91.3,66.0,39.33333323160807
964,85.8,54.43999994506836,26.966666646321613
965,92.33,68.97999998779297,37.63333339436849
966,89.87,68.17999992675782,40.33333337402344
967,88.06,60.85999993286133,21.83333330790202
968,89.04,62.740000012207034,32.56666661580404
969,88.11,63.29999995727539,29.466666585286458
970,87.14,58.17999993896484,27.433333257039386
971,88.06,59.05999995727539,31.599999959309894
972,91.07,66.30000000610352,35.099999918619794
973,91.87,66.53999993896484,38.46666666666667
974,89.97,65.03999998168945,34.166666524251305
975,89.14,64.00000000610352,33.19999996948242
976,92.04,67.27999999389648,40.26666669718424
977,93.11,69.08000006103515,42.66666655476888
978,89.67,64.57999995117187,34.099999857584635
979,91.22,64.24,29.433333251953126
980,90.48,62.80000002441406,36.866666687011715
981,91.66,66.94000000610352,40.46666660563151
984,90.06,62.91999991455078,36.933333302815754
986,89.66,64.70000002441407,37.39999991861979
987,89.77,64.26000004882812,36.26666657511393
988,85.93,56.93999996337891,24.46666665649414
989,86.4,53.27999995727539,25.39999992879232
990,91.88,68.88000002441406,41.43333338419596
991,93.05,68.35999995117187,41.16666655476888
992,92.09,67.75999993896484,38.133333190917966
993,92.22,67.23999992675782,38.899999837239584
994,88.91,62.20000002441406,32.33333326721191
995,89.88,63.379999951171875,33.60000006103515
997,88.56,62.59999994506836,31.566666646321615
998,92.84,68.07999986572266,40.73333337402344
999,91.29,66.53999992675782,39.233333333333334
1000,93.79,71.35999987792968,44.300000061035156
1001,89.88,64.33999999389648,33.46666653442383
1002,92.37,67.8399999572754,38.73333319091797
1003,68.6,39.98000001220703,12.966666669209799
1004,82.42,54.90000001220703,20.166666633605956
1005,89.3,62.82,32.899999837239584
1006,92.6,69.20000003662109,42.2666667175293
1007,66.71,36.639999969482425,13.366666646321615
1008,86.81,57.87999993896484,22.833333348592124
1009,91.64,67.56000002441407,38.13333326212565
1010,92.76,69.74000006103516,42.76666651407878
1011,92.03,67.4599999633789,39.799999888102214
1012,89.17,62.91999999389648,31.69999993387858
1013,93.21,69.22000003662109,45.699999857584636
1014,90.31,64.40000004882812,37.333333170572914
1015,91.06,64.04000006103516,36.933333292643226
1016,91.13,67.0200000366211,38.333333353678384
1017,76.07,46.59999999389648,16.133333297729493
1018,92.3,67.2599999633789,38.06666655476888
1019,90.53,65.95999992675782,36.09999988810221
1020,86.46,58.179999975585936,27.699999989827475
1022,91.26,65.15999998779297,33.866666615804036
1023,92.56,69.7,41.66666670735677
1025,91.55,65.71999991455078,41.63333317057292
1026,82.41,54.45999993286133,20.433333297729494
1028,74.08,44.37999993896484,15.399999933878581
1029,84.58,57.339999993896484,22.666666671752928
1030,92.14,66.55999993896485,39.49999986775716
1031,90.97,65.91999997558594,35.46666650390625
1032,89.33,64.46000002441406,34.70000002034505
1033,89.67,65.72000006103515,36.43333339436849
1034,92.65,66.69999995117188,38.16666669718425
1035,93.05,69.05999998779296,42.76666657511393
1036,91.59,67.23999998779297,38.29999996948242
1037,90.48,64.66000000610352,32.83333329264323
1038,92.19,67.49999997558594,39.56666654459635
1039,79.38,51.35999994506836,21.06666668701172
1040,92.56,68.87999993896484,43.43333332316081
1041,89.17,63.90000002441406,35.233333333333334
1043,89.75,65.07999998168945,35.999999959309896
1044,92.09,68.20000003662109,41.266666615804034
1045,90.39,66.27999995117187,38.43333321126302
1046,93.29,70.12000004882813,43.533333231608076
1047,89.99,66.02,38.23333317057292
1048,90.46,65.24,35.966666564941406
1049,92.25,68.90000002441407,43.19999988810221
1050,92.52,68.87999991455078,43.8
1051,86.13,58.55999996337891,27.366666575113932
1052,89.19,62.33999996948242,31.299999908447266
1054,86.55,56.619999938964845,30.300000020345053
1055,91.78,68.11999997558594,40.29999998982748
1056,81.03,44.13999998779297,25.799999994913737
1057,75.79,45.49999992675781,15.933333323160808
1059,93.39,70.32000001220703,44.43333318074544
1060,90.14,66.44000002441406,37.23333323160807
1061,86.67,58.48000002441406,28.69999998474121
1063,10.0,1.0,0.8333333320617676
1064,86.65,59.97999998168945,26.766666646321614
1065,85.07,57.87999995727539,24.733333257039387
1066,92.4,69.60000004882812,42.03333331298828
1067,90.51,66.06000000610352,36.29999989827474
1068,92.6,68.81999999389649,42.39999997965495
1069,92.83,70.05999990234375,44.999999908447265
1070,60.03,32.87999997253418,12.7
1071,90.9,65.61999997558594,36.29999989827474
1072,88.4,63.799999938964845,33.36666662597656
1073,92.43,69.59999997558593,44.16666661580404
1074,91.03,65.4599999633789,36.56666672770182
1075,89.48,65.19999989013672,35.83333339436849
1076,86.94,56.099999969482425,27.599999944051106
1077,92.51,67.61999998779297,39.3333332417806
1078,92.94,69.51999987792969,43.53333332316081
1079,92.68,68.16000000610352,41.89999985758463
1081,79.32,50.05999994506836,21.13333334350586
1082,87.5,61.220000036621094,27.866666631062827
1083,83.02,55.59999992675781,22.566666615804035
1084,93.27,70.70000003662109,46.36666669718424
1085,75.02,47.03999996948242,15.10000001525879
1087,75.61,46.83999995727539,16.5
1088,92.29,68.32000002441406,41.63333333333333
1089,91.88,68.7999998779297,41.433333282470706
1090,90.38,65.22000001220704,37.29999983723958
1091,89.15,61.28,32.83333319091797
1092,80.45,51.53999998779297,21.43333329264323
1094,84.86,57.679999975585936,24.03333330790202
1095,89.73,63.63999997558594,36.63333326212565
1096,92.32,66.9600000366211,38.83333326212565
1097,87.27,57.33999998168945,28.266666651407878
1098,89.24,62.91999991455078,31.700000010172527
1099,92.12,67.52000006103516,39.73333325195313
1100,89.67,65.43999996337891,36.13333322143555
1101,90.4,63.17999995117187,35.999999908447265
1102,91.5,66.63999998779298,39.66666657511393
1103,87.88,58.13999997558594,31.86666658528646
1104,88.34,59.69999999389648,21.59999997965495
1105,93.3,68.69999993896485,42.2333332417806
1106,86.45,52.66000002441406,27.433333343505858
1107,74.99,46.97999998168945,15.933333323160808
1108,88.71,64.97999995117188,32.73333326721191
1109,88.4,60.9,21.89999999745687
1110,86.38,58.560000006103515,27.366666600545248
1111,83.91,54.799999938964845,25.633333302815757
1112,91.89,68.23999995117188,41.26666663614909
1113,90.7,66.91999995117187,38.63333333333333
1114,93.6,71.00000002441406,43.39999985758463
1115,91.65,67.91999992675781,36.49999993896484
1116,75.26,46.81999998779297,16.46666663869222
1117,89.18,65.33999995117188,33.46666668701172
1118,76.13,47.51999992675781,15.299999997456869
1119,78.45,44.399999975585935,21.36666658528646
1121,91.25,66.37999998168945,39.63333330281576
1122,92.37,68.91999986572266,43.73333321126302
1123,88.82,61.899999981689454,31.699999989827475
1124,90.22,63.93999996337891,34.56666660054525
1125,53.07,10.659999981689452,12.233333315531413
1126,91.21,66.78000006103515,38.166666534423825
1127,91.97,66.96000001220703,39.7666665649414
1128,91.57,65.24000001220703,36.299999938964845
1129,91.92,66.29999995117187,40.099999989827474
1130,92.65,70.15999995117187,44.400000010172526
1131,91.62,66.7400000366211,39.066666585286455
1132,88.43,61.83999992675781,29.866666615804036
1133,88.94,63.65999995727539,32.96666659037272
1134,80.61,48.999999981689456,18.966666648864745
1135,92.22,67.59999989013671,39.46666655476888
1136,90.74,66.21999993896485,37.36666653442383
1137,89.85,63.43999998168945,34.89999992879232
1138,92.55,68.23999999389649,40.666666717529296
1139,92.96,69.44000002441406,44.133333384195964
1140,86.36,58.359999975585936,27.70000003051758
1141,88.26,61.679999963378904,32.933333292643226
1142,91.09,63.99999999389649,29.399999923706055
1143,86.97,60.79999992675781,27.366666636149088
1144,92.7,68.32000002441406,43.73333321126302
1146,89.13,62.38000004882812,32.166666595458985
1147,89.41,63.47999991455078,34.19999993387858
1148,92.82,68.20000002441407,41.23333329264323
1150,90.01,62.87999998168945,35.6333332824707
1151,89.59,64.08,33.29999994913737
1152,89.11,63.14000001220703,33.699999867757164
1153,89.93,64.80000002441406,34.49999996439616
1154,93.1,69.3200000366211,42.36666665649414
1155,87.62,57.54,29.466666615804037
1156,92.92,68.92000004882813,42.49999998982747
1157,91.97,67.22000003662109,38.83333321126302
1158,70.1,40.99999992675781,14.333333333333334
1159,87.53,57.519999993896484,32.46666664632161
1162,93.34,69.6800000366211,43.63333317057292
1163,86.56,57.58,24.166666681925456
1164,86.23,57.939999938964846,28.53333331298828
1165,92.85,70.29999993896485,43.7666667175293
1166,84.88,54.22000002441406,27.200000010172527
1168,91.12,66.62,35.96666654459636
1169,92.17,67.57999997558593,41.599999908447266
1170,92.38,68.4799999633789,41.433333170572915
1171,88.89,62.73999997558594,33.03333339436849
1172,91.8,66.75999991455078,39.8333332417806
1173,93.21,69.47999993896484,40.999999969482424
1174,88.69,61.91999992675781,30.53333329772949
1175,91.06,66.76000006103516,38.26666664632162
1176,92.2,66.58000006103515,38.86666660563151
1178,90.53,66.20000002441407,35.2
1179,86.63,59.420000006103514,26.333333328247072
1180,92.5,67.79999998779297,41.900000010172526
1181,91.5,66.09999998168945,36.86666669718424
1182,78.68,43.86000002441406,27.233333257039387
1183,87.19,57.5799999633789,29.699999857584636
1184,70.09,40.77999992675781,12.866666664123535
1185,90.83,63.799999938964845,33.26666668701172
1186,90.7,64.34000001220703,38.3000000406901
1187,91.26,66.53999996948242,35.03333329264323
1188,89.03,62.69999996948242,33.066666697184246
1190,91.81,66.19999999389648,38.533333251953124
1191,90.12,63.35999996948242,34.2
1192,91.65,68.97999987792969,42.23333321126302
1193,91.23,66.01999992675782,36.69999991861979
1194,86.38,58.419999951171874,29.066666615804035
1196,91.84,67.43999986572265,39.766666727701825
1198,90.84,65.80000004882812,37.26666664632162
1199,89.53,64.26000001220703,32.566666575113935
1200,86.45,56.45999998779297,28.63333325703939
1201,75.61,46.519999938964844,16.000000005086264
1202,85.87,53.57999994506836,27.53333331298828
1203,92.41,67.82000004882812,39.966666636149085
1204,90.03,66.25999992675781,37.433333302815754
1205,91.84,67.50000006103515,39.26666658528646
1206,87.17,54.719999926757815,28.300000020345053
1207,91.91,67.14000006103515,38.83333330281575
1208,91.83,68.58000006103515,28.83333331298828
1209,89.16,61.55999996337891,31.833333333333332
1210,91.69,67.63999986572266,38.89999991861979
1211,87.14,59.41999999389648,27.599999938964842
1212,75.58,47.439999993896485,15.566666620890299
1213,91.65,66.17999995117188,39.199999938964844
1214,86.75,56.600000006103514,28.166666631062824
1215,89.09,62.96000004882813,32.866666554768884
1216,84.8,57.419999951171874,15.566666681925456
1217,92.65,68.96000006103516,42.56666650390625
1218,91.45,65.11999993896484,28.83333336385091
1219,92.27,67.51999998779297,39.33333336385091
1220,91.8,67.19999993896485,38.3333332417806
1221,58.49,34.29999996948242,14.433333333333334
1222,85.13,55.04000002441406,26.933333353678385
1223,92.14,67.63999991455078,39.099999928792315
1224,92.39,66.93999986572265,39.26666662597656
1225,87.93,59.01999997558594,31.29999994913737
1226,91.61,67.67999991455078,39.86666663614909
1227,92.15,66.55999986572266,39.60000005086263
1228,89.75,64.05999998779296,36.73333329264323
1229,91.45,64.88000002441406,37.06666662597656
1230,79.24,51.840000006103516,18.83333331298828
1231,73.55,43.81999995727539,15.366666646321615
1232,75.96,47.39999996948242,16.1666666208903
1233,90.83,65.85999991455078,37.23333336385091
1234,10.0,0.9999999996185303,0.8333333307902018
1235,85.28,57.05999995727539,23.633333333333333
1236,88.23,59.740000006103514,23.699999928792316
1237,93.13,69.54,45.26666665649414
1238,87.64,59.039999975585935,32.9
1239,92.48,68.20000004882813,43.66666667683919
1240,89.35,63.26000000610352,33.86666663614909
1241,89.47,62.59999998779297,34.466666600545246
1242,75.24,47.039999963378904,15.799999928792317
1243,89.79,64.02000004882812,33.63333323160807
1244,89.43,66.16000004882812,35.300000061035156
1245,92.26,68.11999999389649,42.06666667683919
1246,91.17,65.82000001220703,37.33333336385091
1247,89.92,64.23999994506836,36.46666670735677
1248,92.42,70.05999990234375,42.03333317057292
1249,75.27,47.339999932861325,14.566666620890299
1250,92.43,68.20000004882813,39.99999992879232
1251,91.87,68.37999997558593,43.53333320109049
1253,89.58,63.69999999389648,35.299999888102214
1254,90.96,67.76000006103516,34.39999989827474
1255,93.02,69.41999997558594,44.46666654459636
1257,88.77,63.53999999389649,33.43333331298828
1258,88.63,60.880000012207034,19.39999991861979
1259,87.1,55.679999963378904,30.566666646321615
1260,90.23,63.51999992675781,33.600000040690105
1261,92.22,69.1199999633789,42.49999984741211
1262,91.88,66.70000000610352,38.9
1263,86.24,58.73999996337891,27.766666620890298
1264,92.41,70.08000001220704,41.93333318074544
1265,92.41,68.90000004882812,42.83333330281575
1266,79.97,51.59999998168945,20.766666661580405
1267,92.96,70.71999989013672,44.399999888102215
1268,90.38,65.54000000610351,33.70000002034505
1269,89.85,64.57999992675781,37.09999996439616
1270,89.2,64.6199999633789,32.79999999491374
1271,91.02,65.81999991455078,37.066666575113935
1272,73.89,44.139999963378905,15.166666633605956
1273,79.68,49.95999999389648,18.166666661580404
1274,89.05,62.04,28.266666590372722
1276,80.25,45.75999995117188,17.366666664123535
1278,88.79,60.98000003662109,26.066666666666666
1279,88.36,61.54000004882813,32.76666662597656
1280,87.25,56.680000018310544,29.03333326212565
1281,92.66,68.7600000366211,41.500000040690104
1282,88.56,61.03999991455078,34.39999992879232
1283,88.73,62.67999995727539,31.599999888102214
1284,76.45,47.58,15.766666600545248
1285,92.97,70.29999998779297,44.39999998982747
1286,89.05,61.759999938964846,29.799999984741213
1287,92.87,69.19999987792968,43.20000002034505
1288,92.39,67.43999993896485,40.9333332417806
1289,92.61,67.85999991455078,41.96666660563151
1290,92.15,67.27999996337891,42.20000004069011
1291,10.0,0.9999999988555908,0.8333333333333334
1292,89.85,66.41999992675781,38.26666657511393
1293,89.29,64.2599999633789,37.166666656494144
1294,85.68,58.01999996337891,23.63333331298828
1295,92.42,68.73999995117188,42.89999990844726
1296,72.5,44.87999999389648,14.866666585286458
1297,92.43,67.52000004882812,40.9333332417806
1298,91.88,66.13999999389648,37.899999837239584
1299,91.05,65.26000001220703,37.333333343505856
1302,88.28,59.67999993896484,31.399999969482423
1303,92.7,69.45999990234375,42.83333327229818
1304,92.2,68.54000004882812,41.79999995930989
1305,89.4,64.59999993896484,36.79999983723958
1306,89.9,64.79999991455078,35.4333332010905
1307,90.2,64.45999986572265,33.83333336385091
1308,80.4,50.439999938964846,21.06666664123535
1309,86.76,53.81999994506836,26.066666646321615
1310,86.14,57.75999994506836,28.933333267211914
1311,80.08,49.63999993286133,18.466666585286458
1312,79.8,50.84,20.800000010172525
1313,91.8,67.34,39.2666665242513
1314,91.3,67.3399999633789,40.266666605631514
1315,85.98,58.079999993896486,27.733333353678386
1318,82.59,51.4,21.933333315531414
1319,88.54,63.620000048828125,32.466666697184245
1320,90.28,64.04000001220703,26.06666665140788
1321,89.96,65.14000001220703,37.133333323160805
1322,92.38,68.87999997558593,42.5999999593099
1323,10.0,0.9999999992370605,0.8333333320617676
1324,89.92,63.499999969482424,33.000000020345055
1325,68.7,39.62000002441406,13.400000015258788
1326,84.47,57.57999994506836,23.83333330790202
1328,90.93,65.88000004882812,32.56666660054525
1329,83.94,54.65999992675781,27.866666697184243
1331,88.93,63.03999993896485,33.39999993387858
1332,92.88,69.65999995117187,41.06666650390625
1333,89.09,65.23999999389649,36.86666659545899
1334,88.78,62.94000001220703,31.96666655476888
1336,90.06,65.58000000610352,37.66666672770182
1337,91.72,67.6000000366211,40.66666669718425
1338,91.05,64.19999993896485,37.06666660563151
1339,92.11,66.98000002441407,38.03333338419596
1340,87.78,61.259999987792966,32.53333329772949
1341,92.01,67.63999989013672,40.3333332010905
1342,75.45,46.95999999389648,16.46666665649414
1343,90.18,61.659999993896484,38.03333339436849
1344,88.63,63.420000061035154,32.366666727701826
1345,91.49,67.55999998779296,39.5666665242513
1347,92.64,68.95999989013671,42.26666668701172
1348,83.14,54.419999957275394,23.03333327738444
1349,91.8,67.00000002441406,39.833333343505856
1350,88.47,62.58000002441406,35.699999877929685
1351,86.47,58.499999975585936,27.39999994913737
1352,92.19,69.01999996337891,41.96666661580404
1353,92.41,69.75999995117188,44.70000005086263
1354,88.84,62.35999999389649,32.76666659037272
1355,86.71,55.68000002441406,28.99999994913737
1356,92.63,68.41999997558594,41.266666605631514
1357,90.91,67.42000002441407,37.933333231608074
1358,75.37,46.73999993286133,15.600000020345052
1359,89.3,63.640000024414064,34.46666668701172
1360,93.13,70.5999999633789,43.93333322143555
1362,92.33,69.28000002441406,42.93333332316081
1363,92.14,68.99999995117187,41.99999985758463
1364,91.71,67.11999998779297,37.500000040690104
1365,88.5,61.71999993286133,32.86666663106283
1366,91.85,66.71999990234374,39.466666697184245
1367,91.94,67.18000001220703,40.999999908447265
1368,89.66,64.44,34.300000061035156
1369,87.35,56.05999998168945,31.433333267211914
1370,89.58,65.6199999633789,34.799999938964845
1371,91.86,68.35999992675781,42.26666664632162
1372,91.32,68.06000001220703,39.46666654459636
1373,87.36,58.11999996948242,32.23333319091797
1374,92.34,67.58000001220704,39.699999877929685
1375,91.27,66.2600000366211,38.03333322143555
1376,88.2,60.59999999389648,21.19999996439616
1377,88.75,62.64000001220703,31.166666727701823
1378,91.56,66.83999997558594,38.833333343505856
1379,90.67,65.42000002441407,39.49999993896484
1380,88.8,62.87999998168945,31.500000020345052
1381,53.08,27.779999990844725,10.366666669209797
1382,92.49,69.56000003662109,44.099999928792315
1383,93.06,69.35999986572266,42.7333332417806
1384,86.7,58.55999997558594,27.99999996948242
1385,88.52,63.18000002441406,31.933333343505858
1386,93.06,69.38,42.56666654459635
1387,92.66,68.48000000610351,44.23333317057292
1388,90.92,66.11999998779297,37.566666707356774
1389,90.64,66.36,38.03333322143555
1390,75.47,46.81999998779297,15.23333331298828
1391,92.03,67.65999995117187,40.700000061035155
1392,91.02,66.15999998168945,36.59999996439616
1393,90.21,63.420000024414065,35.93333326212565
1394,85.04,55.56,23.56666668701172
1395,89.28,62.2,32.233333221435544
1397,78.59,42.80000001831055,21.666666610717773
1398,91.84,67.25999991455078,40.799999938964845
1399,92.11,67.15999997558593,38.833333333333336
1400,91.28,67.79999986572265,41.89999992879232
1401,84.62,57.11999995727539,20.06666667175293
1402,91.19,68.25999997558594,36.56666656494141
1403,89.19,62.21999995117187,30.899999923706055
1404,89.75,64.83999999389648,36.49999989827474
1405,88.84,63.220000048828126,32.60000003051758
1407,88.64,62.55999991455078,31.766666697184245
1408,79.92,50.05999995727539,20.933333338419597
1409,86.31,58.740000006103514,28.43333326212565
1410,87.1,56.079999938964846,30.900000061035158
1411,80.46,43.05999998168945,22.599999944051106
1412,84.06,52.58000000610352,24.633333272298177
1413,92.77,69.11999999389649,42.36666657511393
1415,91.69,67.26000006103516,40.233333272298175
1416,89.52,64.31999992675782,32.13333326212565
1417,91.63,67.7399999633789,37.966666514078774
1418,55.41,28.88000000305176,11.699999969482421
1419,90.84,66.77999991455079,36.63333339436849
1420,92.03,67.08000001220704,39.699999938964844
1421,82.62,54.37999996337891,20.199999959309896
1422,90.95,66.03999992675782,37.43333337402344
1423,87.21,56.20000001831055,30.966666666666665
1424,91.96,68.62000006103516,39.733333394368486
1425,93.74,72.22000006103515,45.06666667683919
1426,88.96,63.99999995117187,35.2333332824707
1427,91.29,66.90000006103516,40.03333321126302
1428,92.98,70.60000002441406,44.43333334350586
1429,91.96,67.99999998779298,41.09999984741211
1430,92.26,67.44000001220704,40.96666654459636
1431,88.61,61.65999996337891,32.69999990844727
1432,89.54,65.9400000366211,34.20000003051758
1433,91.04,65.57999997558593,38.33333323160807
1434,92.27,68.39999991455078,40.33333323160807
1435,89.11,62.37999996337891,31.69999989827474
1436,90.06,64.78000001220703,37.36666651407877
1437,92.19,68.77999997558594,37.46666660563151
1439,92.48,68.45999986572265,40.89999987792969
1440,92.25,64.40000001220703,32.93333332316081
1441,86.76,55.13999993896484,26.299999938964845
1442,75.51,46.83999996337891,15.199999972025553
1443,91.36,66.46000002441406,38.79999996948242
1444,90.44,64.89999998168945,38.799999877929686
1445,92.92,68.9600000366211,42.93333331298828
1446,93.04,70.44,42.799999877929686
1447,89.51,64.63999998779298,35.86666658528646
1448,79.92,50.499999975585936,20.933333338419597
1449,91.95,67.59999986572265,41.2333332824707
1450,92.83,70.50000006103515,42.66666654459635
1451,92.81,69.1600000366211,43.633333384195964
1452,87.21,58.62000003662109,29.100000010172526
1453,92.1,68.24000002441406,40.89999994913737
1454,91.54,64.98000002441407,36.399999959309895
1455,91.08,65.56000003662109,37.566666717529294
1456,87.09,56.600000006103514,30.933333353678385
1457,92.4,67.71999996337891,38.63333317057292
1460,92.08,68.48000004882813,41.233333201090495
1461,91.64,66.75999990234375,40.199999857584636
1463,90.51,66.4799999633789,37.63333322143555
1464,91.34,65.66000000610352,37.39999984741211
1465,87.94,62.75999996948242,32.69999983723958
1466,87.79,60.219999981689455,32.76666664632162
1468,87.96,59.759999993896486,25.466666575113933
1470,89.74,64.49999995117187,37.133333323160805
1471,91.36,65.22000000610352,32.866666727701826
1473,90.98,65.59999986572265,36.56666663614909
1474,88.79,63.54000001220703,34.233333262125655
1475,92.02,67.14000002441406,39.66666657511393
1476,86.52,53.21999999389649,26.53333336385091
1477,54.06,11.22,10.933333324432374
1478,87.59,58.11999994506836,30.933333251953126
1479,92.15,68.28000003662109,40.53333331298828
1480,88.64,62.38,32.43333331298828
1481,87.14,58.45999995117187,28.366666631062827
1482,83.99,55.83999994506836,21.333333323160808
1483,89.04,63.060000012207034,33.566666646321615
1484,89.86,63.25999994506836,33.83333318074544
1485,92.58,67.47999992675781,40.39999989827474
1486,91.9,67.73999997558593,39.46666667683919
1487,92.14,68.64000003662109,42.69999996948242
1488,90.07,64.29999995117187,36.36666657511393
1489,92.55,68.44000004882813,42.03333327229818
1490,91.01,66.9600000366211,38.03333329264323
1491,92.78,68.26000006103516,40.06666654459635
1492,90.6,65.27999999389648,37.16666651407878
1493,91.79,68.14000004882813,41.16666661580404
1494,91.65,66.14000001220703,38.399999994913735
1495,88.19,61.399999975585935,31.53333329772949
1496,88.66,64.22000001220704,34.23333326721191
1497,86.29,58.15999998168945,28.299999994913737
1499,91.88,68.14000003662109,39.50000005086263
1500,91.06,66.13999992675781,30.699999928792316
1501,62.4,33.76000000610352,13.666666666666666
1502,90.35,65.9600000366211,36.49999986775716
1503,91.49,65.72000001220704,36.566666697184246
1504,88.9,62.81999998779297,31.999999857584637
1505,10.0,0.9999999988555908,0.8333333320617676
1506,92.3,68.29999995117187,39.26666651407878
1507,92.02,68.24000001220703,40.36666659545899
1508,88.51,61.44,22.166666681925456
1509,10.0,0.9999999996185303,0.8333333320617676
1510,91.74,67.11999995117188,39.033333363850915
1511,91.9,68.91999993896485,32.80000002034505
1512,91.27,64.60000000610351,36.66666656494141
1513,89.83,63.55999999389648,36.666666534423825
1514,93.2,69.14000004882813,43.63333322143555
1515,88.68,59.25999995117188,32.699999989827475
1516,92.11,67.98000004882813,39.73333334350586
1517,91.52,64.65999987792969,33.13333326212565
1518,87.64,59.71999991455078,31.299999994913737
1519,91.74,66.81999995117188,40.033333180745444
1520,86.67,58.30000001831055,28.399999908447267
1521,92.93,68.67999998779297,42.23333323160807
1522,79.04,50.17999993286133,21.16666665649414
1523,92.23,67.65999997558593,39.96666654459636
1524,91.23,64.65999997558593,33.13333323160807
1525,90.91,64.29999991455078,38.09999996439616
1526,89.65,63.359999926757816,34.733333262125655
1527,92.93,70.03999992675782,44.86666659545899
1528,80.04,49.999999969482424,21.933333277384442
1529,92.31,67.89999991455078,40.799999938964845
1530,92.93,68.7999998779297,44.533333180745444
1531,85.68,50.85999998779297,26.733333318074543
1532,90.62,65.18000002441406,36.7333332824707
1533,85.28,51.18,26.899999959309895
1534,69.24,39.90000001831055,13.733333282470703
1535,88.25,61.81999995727539,30.43333319091797
1536,90.67,66.07999995727539,39.49999993896484
1537,92.02,68.1600000366211,38.36666670735677
1538,91.34,66.22000002441406,40.666666717529296
1539,68.34,39.27999993896484,13.233333323160807
1540,86.8,55.41999992675781,28.000000015258788
1541,92.64,68.44000004882813,41.79999997965495
1542,67.82,37.7199999633789,15.466666646321615
1543,92.06,66.74000000610351,39.500000040690104
1544,92.27,68.53999998779297,42.73333336385091
1545,92.02,68.07999996337891,38.59999989827474
1546,70.06,40.820000024414064,13.433333302815756
1547,90.08,66.12000004882813,37.933333231608074
1548,92.33,69.35999987792968,40.76666657511393
1549,86.7,58.04000002441406,28.43333331298828
1550,89.16,60.55999998779297,34.933333302815754
1551,84.14,57.219999981689455,24.96666660563151
1552,88.6,62.83999994506836,31.9333332417806
1553,10.0,0.9999999996185303,0.8333333333333334
1554,86.17,55.37999994506836,27.099999944051106
1557,90.6,65.11999998779297,30.599999959309894
1558,89.59,63.69999996337891,33.99999988810222
1559,92.02,68.02000006103516,37.499999908447265
1560,10.0,0.9999999996185303,0.8333333314259846
1561,87.24,55.67999999389649,28.099999969482422
1562,10.0,0.9999999996185303,0.8333333320617676
1563,91.53,66.48000000610351,37.09999988810221
1564,93.06,69.59999992675782,43.03333322143555
1565,86.64,58.559999951171875,27.499999984741212
1566,91.74,67.63999992675781,39.2333332824707
1567,92.5,67.72000004882813,41.79999983723958
1568,91.94,67.17999991455078,38.73333317057292
1569,90.29,63.47999995117188,36.599999928792315
1570,60.12,32.51999997558594,12.966666664123535
1571,91.23,65.71999993896485,33.79999990844727
1572,93.09,69.65999997558593,42.66666654459635
1573,93.28,68.84000000610351,42.36666663614909
1574,86.8,57.82000000610351,28.366666615804036
1575,92.33,68.61999987792969,42.66666657511393
1576,91.86,66.95999993896484,38.10000001017253
1578,92.32,69.81999998779297,44.500000020345055
1579,91.11,65.73999997558593,36.39999996948242
1580,91.32,67.03999998779297,39.066666697184246
1581,91.57,65.53999991455078,37.599999969482425
1582,68.77,40.100000006103514,13.899999969482423
1583,93.74,71.57999990234374,44.433333302815754
1584,92.36,67.73999991455078,39.89999990844726
1585,93.39,70.60000006103516,42.09999983723959
1586,61.93,13.779999992370605,14.700000010172525
1587,92.62,69.09999989013671,41.366666687011715
1588,91.16,67.47999993896484,38.699999928792316
1589,84.5,57.159999993896484,16.666666633605956
1590,91.94,67.45999993896484,38.2
1591,84.94,54.09999998779297,25.799999964396157
1592,87.07,56.62000000610352,29.066666600545247
1593,88.94,61.81999993896484,31.5333332417806
1594,88.97,63.35999996948242,32.900000010172526
1595,88.95,61.50000004882813,32.499999969482424
1596,91.04,65.30000001220704,37.599999979654946
1597,91.5,66.26000001220703,37.39999996948242
1598,87.28,56.42,30.36666665649414
1599,88.97,65.14000000610352,33.90000006103516
1600,81.05,55.81999993896484,20.733333267211915
1601,86.33,58.57999991455078,29.133333272298177
1602,88.31,61.359999981689455,31.699999918619792
1603,92.85,69.53999995117188,44.13333329264323
1605,91.01,66.28000003662109,39.60000001017253
1606,89.6,64.27999997558594,33.53333326212565
1607,90.05,65.53999995117188,35.69999994913737
1608,89.84,64.89999998779297,36.36666669718424
1609,90.35,65.31999993896484,35.93333333333333
1610,86.61,58.05999996337891,27.46666665649414
1611,90.91,65.57999998779297,37.29999991861979
1612,92.85,69.05999995117187,40.79999985758464
1613,92.32,68.43999996337891,40.76666664632162
1614,91.45,66.83999986572266,39.53333332316081
1615,89.24,63.820000036621096,34.13333326212565
1616,89.57,64.2400000366211,34.033333363850915
1617,93.49,70.12000002441407,43.76666668701172
1618,72.0,49.73999993896484,19.86666665140788
1620,85.87,55.92,28.83333331298828
1621,93.07,70.3199999633789,44.533333180745444
1622,88.85,61.999999963378905,30.133333287556965
1623,91.75,66.85999999389648,39.89999990844726
1624,88.9,62.19999996948242,32.566666585286455
1625,91.31,67.29999999389648,40.7
1626,92.44,69.12000004882813,42.20000003051758
1627,89.64,64.08000003662109,35.83333319091797
1628,88.03,61.519999993896484,31.13333334350586
1629,76.01,46.84000001220703,15.633333302815755
1630,91.67,66.90000001220703,40.266666666666666
1631,89.46,64.70000000610352,34.833333333333336
1633,85.4,52.59999999389648,26.133333333333333
1634,89.29,62.500000036621095,33.66666662597656
1635,88.05,58.91999996948242,30.233333312988282
1636,92.65,69.60000004882812,42.30000005086263
1637,86.96,57.90000002441406,27.733333333333334
1638,91.69,68.2400000366211,41.73333317057292
1639,91.19,64.26,33.43333336385091
1640,91.17,66.85999997558594,38.33333323160807
1642,88.95,63.61999994506836,32.79999997965495
1643,91.8,67.15999993896484,37.1333332417806
1644,89.06,62.69999996948242,31.7333332417806
1645,90.25,66.28,37.03333320109049
1647,92.27,69.6800000366211,40.199999877929685
1648,90.92,65.61999992675781,37.16666668701172
1649,91.79,67.20000002441407,38.366666676839195
1650,90.65,62.640000024414064,36.266666666666666
1651,10.0,0.9999999996185303,0.8333333314259846
1652,91.22,65.59999998779297,36.19999997965495
1655,78.69,49.74,19.09999994913737
1656,93.69,71.29999998779297,44.20000005086263
1657,92.0,67.33999991455079,39.03333320109049
1658,93.22,68.25999998779297,42.99999991861979
1659,92.42,68.4,40.69999988810221
1660,75.43,46.399999981689454,15.999999979654948
1661,91.88,67.10000006103516,39.999999908447265
1662,91.45,66.42000003662109,36.20000002034505
1663,90.01,65.45999994506836,37.03333326212565
1664,90.76,62.56,33.8
1665,86.69,53.27999997558594,26.299999964396157
1666,90.95,64.06000002441407,36.96666659545898
1667,86.11,52.16000002441406,27.36666659037272
1668,92.29,68.48000000610351,43.86666670735677
1669,93.83,70.08000003662109,43.53333334350586
1670,87.45,57.600000024414065,31.59999991861979
1671,87.69,57.13999992675781,31.200000010172527
1672,68.19,39.00000001220703,13.399999987284342
1673,90.86,66.65999993896484,37.533333241780596
1674,90.74,66.19999991455079,36.66666660054525
1675,88.52,61.90000002441406,31.966666666666665
1676,69.1,40.23999998168945,13.36666665395101
1677,54.67,28.75999998474121,10.366666666666667
1678,91.98,66.63999993896485,39.43333321126302
1679,92.07,67.73999991455078,39.233333384195966
1680,91.83,67.12000001220703,39.333333170572914
1681,91.74,67.01999997558593,40.79999992879232
1682,92.33,68.03999995117188,38.70000004069011
1683,92.37,69.06000000610352,42.66666661580404
1684,90.97,65.75999998168945,36.399999959309895
1685,85.81,51.67999993896484,27.899999979654947
1686,91.19,65.46000004882812,39.20000004069011
1687,92.01,68.13999993896485,40.70000005086263
1688,90.3,63.98000001220703,35.93333327229818
1689,90.96,65.18000004882812,36.66666663614909
1690,86.54,58.33999992675781,28.800000010172525
1691,91.27,66.75999996948242,38.0
1692,91.95,67.31999998779297,38.80000005086263
1693,91.95,67.79999995117187,40.999999959309896
1694,75.58,46.39999998779297,15.866666646321615
1695,84.93,50.479999938964845,27.133333251953125
1696,78.98,43.97999998779297,22.066666666666666
1697,91.95,68.83999993896484,41.23333330281576
1698,92.17,67.7999999267578,38.76666650390625
1699,91.58,66.90000004882812,37.29999993387858
1700,85.34,57.77999993896484,23.66666668701172
1701,91.9,67.89999993896484,40.49999989827474
1702,88.81,61.29999996337891,31.86666659037272
1703,88.5,63.82000000610351,34.03333335367839
1704,92.11,67.47999991455079,39.69999994913737
1705,89.09,62.78000001220703,32.26666667683919
1706,92.3,67.62000002441407,40.73333323160807
1707,91.91,67.67999993896484,39.5999999593099
1708,92.23,68.66000001220704,40.76666650390625
1709,88.26,61.31999998779297,32.29999991861979
1710,89.72,66.97999997558594,38.36666665649414
1711,86.93,57.899999975585935,28.599999994913738
1712,86.55,56.099999951171874,28.099999989827474
1713,90.78,63.620000048828125,28.299999923706054
1714,90.62,63.700000061035155,36.900000030517575
1715,88.58,63.40000001220703,34.26666662597656
1717,69.75,41.14000001220703,13.699999974568685
1718,89.63,63.03999991455078,34.9000000406901
1719,87.04,59.199999951171876,28.96666660054525
1720,91.09,65.74000001220703,36.03333320109049
1721,90.66,64.77999998168946,38.09999993387858
1722,80.37,50.13999997558594,17.23333329772949
1723,90.34,64.89999998779297,36.83333336385091
1725,91.0,65.9399998779297,37.43333334350586
1726,90.34,63.159999938964845,37.46666666666667
1727,82.49,41.07999994506836,25.599999969482422
1728,84.69,54.99999995117187,25.833333323160808
1730,86.71,53.93999996948242,27.23333329772949
1732,88.72,62.37999996337891,32.63333322143555
1733,92.32,67.7,40.2333332824707
1735,87.59,60.55999992675781,28.033333292643228
1736,92.59,67.80000002441406,41.833333333333336
1737,70.25,39.38000001831055,13.599999954223632
1738,90.2,62.87999998168945,36.43333339436849
1739,86.63,58.81999998779297,25.033333292643228
1740,91.81,67.87999986572265,40.03333317057292
1741,89.84,64.85999993896485,36.93333327229818
1742,93.4,69.87999991455078,45.23333321126302
1743,87.3,57.75999991455078,29.099999933878582
1744,89.19,62.41999999389648,31.1666665242513
1745,93.3,69.12000002441407,44.89999998982747
1746,58.58,31.679999957275392,12.53333331044515
1747,92.26,67.1000000366211,38.13333336385091
1748,87.6,58.05999999389648,31.666666676839192
1749,92.56,69.57999986572266,41.933333170572915
1750,88.64,62.01999997558594,34.49999996439616
1751,89.73,63.96,33.933333231608074
1752,89.49,64.76000002441407,37.06666668701172
1753,91.7,67.21999987792968,38.96666659545898
1754,80.4,50.479999993896485,20.566666610717775
1755,86.4,58.55999998168945,28.533333272298176
1756,90.4,63.43999994506836,33.33333325195313
1757,87.73,59.15999997558594,32.99999996439616
1758,92.22,69.01999986572265,42.03333321126302
1759,90.75,64.95999995727539,36.63333336385091
1760,91.07,66.02000006103516,38.099999928792315
1761,84.93,53.04000001220703,25.23333336385091
1762,92.9,68.20000001220703,41.133333312988285
1763,91.87,68.31999987792969,40.46666655476888
1764,91.37,66.82000006103516,38.999999837239585
1765,58.44,11.119999995422363,14.166666633605956
1766,91.71,65.81999991455078,40.200000061035155
1767,84.07,57.16000002441406,17.69999996693929
1768,73.37,44.00000001220703,14.366666676839193
1769,92.06,68.17999998779297,39.73333330281576
1770,89.34,63.06,23.83333327738444
1771,84.88,56.94000001831055,17.733333353678386
1772,92.15,68.49999998779298,41.90000005086263
1773,90.73,65.01999997558593,36.46666666666667
1774,10.0,0.9999999996185303,0.8333333333333334
1775,92.62,67.73999999389649,39.03333326212565
1776,75.72,46.100000024414065,16.23333332824707
1777,82.96,55.16000001220703,22.333333302815756
1778,91.96,67.35999999389648,37.56666659545898
1779,87.15,57.699999938964844,22.866666625976563
1780,91.79,67.07999991455078,38.33333326212565
1781,90.22,64.71999991455078,32.70000002034505
1782,80.22,50.91999999389648,21.400000005086262
1783,92.46,68.29999991455078,41.36666657511393
1784,87.86,58.439999938964846,17.733333312988282
1785,86.65,58.25999996337891,28.233333348592122
1786,92.18,69.35999999389648,36.0666665242513
1787,75.58,46.62000000610352,15.766666676839193
1789,91.44,66.9599999633789,39.199999938964844
1790,91.03,65.77999991455079,37.166666524251305
1791,91.17,65.85999992675781,38.69999983723958
1793,92.47,69.51999997558593,40.33333326212565
1794,90.04,64.55999990234375,35.9666665242513
1795,91.93,68.83999991455079,39.53333333333333
1796,92.07,67.6200000366211,38.89999998982747
1798,76.33,46.520000006103515,15.833333302815754
1799,92.26,67.82,39.466666625976565
1800,79.94,44.659999951171876,25.933333323160806
1801,90.99,65.31999991455078,37.36666653442383
1802,76.77,44.53999996948242,20.666666585286457
1803,76.08,47.51999997558594,15.699999989827473
1804,88.77,62.3999999633789,33.06666655476888
1805,91.67,66.96000002441406,39.566666697184246
1806,92.38,69.88000001220703,42.633333180745446
1808,91.1,65.2599999633789,37.599999918619794
1809,92.24,67.08000001220704,38.96666670735677
1810,93.0,70.06000003662109,41.66666661580404
1811,90.74,65.19999987792968,38.69999983723958
1812,92.55,68.49999997558594,41.73333336385091
1813,91.84,66.64000001220703,38.60000006103515
1814,89.57,65.41999989013672,34.06666662597656
1815,92.09,67.49999995117187,38.16666654459635
1816,92.53,68.64000004882813,42.099999908447266
1817,88.1,60.259999975585934,31.39999996439616
1818,93.58,70.39999995117188,43.833333353678384
1819,91.91,66.99999996337891,39.833333333333336
1820,92.12,68.62000000610351,39.49999998982747
1821,91.92,67.6599999267578,41.93333336385091
1822,91.12,64.66,36.933333231608074
1823,92.99,69.81999991455078,42.59999983723959
1824,92.86,69.28000000610352,41.16666654459635
1825,92.91,69.02000006103516,42.06666653442383
1826,88.65,63.99999994506836,33.19999993387858
1827,92.0,67.43999997558593,40.4333332417806
1828,92.77,69.39999990234375,43.43333332316081
1829,73.59,44.53999995727539,15.033333328247071
1830,90.58,65.20000000610352,35.83333327229818
1831,74.69,46.91999993896484,14.799999966939291
1832,89.37,62.35999999389649,33.3666665242513
1833,90.11,62.17999999389649,35.000000030517576
1834,92.55,68.57999986572266,39.7333332824707
1835,39.13,15.719999993896485,16.699999979654947
1836,92.25,67.62000004882813,38.6
1837,90.04,63.97999992675781,35.433333231608074
1838,83.47,56.65999998168945,22.733333282470703
1839,87.86,57.45999994506836,29.033333302815755
1841,89.51,64.15999995727539,33.899999959309895
1842,93.53,70.81999993896484,43.333333170572914
1844,89.66,63.980000048828124,35.69999996948242
1845,92.4,68.79999989013672,43.96666672770182
1846,90.22,63.819999963378905,36.89999986775716
1847,90.56,66.77999986572266,38.16666663614909
1849,10.0,0.9999999992370605,0.8333333326975505
1850,89.56,64.04000001220703,36.23333323160807
1851,10.0,0.9999999992370605,0.8333333326975505
1852,10.0,0.9999999988555908,0.8333333320617676
1853,91.44,65.5200000366211,37.16666656494141
1854,91.67,66.69999997558594,39.866666676839195
1855,79.22,50.03999995117187,21.933333277384442
1857,82.38,54.339999932861325,20.533333318074543
1858,92.0,68.49999990234375,42.8666667175293
1859,91.74,65.94000001220704,36.833333170572914
1860,86.83,58.15999995727539,28.866666697184243
1861,90.11,62.380000006103515,36.96666667683919
1862,90.84,65.07999997558593,35.899999888102215
1863,86.87,58.119999938964845,27.399999954223635
1864,91.25,65.98000004882813,35.833333170572914
1866,87.45,59.23999996337891,28.799999989827473
1867,88.69,63.22,34.29999983723958
1868,92.27,68.09999986572265,39.066666514078776
1870,88.13,60.69999996948242,34.93333336385091
1871,82.34,53.68000002441406,20.966666585286458
1872,86.73,58.56000001831055,29.199999857584636
1873,92.02,67.13999992675781,39.9000000406901
1874,85.56,57.62000002441406,16.933333315531414
1875,91.01,65.56000003662109,37.70000001017252
1876,89.91,64.79999999389648,36.46666665649414
1878,89.93,64.87999998779297,34.99999989827474
1879,88.27,61.63999999389648,30.53333331298828
1880,91.89,68.81999995117188,42.06666668701172
1881,61.05,32.999999963378905,13.733333348592122
1882,88.63,62.839999993896484,30.933333287556966
1883,91.65,67.05999992675781,39.833333221435545
1884,91.24,65.7,38.233333384195966
1885,69.03,40.13999995117187,13.533333315531413
1886,93.16,68.85999992675781,44.43333322143555
1887,89.99,63.759999993896486,35.93333339436849
1888,91.71,67.77999992675781,42.86666666666667
1889,85.38,57.27999995727539,23.40000001525879
1890,77.38,43.51999996948242,21.433333282470702
1891,89.26,64.55999997558594,34.79999990844727
1892,92.51,67.93999996337891,41.86666653442383
1893,92.9,69.13999998779298,42.466666514078774
1894,92.3,67.6999999633789,39.23333334350586
1895,91.82,67.50000002441406,38.63333323160807
1898,92.08,67.07999998779297,39.79999986775716
1899,92.59,68.37999999389649,39.099999989827474
1900,89.18,61.119999993896485,34.399999959309895
1901,92.04,67.63999997558594,39.900000010172526
1902,92.5,67.7599999633789,39.89999989827474
1903,90.15,63.79999990234375,33.433333292643226
1904,88.86,62.59999993896484,32.43333319091797
1905,85.8,57.53999995727539,24.46666659037272
1906,93.96,70.24000004882812,43.39999987792969
1907,88.58,61.579999975585935,33.033333267211916
1908,91.67,67.57999995117187,37.499999979654945
1909,92.44,67.6599999267578,39.73333318074544
1910,92.28,68.83999997558594,41.16666662597656
1911,10.0,0.9999999992370605,0.8333333314259846
1912,92.95,69.0400000366211,42.4666665242513
1914,89.25,64.84000004882813,34.59999989827474
1915,90.67,65.48000000610351,38.56666662597656
1916,92.16,67.82000001220703,41.39999993896485
1917,90.07,64.84000002441407,36.400000010172526
1918,88.48,62.05999993896484,31.366666727701823
1919,82.48,47.69999998168945,19.33333336385091
1920,92.25,68.3800000366211,40.800000061035156
1921,86.8,59.27999991455078,27.73333334350586
1922,67.34,39.80000000610352,13.399999997456868
1923,89.1,61.67999993896484,32.666666595458985
1924,88.77,61.10000006103515,21.066666600545247
1925,90.8,65.57999996337891,36.33333338419596
1926,92.64,70.18000004882812,42.233333394368486
1928,82.62,53.36000000610352,20.833333302815756
1929,82.09,52.91999996948242,20.49999994405111
1930,79.45,49.49999994506836,18.89999992879232
1931,88.41,60.71999995727539,32.59999986775716
1933,92.25,67.83999997558594,41.099999908447266
1934,92.91,68.72000006103515,40.89999998982747
1935,91.24,64.5200000366211,36.86666669718424
1936,92.46,68.25999992675781,41.033333302815755
1937,88.72,62.340000048828124,30.89999993387858
1938,93.11,69.45999989013671,42.86666658528646
1939,93.09,70.74000006103516,44.69999983723958
1940,82.28,55.03999995117187,20.73333336385091
1941,93.36,70.91999996337891,44.46666654459636
1942,79.96,49.26000002441406,20.766666666666666
1943,92.97,69.8999999633789,42.166666656494144
1944,86.12,55.35999998779297,25.633333287556965
1945,92.46,68.61999999389649,41.56666650390625
1946,76.0,47.01999998168945,15.733333282470703
1948,90.32,62.820000024414064,36.43333333333333
1949,87.13,59.499999981689456,26.566666661580403
1950,91.67,67.24000000610351,38.66666656494141
1952,92.47,67.68,40.80000002034505
1953,75.65,47.03999995117187,15.733333305358887
1954,89.46,62.30000000610352,36.366666554768884
1955,91.32,67.0599999572754,39.06666653442383
1956,90.27,63.71999994506836,35.39999998982747
1957,88.44,63.37999993896484,32.46666672770182
1958,91.92,66.6999999633789,38.36666665649414
1959,89.78,63.97999991455078,33.6
1961,92.45,68.48000006103516,41.566666646321615
1962,86.44,58.65999996948242,28.06666660563151
1963,93.54,70.7400000366211,44.500000020345055
1964,92.06,67.2600000366211,40.43333337402344
1965,93.7,70.75999986572266,44.66666654459635
1966,91.69,67.46000006103516,40.63333333333333
1967,90.13,64.21999993896485,35.399999888102215
1968,93.0,69.2600000366211,43.533333374023435
1969,91.82,68.77999987792968,36.73333319091797
1970,92.73,69.54000006103516,43.033333251953124
1971,73.09,43.91999999389648,15.166666681925456
1972,88.51,61.39999998779297,23.999999938964844
1973,91.61,67.23999998779297,38.93333334350586
1974,88.66,61.50000001220703,29.6666666208903
1975,92.57,68.27999999389648,42.299999888102214
1976,91.91,68.17999992675782,41.66666651407878
1977,86.19,58.35999993896484,27.833333333333332
1978,84.78,54.600000018310546,25.93333334859212
1979,92.07,68.16,40.3000000406901
1980,80.15,50.579999993896486,21.166666625976564
1981,92.17,68.42000002441407,40.89999998982747
1982,90.53,67.05999992675781,37.49999998982747
1983,92.11,68.45999987792969,42.03333317057292
1984,91.76,68.81999998779297,43.96666666666667
1985,90.31,63.71999993896485,36.966666697184245
1986,91.98,67.35999993896485,41.566666707356774
1987,88.46,60.83999996948242,31.866666600545248
1988,85.26,52.13999999389648,23.63333331298828
1989,89.25,64.14000003662109,33.800000010172525
1990,78.17,43.279999963378906,22.800000005086265
1991,91.44,66.53999998168945,38.13333334350586
1992,92.08,67.66000002441406,39.500000020345055
1993,88.85,62.459999963378905,31.66666660054525
1994,89.77,66.98000006103516,37.499999959309896
1995,86.38,58.17999994506836,28.1333332824707
1996,92.06,67.67999998779297,38.83333329264323
1997,91.1,65.42000004882813,36.166666534423825
1998,69.42,40.23999993286133,14.73333332824707
1999,88.74,62.69999995727539,32.56666672770182
2000,91.72,66.57999998779297,38.633333323160805
2001,86.54,55.599999963378906,28.299999908447266
2002,88.71,61.519999993896484,31.833333328247072
2003,80.77,51.36000001220703,17.79999998219808
2004,91.97,67.27999991455079,38.99999991861979
2007,88.05,61.86000002441406,29.166666697184244
2009,89.8,64.07999997558593,34.033333241780596
2010,92.15,67.72000003662109,41.20000004069011
2011,92.79,69.44000006103515,43.933333170572915
2012,91.41,67.85999995117187,36.23333317057292
2013,93.75,70.61999990234375,44.833333282470704
2014,91.19,66.57999996337891,37.833333282470704
2015,91.24,65.20000003662109,38.23333337402344
2016,92.74,69.10000004882812,42.100000040690105
2017,87.8,57.29999998168945,32.96666658528646
2019,88.75,62.40000000610352,30.666666676839192
2020,88.64,62.04,32.63333335367839
2021,88.16,61.77999999389648,32.73333335367838
2022,92.12,66.85999997558594,39.89999987792969
2023,91.4,66.58000002441406,39.60000003051758
2024,86.88,56.87999996337891,28.86666665649414
2025,91.72,68.20000004882813,40.10000006103515
2026,92.16,68.80000000610352,42.433333302815754
2027,85.96,54.49999993286133,26.13333327738444
2028,85.89,54.52,25.866666610717772
2029,92.34,68.52000004882812,42.633333312988285
2031,90.74,66.9399999267578,37.133333272298174
2032,92.44,67.12000001220703,36.499999969482424
2033,88.81,62.380000012207034,29.733333353678386
2034,92.01,68.7,42.766666605631514
2035,89.72,63.979999938964845,33.83333319091797
2036,86.18,52.35999995727539,23.533333282470704
2038,91.55,66.28000002441406,40.13333337402344
2039,87.2,56.89999995117188,31.533333353678387
2040,88.37,62.08,31.93333319091797
2041,86.66,55.2199999633789,27.933333287556966
2042,84.93,56.87999993896484,16.6333332824707
2043,88.3,59.11999995117188,33.29999998982748
2044,92.52,69.05999986572266,40.39999991861979
2045,89.78,63.77999999389648,34.333333333333336
2046,90.99,66.42000004882813,37.59999993896484
2047,91.85,67.81999986572265,39.866666544596356
2048,92.91,68.81999986572265,42.43333318074544
2049,92.49,68.31999995117188,42.966666514078774
2050,10.0,0.9999999992370605,0.8333333314259846
2051,10.0,0.9999999992370605,0.8333333320617676
2052,90.4,64.85999995117187,37.133333384195964
2054,90.2,62.779999951171874,36.16666657511393
2055,92.13,66.73999995117188,38.633333180745446
2056,90.1,63.86,33.53333319091797
2057,92.0,67.72000000610352,39.23333334350586
2058,93.17,70.01999996337891,42.2666665242513
2059,91.42,64.65999995117187,36.933333170572915
2060,89.11,62.32000000610351,34.29999998982748
2061,89.96,63.420000006103514,33.63333334350586
2062,89.15,61.799999993896485,34.06666665649414
2063,88.62,62.67999999389649,32.73333332824707
2064,91.9,67.23999998779297,38.46666665649414
2065,90.19,64.74,34.599999857584635
2067,81.8,53.93999995727539,21.066666615804035
2068,91.53,68.10000004882812,37.09999993387858
2069,92.09,69.30000004882812,41.76666665649414
2070,88.98,62.72000002441406,32.83333326721191
2071,92.59,67.63999991455078,38.766666605631514
2072,80.51,50.83999992675781,20.299999994913737
2073,91.81,68.18000006103516,41.23333331298828
2075,93.11,68.93999998779297,45.099999857584635
2076,88.35,62.09999994506836,32.333333221435545
2077,92.56,69.14,41.833333343505856
2078,91.31,65.57999993896485,35.89999986775716
2079,90.93,65.3799999633789,36.93333336385091
2080,91.52,66.13999996337891,38.366666727701826
2081,88.3,60.33999998168945,32.49999992879232
2082,92.54,69.31999992675782,41.233333221435544
2084,75.56,47.78000000610351,15.566666615804037
2085,91.21,67.42000000610352,35.000000030517576
2086,92.03,68.07999993896485,38.53333320109049
2087,91.31,66.05999998779296,38.133333312988285
2088,89.24,62.09999998168945,36.233333221435544
2089,90.03,65.00000002441406,36.399999837239584
2090,87.0,58.01999991455078,27.866666631062827
2091,92.6,68.22000002441406,42.633333323160805
2092,87.8,61.95999992675781,28.93333326212565
2093,89.51,64.98,36.599999969482425
2094,88.42,62.439999926757814,32.599999908447266
2095,89.25,64.8,34.76666658528646
2096,91.88,67.44000002441406,41.8666665242513
2097,75.77,47.100000006103514,16.36666665140788
2098,90.57,66.22000002441406,40.06666667683919
2099,92.55,69.33999986572266,42.26666657511393
2100,91.76,67.61999999389649,38.80000005086263
2101,75.12,47.21999999389649,15.466666666666667
2102,93.35,70.3799999633789,42.9666667175293
2103,92.6,67.02000006103516,40.56666667683919
2104,90.27,63.70000004882812,35.86666669718424
2106,87.71,59.679999969482424,17.800000020345053
2108,89.79,62.02000003662109,35.39999992879232
2109,88.35,62.579999975585935,32.89999994913737
2110,86.2,55.49999993286133,25.49999993387858
2111,85.25,53.87999995727539,26.9666666208903
2112,90.01,66.36,38.29999983723958
2113,91.84,67.12000001220703,39.300000061035156
2114,92.02,67.22000002441406,39.43333318074544
2115,82.43,54.339999993896484,20.933333297729494
2116,91.52,67.89999993896484,41.49999987792969
2117,88.29,61.17999995117187,24.666666641235352
2118,86.8,58.2199999633789,25.666666681925456
2119,84.7,56.52000002441406,15.633333307902019
2120,87.38,56.48000002441406,31.766666676839193
2121,93.44,69.76000004882812,44.733333333333334
2122,91.07,66.8399999633789,38.366666554768884
2123,92.67,68.4599999633789,43.83333321126302
2124,75.37,46.279999969482425,15.966666625976563
2125,79.76,49.880000006103515,18.933333251953126
2127,91.58,68.25999989013673,38.133333201090494
2128,88.54,62.40000000610352,33.06666665649414
2129,92.04,68.59999995117188,38.96666655476888
2130,90.99,64.7,20.666666625976564
2131,80.54,51.71999999389649,16.69999996439616
2132,86.42,57.939999938964846,28.433333267211914
2133,88.55,60.95999998168946,20.69999994913737
2134,86.76,58.459999963378905,27.866666661580403
2135,90.97,65.92000002441407,38.20000003051758
2136,93.02,69.45999993896484,41.066666707356774
2137,89.81,64.57999996948242,32.933333292643226
2138,77.22,39.95999998168946,19.733333323160807
2139,90.38,66.70000001220703,36.999999969482424
2140,90.81,65.08000001220704,37.5
2141,88.6,61.95999994506836,32.866666600545244
2143,89.69,64.74000000610351,34.69999999491374
2144,88.85,62.72000006103516,35.333333257039385
2145,90.19,64.38,33.433333282470706
2146,92.66,67.59999993286132,38.96666666666667
2147,89.75,67.14000001220703,39.39999989827474
2148,10.0,1.0,0.8333333320617676
2149,92.41,70.15999995117187,44.46666670735677
2150,87.99,61.500000024414064,33.066666585286455
2151,92.22,67.83999997558594,38.46666660563151
2152,86.28,57.980000006103516,28.89999994913737
2153,91.54,65.25999999389649,36.93333339436849
2154,90.77,64.53999999389649,32.699999964396156
2155,74.49,44.999999981689456,15.533333297729492
2156,90.71,66.32000006103516,37.633333272298174
2157,87.44,59.32000000610351,27.66666660563151
2158,92.27,68.83999996948242,42.633333180745446
2159,94.17,71.50000003662109,45.29999995930989
2160,90.71,66.93999995117187,36.966666636149085
2161,87.7,56.69999992675781,31.33333336385091
2162,93.79,70.25999991455078,44.36666670735677
2163,91.49,66.89999998168945,38.366666564941404
2164,88.88,63.94,33.49999994913737
2165,92.53,68.54000004882812,41.50000001017253
2166,91.45,67.1799999633789,39.13333337402344
2168,89.16,64.21999987792968,34.60000006103515
2169,91.65,68.28000003662109,38.69999996948242
2170,92.49,70.01999998779297,43.29999997965495
2171,88.63,62.039999963378904,32.766666666666666
2172,91.65,66.71999992675781,39.499999837239585
2173,92.02,68.16000004882812,40.16666670735677
2174,92.25,69.38,43.23333321126302
2175,90.37,64.42,33.400000010172526
2176,75.4,46.07999995117188,16.366666666666667
2177,60.95,34.68000000305176,14.700000015258789
2178,92.3,67.02000001220703,40.03333317057292
2179,85.04,51.55999997558594,22.466666681925457
2180,90.2,64.81999991455078,36.500000030517576
2181,75.7,47.51999996337891,16.199999994913735
2182,88.04,62.479999938964845,33.066666707356774
2183,91.43,66.82000006103516,37.33333339436849
2184,88.35,60.27999997558594,21.166666671752928
2185,90.86,65.59999995117188,37.46666660563151
2186,84.15,54.840000006103516,25.433333333333334
2187,93.49,69.21999991455078,42.566666697184246
2189,91.08,65.81999991455078,35.966666600545246
2190,56.58,31.739999990844726,12.89999998474121
2191,85.93,58.08000002441406,28.033333302815755
2192,92.37,67.67999987792969,39.69999994913737
2193,91.73,67.49999998168946,38.29999997965495
2194,88.48,62.5,31.19999996439616
2195,77.02,41.85999995117187,21.49999994913737
2196,86.56,58.320000036621096,28.666666661580404
2197,93.04,69.51999987792969,44.89999998982747
2198,87.62,59.17999995117187,30.33333325703939
2200,89.58,64.16000004882812,32.333333221435545
2201,90.65,65.40000006103516,34.9666665242513
2202,91.42,64.94000001220704,38.20000004069011
2203,90.69,64.83999998168946,38.16666663614909
2204,86.14,53.839999951171876,26.93333334859212
2205,80.24,46.719999975585935,16.89999994913737
2206,68.4,39.59999999389648,12.900000015258788
2207,91.82,67.11999991455077,38.499999908447265
2208,91.95,67.23999992675782,39.46666661580404
2211,86.44,57.41999997558594,29.766666524251303
2213,93.18,69.57999991455078,46.366666554768884
2214,90.09,64.24000002441406,35.46666666666667
2215,89.91,65.02000000610352,36.89999991861979
2216,88.79,62.199999951171876,32.69999983723958
2218,90.28,63.91999993896484,35.366666564941404
2219,91.37,65.63999996337891,36.66666658528646
2220,79.8,49.37999997558594,17.366666661580403
2221,89.28,64.14000001220703,35.999999837239585
2222,86.5,58.52000002441406,28.733333282470703
2223,90.76,62.74000003662109,32.233333297729494
2224,93.16,69.81999993896484,44.33333329264323
2225,93.65,70.76,44.30000005086263
2226,68.54,38.29999998168945,13.2666666208903
2228,91.29,65.66000002441406,37.199999857584636
2230,77.45,42.53999996948242,22.666666625976564
2231,92.07,70.03999986572266,44.23333321126302
2232,75.9,47.380000006103515,16.433333251953126
2233,88.68,64.25999997558594,33.833333282470704
2234,79.08,48.479999932861325,11.633333302815755
2236,91.48,67.52000002441406,34.233333394368486
2237,88.22,61.69999999389648,30.233333282470703
2238,92.59,70.53999987792969,44.20000002034505
2239,91.16,64.77999998168946,38.36666659545899
2240,92.02,67.82000002441406,39.29999989827474
2241,86.27,58.179999963378904,29.466666615804037
2242,91.28,64.54000000610351,40.066666514078776
2243,86.22,56.35999993286133,25.133333287556965
2244,85.25,53.399999981689454,26.566666697184246
2245,92.57,68.76000001220703,41.86666651407877
2247,89.12,64.58000000610352,36.199999989827475
2248,87.73,60.34000001831055,21.333333262125652
2249,89.45,65.5400000366211,36.10000003051758
2250,91.19,66.90000000610351,39.233333201090495
2251,83.09,52.77999998779297,22.400000005086262
2252,91.98,67.59999995117188,41.36666664632161
2253,88.84,64.38,33.99999985758463
2254,93.85,69.64000004882813,43.29999991861979
2255,91.97,67.09999996948243,39.000000040690104
2256,91.72,67.47999992675781,40.966666636149085
2257,93.59,70.43999986572265,43.89999992879232
2258,88.86,61.759999926757814,30.600000020345053
2259,90.6,66.49999987792968,37.29999996948242
2261,91.41,65.0,32.96666655476888
2262,91.17,65.68000001220703,37.23333325195313
2264,92.84,68.79999991455078,41.966666636149085
2265,86.67,58.11999995727539,28.366666615804036
2266,75.85,46.939999926757814,15.93333329264323
2267,85.98,54.199999951171876,30.23333327229818
2268,91.92,67.13999999389648,38.866666564941404
2269,93.07,68.94000004882813,43.0333332824707
2270,88.25,61.21999998779297,22.933333323160806
2271,86.99,60.50000001220703,26.89999991861979
2272,93.12,69.15999987792969,44.93333321126302
2273,92.25,68.20000004882813,41.13333333333333
2274,92.01,67.98000001220703,38.533333302815755
2275,92.49,67.63999995117187,40.33333318074544
2276,92.09,68.19999991455079,41.26666667683919
2277,89.7,65.64,35.400000020345054
2278,91.45,67.36000002441406,40.49999986775716
2279,86.66,58.11999998168945,28.366666636149088
2280,92.29,69.33999993896484,43.46666670735677
2281,92.17,67.01999993896484,38.20000004069011
2283,80.46,50.199999945068356,21.133333267211913
2284,10.0,0.9999999996185303,0.8333333333333334
2285,91.29,66.11999999389649,38.26666657511393
2286,86.93,57.85999995727539,28.39999991861979
2287,87.86,59.37999997558594,30.799999954223633
2288,90.42,63.719999975585935,34.099999969482425
2289,90.27,65.51999996337891,38.16666669718425
2290,89.26,64.91999991455079,36.06666667683919
2291,79.2,42.659999938964845,22.333333267211913
2293,79.22,50.24,19.000000010172528
2294,92.27,69.3000000366211,42.09999993896484
2295,92.82,68.19999986572266,40.46666654459636
2296,89.37,61.759999975585934,32.66666661580404
2297,90.08,66.52000006103516,37.59999986775716
2298,91.45,66.81999998779297,38.76666669718424
2299,70.9,38.119999993896485,17.833333297729492
2300,90.91,65.51999998779297,36.399999923706055
2302,92.43,68.37999995117187,40.23333337402344
2303,91.01,65.66000002441406,37.400000030517575
2304,86.82,57.95999992675781,27.733333287556967
2305,87.17,56.479999993896485,29.533333302815755
2306,87.22,57.320000024414064,31.233333353678386
2307,92.87,69.35999995117187,42.39999986775716
2308,87.33,57.239999951171875,29.73333326212565
2309,88.42,58.01999998779297,30.2333332417806
2310,92.02,67.14000002441406,39.43333333333333
2311,86.73,57.53999993286133,28.999999923706056
2312,88.96,60.59999992675781,30.833333297729492
2313,91.82,67.39999993896484,39.63333333333333
2315,87.67,60.03999995117187,33.66666660054525
2316,88.75,60.499999963378905,20.36666668701172
2317,90.25,65.14000002441406,38.533333302815755
2318,80.3,49.55999997558594,20.066666610717775
2319,89.94,64.89999998168945,35.49999998982747
2321,87.17,54.499999969482424,28.599999938964842
2322,91.47,65.75999997558594,37.433333302815754
2323,92.33,67.42000003662109,41.833333353678384
2324,92.69,69.18000002441406,42.23333318074544
2325,86.75,56.87999996337891,30.699999969482423
2326,91.85,66.77999991455079,38.599999969482425
2327,89.08,63.70000002441406,33.39999985758463
2328,89.13,62.37999996948242,33.333333343505856
2329,91.26,67.57999993896485,29.966666666666665
2330,90.24,63.900000036621094,37.29999996948242
2331,88.42,60.91999998779297,21.499999994913736
2332,89.52,63.45999997558594,33.76666653442383
2333,91.52,66.01999998779297,38.56666653442383
2334,88.03,60.599999969482425,21.400000010172526
2335,89.46,64.25999999389649,33.43333339436849
2336,75.88,47.039999981689455,16.09999999745687
2337,86.91,56.44000001831055,30.23333329264323
2338,91.23,66.78000003662109,37.13333333333333
2339,88.76,61.62,31.566666631062827
2340,78.83,45.200000006103515,21.633333318074545
2341,76.83,46.420000024414065,15.39999998474121
2343,92.69,68.63999991455078,41.99999993896484
2345,75.36,47.27999998779297,15.09999998219808
2346,92.41,68.72000001220704,39.89999991861979
2347,80.35,50.69999998779297,16.733333251953123
2348,87.27,56.07999996948242,30.333333287556965
2349,78.36,43.45999999389648,24.966666646321613
2350,89.28,62.679999969482424,34.09999993896484
2351,86.2,55.73999998168945,27.5666666208903
2353,92.51,67.13999986572266,40.80000005086263
2355,91.03,65.33999993896484,37.0666665242513
2356,89.91,65.06000004882813,35.3333332010905
2357,86.04,54.77999992675781,26.766666625976562
2358,91.15,67.29999998779297,38.83333336385091
2359,75.47,46.80000002441406,15.066666661580404
2360,92.81,68.77999989013672,42.799999877929686
2361,73.16,44.439999975585934,14.69999996439616
2362,76.0,46.239999957275394,15.49999996693929
2363,75.54,46.81999997558594,15.166666666666666
2364,91.17,66.96000004882812,37.56666655476888
2365,75.78,47.139999981689456,16.033333305358887
2366,90.7,65.34000003662109,38.66666658528646
2367,91.56,67.83999992675781,38.166666646321616
2368,91.41,65.61999998779297,35.9333332010905
2369,93.19,70.50000003662109,42.93333318074544
2370,92.69,68.61999993896484,42.266666666666666
2371,92.8,68.33999991455079,42.03333333333333
2372,91.04,66.68000001220703,38.19999989827474
2373,87.7,57.280000018310545,29.16666660054525
2374,91.27,67.13999992675781,40.09999993896484
2377,90.61,66.31999993896484,37.766666666666666
2378,86.67,53.740000006103514,27.333333282470704
2379,85.1,57.68000000610351,24.099999969482422
2380,89.71,65.47999993286133,37.76666670735677
2381,92.16,67.76,38.69999989827474
2382,10.0,0.9999999992370605,0.8333333314259846
2383,92.06,66.86000000610352,40.533333231608076
2384,10.0,0.9999999996185303,0.8333333326975505
2385,86.51,57.61999995727539,28.0666666208903
2386,92.17,68.45999991455078,42.199999928792316
2388,89.31,63.03999993896485,33.06666660054525
2389,92.64,68.41999986572266,41.63333330281576
2390,86.78,57.53999996948242,27.9333332417806
2391,87.26,57.87999995727539,31.999999837239585
2392,92.24,66.69999996948242,38.2666665649414
2393,90.93,64.81999995117188,33.333333343505856
2394,91.83,66.85999998779297,40.8333332417806
2395,89.0,61.75999991455078,35.16666657511393
2396,92.35,68.8799999633789,42.000000020345055
2397,89.85,63.43999996337891,33.89999994913737
2398,88.17,62.07999993286133,32.1999999593099
2399,75.93,47.179999981689456,15.733333315531413
2400,90.76,67.5200000366211,37.533333363850915
2402,89.12,64.14000001220703,35.39999998982747
2404,86.7,54.279999951171874,29.73333334350586
2405,92.34,68.08000006103515,40.433333282470706
2407,92.36,68.96000006103516,43.56666653442383
2408,68.99,38.339999932861325,15.499999994913736
2410,86.14,54.01999997558594,25.5666666208903
2411,89.19,63.699999951171876,34.89999991861979
2412,87.77,57.499999963378905,31.433333251953126
2413,90.21,65.41999986572266,35.699999867757164
2414,85.74,53.28,27.13333332824707
2415,75.67,46.199999951171876,15.999999972025554
2416,92.48,67.65999996337891,40.66666662597656
2417,86.45,58.29999991455078,27.599999954223634
2418,88.48,61.61999998168945,31.13333319091797
2420,91.14,66.0,36.73333331298828
2421,91.75,67.28000004882813,39.133333272298174
2422,91.65,67.84000006103516,40.03333339436849
2423,88.19,62.139999969482425,32.73333326721191
2425,91.06,66.54000000610351,38.83333319091797
2426,80.24,50.65999995727539,21.83333331298828
2427,91.06,64.79999996948243,35.7333332417806
2428,92.36,67.89999986572266,41.26666665649414
2429,91.97,69.51999986572265,40.99999985758463
2430,78.04,43.780000018310545,27.09999998474121
2431,89.02,62.05999998168945,31.733333251953123
2432,91.82,68.47999990234375,33.99999994913737
2433,92.41,68.1199999633789,39.166666595458985
2434,69.46,40.31999993286133,13.166666636149088
2435,91.72,64.73999986572265,35.900000030517575
2436,92.5,69.66000006103516,43.03333331298828
2437,87.43,57.16,32.6666666615804
2438,92.39,67.63999998779298,39.266666615804034
2439,90.96,65.11999999389649,37.26666663614909
2440,89.05,64.23999993896484,33.66666660054525
2441,92.19,67.1800000366211,39.199999877929685
2442,80.07,51.35999993286133,17.266666631062826
2443,88.56,62.69999998168945,32.86666657511393
2444,91.41,64.95999992675782,37.06666663614909
2445,89.07,62.75999991455078,33.29999985758464
2446,86.63,55.79999995727539,29.5333332417806
2447,88.62,61.719999981689455,31.76666665649414
2448,88.88,63.73999992675781,33.56666663106282
2449,90.8,65.57999996337891,38.39999991861979
2450,88.48,60.58000000610352,31.06666655476888
2451,83.82,55.320000024414064,26.16666659037272
2452,84.95,57.219999981689455,19.266666595458986
2453,75.43,46.519999938964844,15.633333287556965
2454,79.65,50.97999992675781,21.733333302815755
2455,87.91,59.779999963378906,30.899999959309895
2456,91.63,65.99999992675781,40.333333343505856
2457,89.79,63.83999995727539,34.500000040690104
2458,85.32,56.979999932861325,24.566666595458983
2459,84.49,49.500000024414064,21.966666595458985
2460,84.55,56.71999994506836,16.79999998219808
2461,91.83,67.39999993896484,37.83333329264323
2463,85.08,57.89999993896485,17.56666664123535
2464,91.95,67.03999986572266,39.033333241780596
2465,90.25,62.039999926757815,35.89999985758463
2466,88.09,50.91999993286133,17.866666646321615
2467,87.46,57.29999998168945,31.23333329772949
2468,84.48,57.55999992675781,23.499999923706056
2469,91.7,68.1200000366211,37.83333325195313
2470,90.97,65.75999992675781,36.89999993896485
2471,91.27,66.43999996337891,39.09999994913737
2472,93.7,70.36000003662109,43.633333272298174
2473,91.59,66.95999989013671,38.833333282470704
2474,87.99,58.55999996948242,33.10000003051758
2475,90.26,66.93999995117187,39.03333319091797
2476,92.85,70.1999999633789,44.96666655476888
2478,91.98,69.08000001220704,43.9666667175293
2479,91.34,65.43999996337891,36.39999993896485
2480,89.76,66.01999991455078,36.56666659545898
2481,86.77,58.419999963378906,28.46666660563151
2482,91.68,66.17999991455078,38.39999986775716
2483,79.85,48.899999993896486,19.39999991861979
2484,89.74,64.06000000610352,33.29999985758464
2485,86.8,58.05999997558594,28.433333221435547
2486,67.88,40.14000001220703,13.166666636149088
2487,91.53,68.36000006103515,30.53333334350586
2488,73.46,44.91999993896484,14.933333287556966
2489,90.76,66.02000000610352,38.066666707356774
2490,10.0,0.9999999996185303,0.8333333326975505
2491,90.16,63.37999999389648,33.09999988810221
2492,89.62,65.50000004882813,36.90000006103516
2493,86.65,58.15999996948242,28.266666620890298
2494,10.0,0.9999999996185303,0.8333333326975505
2495,91.73,67.63999996337891,38.46666654459636
2496,91.13,65.49999999389648,34.96666664632161
2497,92.65,68.7400000366211,40.83333318074544
2498,90.72,65.01999999389649,37.49999992879232
2499,92.22,68.73999993896484,42.666666666666664
2501,84.18,57.41999998168945,23.76666664123535
2502,73.71,44.17999994506836,14.399999959309897
2503,92.46,67.11999992675781,40.43333337402344
2504,92.59,66.54000004882812,38.866666676839195
2505,92.33,69.32000004882812,44.86666653442383
2506,93.32,70.19999991455079,44.46666665649414
2508,93.78,71.95999987792969,46.13333329264323
2509,56.54,30.15999998779297,11.699999972025553
2511,88.1,61.299999987792965,35.66666672770182
2512,87.7,57.859999975585936,30.833333221435545
2514,92.89,68.09999993896484,40.699999857584636
2516,90.53,64.33999998779296,35.96666658528646
2517,75.45,47.7199999633789,15.09999994913737
2518,86.35,57.819999969482424,29.03333326212565
2520,10.0,0.9999999996185303,0.8333333326975505
2521,90.98,66.37999995117187,38.73333330281576
2522,91.94,66.72000001220704,39.1999999593099
2523,91.48,66.82000006103516,39.23333321126302
2524,81.52,43.86000000610352,26.10000001525879
2525,91.39,68.0399999633789,38.86666664632161
2526,80.27,50.619999932861326,20.633333338419597
2527,90.44,64.15999995117187,34.533333251953124
2528,93.58,69.8999999633789,43.666666656494144
2529,91.46,67.88000002441406,38.86666653442383
2530,91.96,66.82000006103516,38.53333321126302
2532,92.81,68.57999991455078,43.33333326212565
2533,89.66,63.99999992675781,34.46666653442383
2534,88.8,62.0799999633789,32.76666655476888
2535,92.06,66.81999997558594,39.10000003051758
2536,92.05,67.28000004882813,40.33333319091797
2537,92.29,68.04000001220703,38.33333319091797
2538,93.45,72.36000006103515,46.56666665649414
2539,86.9,58.01999996337891,31.39999994913737
2540,88.7,62.36000000610352,32.666666524251305
2541,92.26,67.93999996337891,42.566666646321615
2542,10.0,0.9999999992370605,0.8333333333333334
2543,79.35,48.45999995117187,19.133333297729493
2544,87.64,57.59999992675781,31.16666659037272
2545,88.21,58.28,31.500000015258788
2546,90.9,65.30000002441406,35.999999959309896
2547,93.08,68.44000006103515,42.63333322143555
2548,76.08,46.939999993896485,15.43333332824707
2549,91.94,67.9399999267578,41.566666585286455
2550,90.73,65.31999986572265,37.43333327229818
2552,93.45,69.90000004882812,44.46666655476888
2555,89.41,64.07999999389648,33.33333329772949
2556,74.04,44.89999995117188,15.599999984741212
2557,89.01,64.72000002441406,34.09999996439616
2558,92.77,69.27999995117187,43.29999985758464
2559,73.49,44.89999993896485,15.533333267211914
2560,86.31,58.73999998779297,27.733333318074543
2561,92.74,69.74000004882812,43.79999997965495
2562,83.42,54.239999957275394,21.999999984741212
2563,88.4,63.080000048828126,33.099999857584635
2564,91.89,69.51999997558593,43.699999928792316
2565,10.0,0.9999999992370605,0.8333333326975505
2566,93.8,71.02000001220703,42.966666564941406
2567,88.97,63.32000001220703,33.33333339436849
2568,87.99,58.79999994506836,34.133333190917966
2569,88.61,58.2,31.63333331298828
2571,87.68,57.30000001220703,31.26666658528646
2572,10.0,0.9999999992370605,0.8333333307902018
2573,91.2,65.96000002441406,37.4666665242513
2574,92.66,70.14000004882813,42.23333318074544
2575,88.4,63.11999996337891,33.366666615804036
2576,91.37,65.53999992675782,36.26666657511393
2578,92.95,69.35999995117187,41.66666668701172
2579,86.97,59.25999996948242,27.63333329264323
2580,93.77,70.73999998779297,44.06666665649414
2582,73.68,43.459999963378905,15.033333328247071
2583,91.51,65.41999991455079,36.8666665242513
2584,89.6,63.96000004882813,33.1999999593099
2585,91.1,65.13999998779298,36.93333337402344
2586,93.05,69.56,42.39999987792969
2587,10.0,0.9999999984741211,0.8333333326975505
2588,10.0,1.0,0.8333333320617676
2589,91.23,66.80000001220704,35.99999993896484
2590,93.25,69.63999990234375,42.399999837239584
2591,89.13,62.379999951171875,31.699999979654947
2592,91.69,68.54,42.333333170572914
2593,87.73,59.380000012207034,28.799999964396157
2595,86.87,58.79999996337891,27.399999954223635
2596,87.88,59.139999969482425,26.066666625976563
2597,89.45,62.97999991455078,32.23333335367838
2598,89.57,65.02000001220703,34.099999989827474
2599,91.45,66.69999995117188,38.03333326212565
2600,92.05,67.07999986572266,39.36666659545899
2602,90.85,65.93999997558593,32.233333297729494
2603,92.43,69.65999997558593,43.599999989827474
2605,83.74,56.31999995727539,17.6333332824707
2606,92.31,68.85999986572266,39.766666666666666
2607,91.54,66.83999993896484,38.433333282470706
2608,89.11,62.919999951171874,33.33333329772949
2609,88.65,62.899999975585935,34.06666662597656
2610,91.51,65.29999998779297,36.299999938964845
2611,90.24,66.45999997558594,37.766666605631514
2612,87.1,57.47999998168945,23.966666681925457
2613,92.35,68.33999995117188,40.100000040690105
2614,92.0,67.13999992675781,39.133333384195964
2615,91.5,66.20000003662109,38.20000003051758
2616,92.78,69.50000006103515,43.06666661580404
2617,69.41,41.060000006103515,13.16666665649414
2618,91.38,65.09999997558593,34.53333332824707
2619,84.73,57.11999995727539,23.666666671752928
2620,86.88,59.95999991455078,28.266666620890298
2621,88.4,63.81999998779297,33.9666665242513
2622,91.2,66.94000004882813,36.03333322143555
2623,83.21,50.579999981689454,22.933333287556966
2624,91.84,67.53999992675782,39.49999987792969
2625,77.14,47.779999963378906,17.59999996693929
2626,89.66,65.30000001220704,34.49999992879232
2627,91.63,68.11999992675781,40.266666666666666
2628,89.32,64.51999992675782,33.300000010172525
2631,88.66,62.61999991455078,32.69999993387858
2633,91.93,68.35999986572266,37.56666662597656
2634,91.45,65.26000001220703,38.46666657511393
2635,91.85,69.08000006103515,42.59999984741211
2636,88.86,62.719999981689455,33.133333323160805
2637,89.72,64.93999999389648,36.73333329264323
2638,87.21,57.25999994506836,27.96666659037272
2639,91.39,67.3,38.26666663614909
2640,87.01,59.87999996337891,27.500000015258788
2641,91.73,67.68,41.166666717529296
2642,92.25,67.61999992675781,40.06666666666667
2643,91.16,62.86000002441406,34.433333231608074
2644,88.59,61.77999999389648,32.93333332316081
2645,91.5,63.45999993896484,18.36666658528646
2646,89.67,64.79999991455078,37.39999986775716
2647,90.67,66.55999992675781,37.83333339436849
2648,93.13,69.73999992675782,42.43333338419596
2649,90.04,64.82,34.20000002034505
2650,92.62,68.87999990234376,42.13333337402344
2652,91.33,66.41999996337891,37.39999989827474
2653,87.06,60.60000001220703,26.90000002034505
2654,91.33,64.15999999389649,37.33333330281575
2655,91.69,67.50000006103515,39.53333334350586
2656,58.13,31.47999999694824,11.899999989827474
2657,92.98,69.85999996337891,41.56666655476888
2659,89.28,63.98,35.033333374023435
2660,91.98,67.99999997558594,37.96666653442383
2661,88.89,63.93999994506836,33.366666600545244
2662,91.13,67.8399999633789,38.79999996439616
2663,92.79,68.79999991455078,41.76666650390625
2664,91.74,67.68000000610351,38.1666666615804
2665,88.51,61.83999997558594,30.86666655476888
2666,88.78,65.65999999389649,33.900000020345054
2667,91.84,69.21999992675781,40.16666656494141
2668,10.0,0.9999999996185303,0.8333333326975505
2669,88.22,61.099999963378906,34.2666665649414
2670,91.05,65.45999997558594,37.966666636149085
2671,90.16,64.33999999389648,34.73333326721191
2672,92.48,68.9400000366211,43.43333321126302
2673,79.86,43.679999926757816,22.333333287556965
2674,92.0,67.40000000610351,38.433333282470706
2675,92.0,66.95999991455078,40.29999998982748
2676,93.29,70.97999990234375,43.533333180745444
2677,67.86,39.200000012207035,13.899999979654948
2678,89.44,64.57999997558593,35.19999989827474
2679,87.21,56.139999969482425,30.833333297729492
2680,87.06,57.740000006103514,26.499999908447265
2681,85.08,55.419999963378906,26.46666660563151
2682,89.89,65.13999991455078,32.26666658528646
2683,88.65,63.519999993896484,33.59999989827474
2684,92.58,67.41999987792968,39.333333221435545
2685,88.4,63.799999993896485,33.36666662597656
2687,92.08,66.85999995117187,39.73333337402344
2688,10.0,1.0,0.8333333333333334
2689,91.28,63.299999993896485,33.633333323160805
2690,62.4,34.139999963378905,13.233333330790202
2691,91.19,66.71999992675781,36.36666653442383
2692,87.91,60.40000002441406,30.033333333333335
2693,93.19,69.64000001220703,44.60000003051758
2694,89.39,64.74000002441406,33.633333312988285
2695,85.0,51.84000001220703,23.400000030517578
2696,90.33,64.05999992675781,35.466666697184245
2697,91.92,67.02000004882812,38.466666625976565
2698,88.48,60.77999991455078,34.93333337402344
2699,92.73,70.27999991455079,44.2666667175293
2702,80.55,48.57999994506836,26.59999997965495
2703,90.09,66.05999999389648,38.03333331298828
2704,93.56,70.33999995117188,44.099999908447266
2705,88.62,63.480000048828124,32.16666672770182
2706,91.57,67.00000001220702,38.09999988810221
2707,86.39,57.73999996948242,27.93333331298828
2708,89.29,65.54,35.49999994913737
2709,92.01,67.64000003662109,38.63333326212565
2710,88.71,63.44000003662109,33.63333329264323
2711,59.35,31.960000006103517,12.233333302815755
2712,76.31,47.32,16.10000000508626
2713,68.5,39.19999997558594,13.36666667175293
2714,91.97,68.77999992675781,42.066666575113935
2715,87.45,61.63999998779297,31.166666595458985
2716,75.87,47.09999997558594,15.799999994913737
2717,87.59,57.51999997558594,29.83333334350586
2718,91.02,66.54000006103516,38.566666697184246
2719,88.63,64.31999998779297,32.266666595458986
2721,77.37,43.47999996337891,25.666666595458985
2722,89.37,62.06,33.29999998982748
2723,79.19,44.45999998168946,22.09999998474121
2724,86.91,56.12000006103516,27.733333257039387
2726,89.19,62.67999993896484,30.999999888102213
2727,91.95,68.0399999633789,39.933333353678385
2728,91.39,66.57999996337891,39.63333326212565
2729,91.61,68.1600000366211,42.06666662597656
2730,75.16,46.159999932861325,15.966666666666667
2731,90.64,65.27999999389648,38.16666655476888
2732,89.18,64.95999993896484,34.23333332316081
2733,89.53,63.82000000610351,34.06666660054525
2734,92.16,66.41999991455079,38.833333343505856
2735,90.48,62.8999999633789,37.09999994913737
2736,89.23,62.580000036621094,34.73333335367838
2737,91.42,67.31999997558594,38.13333333333333
2738,88.55,62.4,31.099999994913738
2739,89.17,62.840000006103516,32.56666667683919
2740,89.53,64.27999991455079,33.900000020345054
2741,67.6,39.27999994506836,14.399999918619791
2742,89.71,66.05999998779296,36.8666665242513
2744,89.86,64.27999993896485,33.99999989827474
2745,84.51,57.83999995727539,24.399999954223635
2746,70.72,40.11999998168945,13.733333333333333
2747,86.29,57.48000002441406,28.33333329264323
2748,90.97,65.19999995117188,35.66666660054525
2749,90.92,66.97999987792969,41.43333318074544
2750,85.04,56.87999998779297,17.099999964396158
2751,82.15,50.65999998168945,21.033333338419595
2752,90.11,64.56000002441407,34.93333326212565
2753,88.97,62.58,32.033333231608076
2754,90.44,63.480000006103516,36.33333319091797
2755,92.35,67.54000001220703,41.633333272298174
2756,88.87,62.1000000366211,32.86666664632161
2757,91.37,65.70000003662109,35.86666660563151
2759,93.0,69.25999993896484,43.30000005086263
2760,91.04,67.26000000610351,41.066666646321615
2761,87.92,56.859999926757816,26.866666610717772
2762,89.41,59.75999995727539,21.566666664123535
2763,88.77,61.65999998168945,31.76666658528646
2764,84.49,60.59999998168945,26.69999998474121
2765,91.77,66.42000001220703,38.49999986775716
2766,89.6,63.759999993896486,32.56666660054525
2768,89.03,64.02000000610352,33.133333190917966
2770,72.58,43.759999975585934,14.966666631062825
2771,91.03,65.41999992675781,37.96666654459636
2772,93.74,71.03999993896484,44.43333332316081
2773,86.5,57.939999932861326,28.766666651407878
2774,10.0,0.9999999992370605,0.8333333320617676
2775,92.93,68.98000000610351,40.13333317057292
2776,93.55,70.76000002441407,44.40000005086263
2779,91.1,66.17999997558594,37.09999986775716
2780,92.05,68.75999997558594,40.39999992879232
2781,90.93,65.6000000366211,36.13333322143555
2782,91.52,66.95999992675782,38.53333338419596
2783,82.37,51.459999963378905,21.20000002034505
2784,89.07,62.079999981689454,28.766666615804038
2785,88.55,63.519999938964844,33.73333334350586
2787,91.56,67.20000003662109,38.999999837239585
2788,90.14,65.18000002441406,36.33333326212565
2789,92.35,67.76000002441407,40.066666697184246
2790,92.67,68.83999993896484,43.933333170572915
2791,91.56,68.11999995117188,39.89999985758463
2792,75.14,47.759999981689454,16.133333287556965
2793,88.55,62.46000004882813,32.23333329264323
2794,90.08,62.499999975585936,34.86666662597656
2795,93.33,70.27999989013672,44.533333231608076
2796,10.0,0.9999999996185303,0.8333333320617676
2797,10.0,0.9999999992370605,0.8333333333333334
2798,92.17,67.64000000610352,41.46666661580404
2799,75.9,46.73999998779297,15.36666663614909
2800,88.59,63.98,33.499999959309896
2801,88.56,61.979999993896485,31.799999888102214
2802,92.32,66.65999996337891,38.566666585286455
2803,86.67,58.339999938964844,28.366666595458984
2804,93.38,68.75999998779297,43.23333337402344
2805,91.84,67.01999996948243,39.166666717529296
2806,91.13,66.93999993896485,38.06666662597656
2808,86.05,58.22000000610352,25.599999954223634
2809,92.18,67.03999993896484,39.233333272298175
2810,89.84,64.72000004882813,33.899999959309895
2811,88.68,61.19999996337891,26.66666659037272
2812,51.78,10.760000003051758,12.766666641235352
2813,93.14,68.68000006103516,41.89999987792969
2814,92.08,67.36000003662109,38.66666660563151
2815,91.23,67.59999986572265,39.93333337402344
2816,90.34,64.12,37.099999857584635
2817,89.91,63.31999998779297,34.100000040690105
2818,87.27,58.599999951171874,31.833333231608073
2820,91.77,67.29999996337891,38.566666707356774
2821,89.58,62.33999996337891,35.03333326212565
2822,75.38,47.640000018310545,16.333333282470704
2823,90.24,64.57999993896485,35.16666656494141
2824,90.71,64.41999991455079,32.90000006103516
2825,91.06,66.22000003662109,33.60000002034505
2826,87.2,57.29999997558594,30.333333348592124
2827,89.89,64.18000004882812,34.36666650390625
2828,90.73,64.55999986572266,36.83333325195313
2829,88.39,63.98000003662109,33.766666605631514
2830,91.3,65.23999999389649,35.0
2831,88.54,62.279999963378906,32.73333317057292
2832,92.36,67.40000004882812,40.20000003051758
2833,89.94,64.48000002441407,36.33333326212565
2834,92.85,70.25999991455078,44.26666650390625
2835,90.56,67.09999992675782,38.86666659545899
2836,91.35,66.03999987792969,38.79999983723958
2837,92.16,67.19999997558594,40.06666661580404
2838,90.34,64.15999991455078,35.26666651407878
2839,80.52,50.560000012207034,16.999999974568684
2840,10.0,0.9999999988555908,0.8333333326975505
2842,92.44,68.51999997558593,41.39999990844726
2843,81.75,54.08000001220703,21.166666666666668
2844,88.75,62.21999998779297,30.099999969482422
2845,93.33,70.36,44.39999992879232
2846,10.0,1.0,0.8333333320617676
2848,91.85,68.16,40.199999877929685
2849,89.04,61.679999969482424,30.26666660563151
2850,91.73,66.71999996337891,37.33333330281575
2851,90.71,63.679999975585936,29.699999979654947
2852,92.27,69.42,41.69999989827474
2853,90.13,63.48000002441406,35.13333329264323
2854,92.51,68.20000003662109,42.199999989827475
2855,91.55,68.53999991455078,41.39999987792969
2857,88.65,61.27999993896484,31.133333267211913
2858,88.62,62.32000000610351,32.59999993896484
2859,75.53,46.72000001220703,15.866666615804036
2860,88.62,61.719999981689455,30.399999969482423
2861,91.81,67.65999997558593,39.199999938964844
2862,90.19,64.48000002441407,34.0666665242513
2863,88.17,60.53999994506836,31.433333282470702
2864,88.4,61.84,32.59999992370606
2865,89.52,64.25999993896484,32.833333170572914
2866,89.51,65.18,34.399999994913735
2867,88.65,63.36000002441406,33.96666670735677
2868,70.34,41.139999981689456,13.633333333333333
2869,90.3,65.16000004882812,38.83333339436849
2870,93.47,70.01999998779297,43.8000000406901
2871,90.01,63.02000002441406,36.29999992879232
2872,92.3,68.57999986572266,41.70000005086263
2873,89.35,61.759999987792966,32.766666727701825
2874,89.85,63.67999995727539,36.20000004069011
2876,92.11,68.3199999633789,39.4
2877,92.01,67.31999998779297,40.53333321126302
2878,91.11,66.43999995117187,37.833333170572914
2879,92.08,67.50000006103515,38.166666534423825
2880,90.96,67.0599999633789,36.999999959309896
2881,90.73,64.1000000366211,35.66666663614909
2882,91.91,67.96000001220703,36.466666697184245
2883,87.56,57.579999926757814,31.36666667683919
2884,87.19,56.12,27.666666646321616
2885,75.72,46.999999975585936,16.366666600545248
2886,92.42,68.8799999633789,42.8333332417806
2887,87.06,60.59999999389648,26.899999954223635
2888,92.07,67.47999995117188,39.23333337402344
2890,67.3,37.819999969482424,14.033333302815755
2891,91.27,66.0599999633789,36.166666534423825
2892,92.98,69.45999997558594,43.89999984741211
2893,88.19,61.57999996948242,27.500000015258788
2894,86.83,58.759999938964846,28.033333267211916
2895,92.01,67.66000001220704,38.63333321126302
2896,92.44,68.67999998779297,41.76666653442383
2897,91.1,66.04000006103516,38.86666666666667
2898,91.37,64.4,36.73333328755697
2899,93.08,68.17999995117188,43.266666544596355
2900,93.11,70.50000001220702,43.89999985758463
2901,91.62,67.19999993896485,37.566666697184246
2902,91.51,65.41999999389648,35.99999992879232
2903,88.18,61.15999997558594,22.76666665649414
2904,93.36,69.74000006103516,42.16666663614909
2905,76.28,46.83999998779297,15.299999964396159
2907,79.09,43.820000024414064,27.13333327738444
2908,92.02,67.14000003662109,40.83333327229818
2909,92.15,67.74000006103516,39.166666534423825
2910,90.23,65.16000006103516,35.666666631062824
2911,88.51,61.900000036621094,32.93333322143555
2912,93.22,69.61999992675781,43.76666668701172
2913,51.61,26.659999978637696,10.133333348592123
2914,87.32,60.99999999389649,27.39999992879232
2915,92.78,69.45999998779297,43.133333180745446
2916,90.04,63.95999992675781,32.29999996439616
2917,91.43,67.16000006103516,39.79999989827474
2918,90.62,66.99999997558594,37.13333336385091
2919,91.25,64.33999998779296,37.433333353678385
2920,88.24,61.63999999389648,21.366666633605956
2921,92.53,68.1200000366211,42.466666636149085
2922,75.68,46.52,15.699999969482421
2923,83.61,54.619999993896485,14.933333315531414
2924,92.09,67.50000001220702,38.633333323160805
2925,91.39,67.2599999633789,39.633333190917966
2926,92.77,69.37999986572265,43.866666676839195
2927,91.76,67.6800000366211,38.73333321126302
2928,91.89,67.35999992675781,38.966666697184245
2929,10.0,0.9999999988555908,0.8333333326975505
2930,91.93,68.1000000366211,39.13333317057292
2931,92.21,69.71999995117187,40.26666650390625
2932,89.49,63.679999926757816,33.83333332316081
2933,92.24,67.8,39.03333338419596
2935,91.45,66.93999996337891,34.69999983723958
2936,92.28,65.52000006103516,38.59999989827474
2937,91.93,67.29999993896485,39.23333330281576
2938,92.29,69.52000002441406,45.43333319091797
2939,92.86,68.89999986572266,42.33333339436849
2940,90.89,65.14000003662109,37.09999989827474
2941,92.8,69.1800000366211,41.666666534423825
2942,75.05,46.23999993286133,15.733333315531413
2944,92.28,68.87999997558593,43.66666651407878
2945,91.32,65.8000000366211,37.66666672770182
2946,91.49,66.55999995117187,36.433333282470706
2947,92.35,67.55999987792968,38.9333332010905
2948,87.06,60.499999963378905,26.89999999491374
2949,90.84,65.85999998168946,38.86666651407877
2950,87.93,63.31999995117187,32.36666662597656
2951,92.42,67.46,42.06666650390625
2952,93.07,69.21999996337891,42.599999989827474
2953,92.42,68.1599999267578,42.03333322143555
2955,91.4,64.6599999267578,34.79999995930989
2956,88.77,62.59999993286133,31.86666653442383
2957,92.85,69.68000004882812,42.80000003051758
2958,87.44,57.51999998779297,28.46666659037272
2959,91.53,66.50000002441406,38.56666656494141
2960,87.66,61.44000001220703,32.56666663106282
2961,89.08,66.00000001220702,35.36666650390625
2962,92.44,70.34000001220703,42.80000002034505
2963,92.57,68.17999993896484,43.70000003051758
2964,86.57,54.47999994506836,29.16666663614909
2965,92.35,67.75999993896484,41.00000001017253
2966,93.08,69.44000002441406,45.23333329264323
2967,93.05,69.73999998168945,43.633333251953125
2968,89.81,64.42000003662109,34.59999993896484
2970,81.67,53.99999992675781,21.533333302815755
2971,91.93,67.24000006103516,39.933333292643226
2972,88.88,63.03999995727539,34.06666661580404
2973,89.8,65.88000000610351,36.2666665649414
2974,91.94,67.43999986572265,39.23333330281576
2975,91.6,66.7,37.16666660563151
2976,89.7,62.359999914550784,35.1
2977,89.77,64.11999995117188,36.06666653442383
2979,88.1,58.72000001220703,33.09999996439616
2980,91.99,66.98000006103516,38.63333321126302
2981,92.44,67.89999998779297,39.86666658528646
2983,55.78,10.540000001525879,12.633333348592123
2984,88.65,61.87999991455078,30.599999994913738
2985,86.26,58.33999994506836,27.333333272298177
2986,92.64,69.32000006103516,42.76666664632162
2987,90.63,64.74000002441406,35.49999992879232
2988,90.64,65.20000001220703,37.533333241780596
2989,87.07,55.87999996337891,23.199999938964844
2990,89.62,64.40000002441407,33.300000061035156
2991,91.41,66.24,38.56666655476888
2992,88.57,62.01999996337891,30.999999888102213
2993,87.05,58.61999995117188,29.566666676839194
2994,92.6,68.77999995117187,42.23333334350586
2995,87.83,56.919999951171874,31.03333334350586
2997,92.44,68.16000000610352,40.7333332824707
2998,88.79,62.69999998779297,31.86666665140788
2999,91.03,64.78000001220703,37.89999986775716
3000,86.57,57.72000001220703,23.366666631062827
3001,92.35,68.43999996337891,40.499999837239585
3002,90.91,65.09999995117188,38.39999993896485
3003,91.53,67.96,38.433333267211914
3004,90.11,64.53999987792969,33.533333363850915
3005,92.52,68.41999993896485,43.36666657511393
3006,79.61,51.03999994506836,21.566666625976563
3007,91.53,67.90000006103516,42.13333334350586
3008,91.34,66.65999993896484,38.699999867757164
3009,91.82,68.16000004882812,39.66666651407878
3010,92.02,66.57999993896485,39.2
3011,91.94,66.11999993896484,38.1999999593099
3012,75.86,47.59999997558594,15.933333287556966
3013,92.54,69.85999996337891,43.466666625976565
3014,92.34,67.41999999389648,40.566666646321615
3015,92.22,67.37999991455078,38.166666666666664
3016,89.54,64.95999993896484,34.03333329772949
3017,91.2,66.10000004882812,38.23333337402344
3018,76.25,46.95999998779297,15.699999969482421
3019,92.47,69.17999997558594,45.63333321126302
3020,79.59,50.420000024414065,13.233333302815755
3021,89.69,63.939999938964846,35.599999857584635
3022,87.15,57.77999998779297,28.13333334859212
3023,10.0,0.9999999996185303,0.8333333314259846
3024,89.21,62.160000006103516,32.333333343505856
3025,75.3,46.94,15.966666633605957
3026,90.18,63.740000061035154,35.59999988810221
3027,89.71,63.71999999389649,34.333333353678384
3028,91.96,68.43999996337891,43.7666667175293
3029,89.11,62.099999969482425,30.43333331298828
3030,92.45,68.30000002441406,43.000000040690104
3031,88.84,63.81999993896484,33.53333320109049
3032,75.87,47.099999969482425,15.799999954223633
3033,93.48,69.95999998168945,44.16666662597656
3034,92.16,67.19999992675781,39.06666663614909
3035,93.64,71.17999990234375,44.59999987792969
3036,91.72,65.98000002441407,37.066666575113935
3037,89.33,64.94,36.7
3039,89.36,61.600000006103514,32.19999994913737
3040,75.6,47.279999963378906,15.933333330790202
3041,87.85,58.81999998779297,31.43333339436849
3042,76.66,47.039999981689455,15.400000010172526
3043,88.41,61.23999998779297,31.699999969482423
3044,73.57,44.39999996948242,14.866666631062825
3045,93.37,70.11999997558594,42.83333321126302
3046,93.08,68.70000001220703,42.4333332417806
3047,91.36,66.95999998779297,37.46666665649414
3048,91.7,67.10000006103516,40.433333292643226
3049,90.0,64.84000003662109,36.466666514078774
3051,80.54,51.859999926757816,16.16666660054525
3052,57.37,30.820000012207032,13.066666664123535
3053,92.9,69.99999995117187,43.533333180745444
3054,81.34,50.88000002441406,16.733333315531414
3056,75.58,46.839999951171876,15.699999933878582
3057,90.24,63.359999926757816,35.93333319091797
3058,92.51,69.0,41.533333302815755
3060,77.32,46.63999992675781,14.233333300272625
3061,88.77,62.35999996948242,30.199999994913735
3062,92.86,68.94000004882813,43.26666670735677
3063,92.65,69.15999996337891,43.599999979654946
3064,87.44,61.14000000610351,29.666666631062824
3065,75.22,47.47999998168945,15.766666636149088
3066,86.44,54.700000012207035,27.09999994913737
3067,87.23,57.01999996337891,21.233333338419595
3068,88.8,64.02000006103516,34.33333323160807
3069,90.88,66.65999995117187,38.6333332824707
3070,84.05,55.21999999389649,26.099999908447266
3071,10.0,0.9999999996185303,0.8333333320617676
3072,88.56,63.05999996948242,33.8
3073,88.98,63.53999993896485,32.89999997965495
3075,92.36,68.16000002441406,38.89999989827474
3076,86.51,58.06,28.233333302815755
3078,88.13,61.35999994506836,31.899999857584636
3079,92.79,69.29999996337891,41.3
3080,91.53,65.45999998168945,37.60000001017253
3081,51.78,10.579999996948242,12.766666657765706
3083,92.01,68.28000003662109,42.16666668701172
3084,91.5,67.02,39.63333334350586
3085,67.99,39.200000006103515,13.566666636149089
3086,92.54,68.38000002441406,41.26666655476888
3087,88.65,61.38000002441406,31.666666631062824
3089,75.77,46.98000002441406,15.566666664123535
3090,76.1,46.619999932861326,15.899999954223633
3091,54.83,29.659999996948244,12.566666651407878
3092,91.59,67.21999996337891,39.39999990844726
3093,92.36,68.31999998779297,40.96666658528646
3094,92.92,68.23999997558593,40.66666663614909
3095,10.0,0.9999999996185303,0.8333333326975505
3096,92.34,66.9799999633789,39.93333331298828
3097,92.14,68.49999992675781,35.766666595458986
3098,92.51,70.03999998779297,42.300000061035156
3099,92.47,68.55999993896485,42.13333317057292
3100,70.45,40.499999975585936,13.26666665395101
3101,90.18,65.70000002441407,38.200000061035155
3102,89.76,64.83999997558594,37.23333325195313
3103,92.43,67.28000002441406,40.733333272298175
3104,92.21,67.62000001220703,37.90000005086263
3105,86.27,58.47999994506836,28.633333333333333
3106,90.17,65.64000002441406,36.49999989827474
3107,86.38,56.759999993896486,26.199999923706056
3108,91.61,67.05999998168946,38.46666666666667
3109,87.5,58.43999998168945,25.633333318074545
3110,89.51,65.36000003662109,36.29999996948242
3111,75.83,46.81999994506836,15.766666676839193
3112,91.27,66.19999987792968,38.93333327229818
3113,90.7,65.2600000366211,36.16666658528646
3114,84.22,50.419999963378906,21.63333329264323
3115,86.12,52.35999993286133,26.9666666208903
3116,88.51,63.200000006103515,30.599999989827474
3117,90.27,64.83999992675781,36.83333339436849
3120,87.67,61.140000036621096,26.76666657511393
3121,93.2,69.13999987792968,43.066666585286455
3122,88.98,62.179999969482424,32.56666672770182
3124,89.92,64.6999999633789,35.000000030517576
3125,88.56,62.47999997558594,32.23333326721191
3126,88.71,62.48000002441406,31.76666658528646
3127,89.82,64.83999997558594,36.86666670735677
3128,92.1,68.04000000610351,40.76666650390625
3129,92.64,68.32000004882812,41.933333231608074
3130,85.46,58.039999975585935,23.73333329264323
3131,92.42,67.64000000610352,41.46666654459636
3132,91.63,68.34000002441407,41.33333327229818
3133,80.11,50.019999951171876,21.39999994913737
3134,92.69,69.0599999633789,43.86666659545899
3135,92.27,68.32000006103516,41.466666625976565
3136,85.71,54.05999999389648,26.66666665649414
3137,91.67,67.65999998168945,39.033333302815755
3138,88.12,62.939999993896485,31.633333297729493
3139,73.46,44.339999951171876,15.433333320617676
3140,89.27,64.47999999389648,34.96666657511393
3141,93.26,68.61999993896484,44.76666665649414
3142,84.5,51.47999997558594,27.599999954223634
3143,87.96,59.53999993896485,31.33333329264323
3144,80.63,50.35999998779297,20.799999918619793
3145,88.7,62.43999995727539,32.83333329772949
3146,90.14,63.85999995117187,34.366666727701826
3148,89.15,64.5200000366211,34.999999959309896
3149,88.65,62.95999995727539,32.69999992370605
3150,92.13,66.61999992675781,38.53333317057292
3151,90.86,64.21999998779297,37.06666663614909
3152,89.66,64.73999999389649,33.73333326721191
3153,90.01,65.11999996948242,25.899999954223635
3154,91.95,67.96000006103516,38.96666653442383
3155,86.05,57.259999975585934,25.33333325703939
3156,89.18,64.97999991455079,35.76666665649414
3157,86.32,58.83999992675781,28.36666668701172
3159,89.67,65.39999999389649,35.73333325195313
3160,92.36,67.53999999389649,40.23333332316081
3161,89.91,65.62000006103516,35.06666655476888
3162,92.83,70.47999992675781,42.099999989827474
3163,75.55,46.0,15.800000020345053
3164,82.84,50.55999993896484,20.66666668701172
3165,91.09,66.30000004882812,37.733333394368486
3167,92.9,68.06000002441407,43.19999994913737
3168,91.04,67.01999987792969,37.2
3169,92.3,67.45999992675782,40.09999994913737
3170,93.38,69.56000001220703,45.16666668701172
3171,91.38,67.36000004882813,40.2666665649414
3172,89.19,61.29999992675781,33.49999986775716
3173,91.37,67.42000003662109,38.433333302815754
3176,85.43,57.24,16.900000005086262
3177,92.19,67.19999991455079,39.86666657511393
3178,91.36,66.72000003662109,39.13333323160807
3179,92.17,67.66000001220704,38.166666666666664
3180,67.54,39.54,14.033333333333333
3181,92.66,68.34000000610351,41.13333317057292
3182,86.45,53.59999998779297,28.433333343505858
3183,90.99,65.5400000366211,30.63333319091797
3184,73.28,37.87999996337891,16.366666666666667
3185,87.22,57.30000001220703,30.866666646321615
3186,89.12,63.25999995117188,31.733333251953123
3187,75.74,46.599999951171874,16.233333318074543
3188,89.99,63.339999938964844,35.766666727701825
3189,89.72,65.17999992675782,33.60000002034505
3190,88.63,62.03999991455078,31.766666625976562
3191,88.45,61.73999991455078,30.266666676839193
3192,93.37,71.1199999633789,46.33333326212565
3193,91.6,67.68,39.6
3194,90.21,63.319999963378905,37.46666664632161
3195,75.91,47.14000000610351,15.633333287556965
3196,92.42,67.05999993896485,38.133333201090494
3197,92.26,68.12000002441407,40.36666664632161
3198,92.63,70.33999991455079,43.10000005086263
3199,89.05,63.179999926757816,33.93333329772949
3200,91.02,67.91999998779296,36.2666665242513
3201,80.98,44.53999993286133,26.56666660563151
3202,92.3,67.38000001220703,38.499999837239585
3203,91.09,64.03999992675782,38.29999991861979
3204,86.98,60.91999998779297,26.499999908447265
3205,89.04,63.90000002441406,31.399999847412108
3206,89.87,64.07999996337891,34.99999986775716
3207,79.88,44.95999995727539,21.566666666666666
3208,65.47,35.85999999694824,16.199999997456867
3209,91.93,68.24000001220703,43.133333251953125
3210,75.99,47.25999996337891,15.499999979654948
3211,89.26,62.979999938964845,35.133333251953125
3212,87.08,59.05999997558594,27.799999984741213
3213,10.0,0.9999999996185303,0.8333333320617676
3214,88.51,60.29999994506836,20.566666697184246
3215,90.23,65.57999992675781,37.99999993896484
3216,75.85,46.94000002441406,15.466666633605957
3217,89.59,64.23999999389649,33.99999988810222
3218,92.35,67.96000004882812,40.699999938964844
3219,82.64,54.59999994506836,20.566666631062827
3220,80.5,51.55999993286133,21.63333334859212
3221,68.29,40.619999938964845,13.300000010172527
3222,88.77,62.37999997558594,32.7666665242513
3223,62.76,34.15999997863769,13.666666600545247
3224,80.15,50.799999932861326,20.433333323160806
3225,90.97,66.0399999633789,39.56666666666667
3226,92.02,67.84000000610351,39.46666668701172
3227,89.64,61.600000006103514,34.566666707356774
3228,85.37,50.159999951171876,27.266666651407878
3229,89.87,63.11999998168945,32.93333329772949
3230,90.99,64.83999997558594,32.93333319091797
3231,78.22,45.31999993896484,21.93333331298828
3232,89.08,64.43999998168945,33.5999999593099
3233,92.36,67.78000001220703,40.666666646321616
3235,91.73,67.61999992675781,38.999999969482424
3236,91.64,66.81999995117188,39.89999998982747
3237,92.45,69.17999993896484,42.633333251953125
3238,90.27,65.67999998779297,38.2666665649414
3239,87.13,56.16000001220703,32.199999964396156
3240,91.55,67.27999992675781,38.86666669718424
3241,86.73,55.639999969482425,30.73333339436849
3242,87.83,59.859999914550784,32.499999979654945
3243,79.59,51.26000002441406,21.466666681925457
3244,89.28,63.21999995117187,32.46666659037272
3245,79.01,47.319999969482424,19.46666667175293
3246,89.59,64.35999991455078,35.26666669718424
3247,93.22,69.69999992675781,42.43333326212565
3248,91.72,66.72000000610352,36.733333262125655
3249,89.17,62.32000000610351,31.866666697184243
3251,91.13,65.49999998779298,38.16666663614909
3252,91.93,67.87999991455078,39.23333332316081
3253,73.4,44.35999993896484,14.80000000254313
3254,92.6,68.2399999633789,44.46666668701172
3255,93.88,70.14000006103515,44.299999888102214
3256,93.08,70.11999998779297,43.26666657511393
3257,88.78,62.08000000610352,31.066666600545247
3258,75.38,46.61999995117188,15.966666646321615
3259,92.63,69.93999989013672,43.10000002034505
3260,88.8,61.20000003662109,28.133333297729493
3261,93.03,69.90000000610351,43.60000005086263
3262,90.86,65.17999991455078,30.26666665649414
3263,92.83,69.35999993896485,44.23333335367838
3264,92.53,67.52,40.3333332010905
3265,82.6,54.200000006103515,20.833333353678384
3266,92.0,67.77999993896485,38.599999989827474
3267,92.34,69.67999992675782,42.0
3268,86.04,54.180000018310544,26.1
3269,85.59,54.49999992675781,26.36666665140788
3270,86.67,56.81999998779297,27.766666646321614
3271,88.81,63.11999998168945,32.23333331298828
3274,91.95,66.62000006103516,39.933333170572915
3277,92.52,68.55999992675781,40.93333339436849
3278,88.65,63.33999992675781,33.43333339436849
3279,90.12,65.17999993896484,33.266666544596355
3280,92.28,68.50000001220702,39.69999996948242
3281,82.62,54.21999994506836,19.566666615804035
3282,90.91,64.71999999389648,36.500000040690104
3283,75.93,46.799999932861326,16.366666664123535
3284,88.86,62.98,33.133333190917966
3285,84.76,55.11999996337891,26.933333287556966
3286,87.36,58.96,28.766666676839193
3287,54.59,30.199999969482423,10.966666681925457
3288,84.2,54.180000018310544,25.966666585286458
3289,91.61,66.93999996337891,40.0999999593099
3290,67.9,39.91999998779297,12.433333333333334
3291,92.08,67.09999991455078,39.6333332417806
3292,92.05,66.88000004882812,39.499999908447265
3293,90.39,66.89999993896484,38.36666663614909
3294,86.62,58.73999994506836,28.23333329264323
3295,92.45,69.07999991455078,42.70000004069011
3297,90.24,66.06000001220703,38.43333321126302
3299,92.42,68.33999992675781,41.3666667175293
3300,93.33,69.2999999267578,43.033333241780596
3301,88.87,61.779999969482425,32.16666660054525
3302,89.99,65.2399999633789,32.69999988810221
3303,88.97,63.32,31.166666666666668
3304,92.94,69.12000006103516,43.29999989827474
3305,92.54,67.3800000366211,42.19999996948242
3306,90.64,64.14,18.366666625976563
3307,89.04,62.920000006103514,32.133333272298174
3308,92.23,68.01999996337891,41.366666676839195
3309,92.46,68.09999995117188,40.13333337402344
3311,86.99,59.999999981689456,28.633333297729493
3312,92.57,69.38000004882812,43.99999994913737
3313,80.92,44.89999993286133,24.999999959309896
3314,80.34,50.04000001831054,20.96666660054525
3315,90.83,63.91999992675781,34.19999997965495
3316,90.85,66.49999992675781,38.999999969482424
3317,92.27,67.53999986572266,41.23333319091797
3318,88.56,63.900000036621094,32.86666664632161
3319,92.26,69.49999986572266,42.499999837239585
3320,89.38,64.25999993286133,36.83333339436849
3321,91.81,66.9799999633789,39.46666657511393
3322,86.57,56.49999993286133,23.06666665140788
3323,75.49,46.99999995727539,15.93333334350586
3324,68.55,41.18000002441406,13.799999954223633
3325,86.45,57.69999993286133,29.33333336385091
3326,90.63,62.119999938964845,32.933333267211914
3327,77.72,43.28,22.73333336385091
3328,88.91,63.81999993896484,33.96666659545898
3329,92.01,67.89999993896484,38.86666664632161
3330,92.07,69.51999986572265,43.16666661580404
3331,92.89,68.03999995117188,40.59999987792969
3332,89.97,64.83999999389648,37.96666653442383
3333,92.17,67.50000001220702,40.933333282470706
3334,90.82,66.04000001220703,36.199999989827475
3335,89.17,63.87999992675781,35.099999989827474
3336,92.04,69.19999987792968,41.60000002034505
3337,88.69,62.19999991455078,32.76666662597656
3338,76.3,46.81999998779297,16.133333315531413
3339,89.43,61.73999997558594,32.09999983723959
3340,90.93,67.91999999389648,40.06666661580404
3341,10.0,0.9999999992370605,0.8333333320617676
3342,91.13,66.49999998168946,38.23333336385091
3343,91.8,68.08000003662109,41.86666660563151
3344,92.51,67.53999986572266,42.666666656494144
3345,89.84,64.79999996337891,37.866666564941404
3346,90.73,66.64000000610352,30.433333353678385
3347,86.8,57.719999975585935,28.7
3348,93.33,70.13999993896485,43.86666662597656
3349,75.44,46.55999993286133,15.69999996693929
3350,88.5,62.90000000610352,34.533333231608076
3351,10.0,0.9999999996185303,0.8333333333333334
3352,77.07,43.380000006103515,20.466666661580405
3354,90.56,64.87999992675782,36.2666665242513
3355,91.28,66.80000001220704,37.533333302815755
3356,89.87,64.34,38.23333330281576
3357,89.18,63.55999999389648,33.899999959309895
3358,90.3,64.23999993896484,35.49999985758463
3359,87.77,56.319999969482424,31.76666663614909
3360,88.84,64.14000001220703,34.29999985758464
3361,93.2,70.69999986572266,42.79999990844727
3362,79.23,51.70000002441406,17.333333297729492
3363,84.89,55.97999994506836,24.833333297729492
3364,84.64,58.11999995117188,17.0666666208903
3365,92.52,67.47999986572266,41.16666655476888
3366,91.77,66.43999999389648,37.599999857584635
3367,91.34,67.0399999633789,38.56666661580404
3368,87.04,58.780000024414065,29.466666631062825
3369,92.15,66.55999997558594,39.7666665649414
3370,91.14,64.15999993286133,38.7666665649414
3371,90.51,64.57999991455078,35.96666650390625
3372,89.76,63.359999981689455,34.73333332316081
3373,92.3,68.39999998779297,42.29999998982748
3374,87.15,57.960000018310545,27.36666658528646
3375,75.75,46.93999994506836,16.066666648864746
3376,89.6,63.320000036621096,34.7666665242513
3377,91.34,66.61999993896484,33.13333335367839
3378,90.9,66.28000004882813,38.266666631062826
3379,92.09,67.40000004882812,39.966666636149085
3381,92.18,67.45999995117188,38.06666661580404
3382,77.45,44.43999995727539,16.49999998219808
3384,92.29,66.59999995117188,40.59999989827474
3386,89.75,64.61999998779297,33.166666656494144
3387,75.12,47.09999998168945,15.799999997456869
3388,85.09,57.320000036621096,23.53333330790202
3389,92.48,69.36000006103515,44.36666658528646
3390,91.51,65.55999997558594,36.39999991861979
3391,90.7,65.41999987792968,35.83333327229818
3392,85.94,51.58000001220703,26.133333363850912
3393,86.29,58.17999994506836,27.63333325703939
3394,85.8,57.45999999389648,25.299999954223633
3395,92.39,69.14000003662109,41.000000030517576
3396,75.31,43.45999993286133,19.299999964396157
3397,92.53,66.55999998779296,38.83333319091797
3398,89.13,61.579999993896486,31.900000061035158
3399,92.98,70.11999998779297,44.49999986775716
3400,89.34,65.19999991455079,35.99999992879232
3401,92.37,68.10000002441406,42.499999969482424
3402,89.29,61.81999992675781,34.89999994913737
3403,85.78,58.59999999389648,19.43333329264323
3404,91.86,66.77999991455079,38.53333335367839
3405,91.76,67.90000000610351,38.53333327229818
3406,91.85,66.1800000366211,39.63333329264323
3407,91.65,67.97999995117188,38.66666667683919
3408,89.32,64.15999997558593,33.433333267211914
3409,88.74,62.119999993896485,31.400000010172526
3410,83.07,54.62,20.566666697184246
3411,87.79,60.139999963378905,28.266666590372722
3412,91.38,66.00000003662109,36.59999984741211
3413,75.76,45.499999981689456,15.866666676839193
3414,90.4,67.62000002441407,40.39999984741211
3415,90.97,65.42000004882813,36.63333339436849
3416,90.14,64.9600000366211,36.29999995930989
3417,89.83,65.80000000610352,38.633333272298174
3418,79.37,49.37999999389648,19.466666646321613
3419,93.09,68.8399999633789,44.566666646321615
3420,92.35,69.34000002441407,42.89999994913737
3421,87.16,57.89999995727539,28.833333272298177
3422,69.85,41.42,13.799999974568685
3423,71.4,36.37999998779297,16.499999966939292
3425,80.05,50.00000000610351,20.83333329264323
3426,51.02,10.719999987792969,11.30000000254313
3427,88.38,63.77999998779297,33.66666655476888
3428,93.08,70.15999995117187,43.69999989827474
3429,90.32,64.83999998779296,32.93333339436849
3430,92.67,67.04000006103516,40.73333323160807
3431,89.06,61.77999992675781,32.96666655476888
3432,87.71,57.62000000610352,17.199999959309896
3435,91.92,68.15999991455078,41.29999997965495
3436,89.16,63.14000000610351,33.03333339436849
3437,69.37,38.04000002441406,16.399999989827474
3438,86.87,58.319999963378905,27.399999923706055
3439,93.08,70.35999996337891,41.66666663614909
3440,89.17,64.91999997558594,36.600000040690105
3441,90.14,65.72000006103515,37.43333337402344
3442,86.87,58.79999995727539,28.366666575113932
3443,75.59,46.89999993896485,15.8
3444,90.46,64.20000001220703,36.400000030517575
3445,90.28,66.59999992675782,39.266666615804034
3446,77.15,44.019999938964844,23.000000005086264
3447,92.51,67.6,38.833333333333336
3448,46.59,10.179999981689454,11.133333320617675
3449,86.73,58.0799999633789,28.033333333333335
3450,89.67,64.97999995117188,37.89999984741211
3451,91.84,66.89999993896484,39.800000010172525
3452,91.88,66.78000006103515,39.233333221435544
3453,88.89,63.84000001220703,33.89999993896485
3454,90.42,62.90000001220703,34.06666662597656
3455,79.49,49.08000000610352,19.39999996439616
3457,90.64,66.16000000610352,37.69999988810221
3458,93.29,70.71999986572266,45.666666534423825
3459,90.83,65.30000001220704,37.26666658528646
3460,73.48,43.86000002441406,14.733333287556967
3461,93.39,69.43999997558593,44.366666687011715
3462,92.66,67.56000006103515,40.7333332417806
3463,75.94,46.07999996948242,15.333333312988282
3465,86.84,57.35999995727539,27.600000030517577
3466,92.34,68.13999993896485,39.79999990844727
3467,93.08,70.7999998779297,44.033333363850915
3468,90.03,65.48000004882813,36.83333339436849
3469,91.77,68.3200000366211,41.99999986775716
3470,93.28,69.07999995117187,42.66666656494141
3471,73.72,38.659999990844724,17.79999994913737
3472,80.95,50.78,21.166666631062824
3474,93.75,70.96000006103516,44.233333221435544
3475,91.55,66.99999998779298,38.66666672770182
3476,73.21,44.50000000610351,14.999999969482422
3478,82.19,49.64000000610351,21.266666646321614
3479,90.14,65.62000004882813,35.666666656494144
3480,87.34,59.119999993896485,25.666666595458985
3481,90.59,66.00000003662109,37.89999991861979
3482,80.27,50.84000002441406,20.63333332316081
3483,90.25,66.33999997558594,36.53333329772949
3484,91.28,66.54000001220703,38.96666672770182
3485,90.93,65.85999989013672,38.0999999593099
3486,92.98,69.86000002441406,42.96666664632161
3487,93.5,70.14000003662109,43.099999908447266
3488,91.84,67.30000006103515,41.23333330281576
3489,92.04,67.3,39.8333332417806
3490,92.14,68.33999998779296,41.93333339436849
3491,93.23,68.87999993896484,43.03333321126302
3492,89.26,62.939999926757814,32.73333319091797
3493,90.39,63.96000001220703,35.00000001017253
3494,89.65,64.68000006103516,33.99999992879232
3495,86.72,58.140000024414064,28.466666651407877
3496,90.0,63.86,34.66666657511393
3497,91.08,66.57999998779297,39.83333331298828
3498,90.86,66.95999992675782,38.766666605631514
3499,88.46,60.679999981689456,31.599999989827474
3500,91.06,61.56,36.03333320109049
3501,86.55,57.92000001220703,27.933333282470702
3502,89.02,62.80000001220703,33.400000010172526
3503,92.16,69.10000000610351,41.766666615804034
3504,91.5,65.78000001220703,37.29999990844727
3505,92.02,67.82000002441406,38.666666534423825
3507,92.14,67.35999996337891,41.13333337402344
3508,75.69,47.21999995727539,15.33333332824707
3509,87.51,56.480000006103516,31.13333331298828
3510,88.45,64.06000001220703,34.66666658528646
3511,92.03,67.26000002441407,39.56666650390625
3512,89.71,61.8999999633789,34.933333170572915
3513,86.61,57.88,26.866666697184243
3514,88.56,61.67999995117187,32.399999994913735
3515,75.63,46.659999938964845,16.166666664123536
3516,87.94,59.579999981689454,33.63333322143555
3517,90.93,65.44000004882813,38.26666665649414
3518,89.86,65.02000001220703,37.03333317057292
3519,85.2,57.61999996337891,17.499999918619793
3520,87.4,57.73999996337891,27.99999994913737
3521,86.35,57.36,28.96666663614909
3522,90.58,65.8799999633789,36.36666664632161
3523,86.41,54.29999996337891,28.73333334350586
3524,92.46,67.77999991455079,39.93333339436849
3525,91.87,67.60000000610351,39.9333332417806
3526,91.7,68.3800000366211,42.50000006103516
3527,92.46,66.98000006103516,41.26666664632162
3528,90.97,63.56000003662109,35.03333331298828
3529,86.31,56.679999926757816,25.433333272298178
3530,92.49,68.44000002441406,43.46666664632161
3531,79.47,47.90000000610352,18.933333338419597
3532,87.73,59.16000002441406,28.099999974568686
3534,87.01,59.65999996337891,29.033333282470704
3535,90.14,64.45999997558594,38.89999989827474
3536,88.11,61.66000002441406,30.433333282470702
3537,91.28,67.22000003662109,36.999999837239585
3538,93.5,69.44000006103515,44.733333221435544
3539,91.67,66.45999997558594,38.66666657511393
3540,94.01,71.37999991455078,44.93333333333333
3541,91.16,65.35999998779297,36.23333332316081
3542,10.0,0.9999999996185303,0.8333333326975505
3543,91.29,66.79999998779297,38.20000002034505
3544,86.31,55.16000001220703,27.366666681925455
3545,55.66,29.259999978637694,10.633333335876465
3546,88.38,61.280000024414065,29.29999997965495
3547,92.43,68.00000004882813,39.16666656494141
3548,90.31,65.40000006103516,37.7
3549,91.69,65.49999998779298,36.13333323160807
3550,90.48,65.86000002441406,37.93333333333333
3551,91.44,67.62000006103516,38.36666662597656
3552,91.39,66.81999993896484,40.06666659545898
3553,10.0,0.9999999996185303,0.8333333326975505
3554,88.62,60.58000000610352,33.29999985758464
3555,92.09,66.63999991455078,41.199999989827475
3556,72.84,38.439999975585934,18.233333315531414
3557,91.43,65.43999993896485,36.69999988810221
3559,93.47,70.08000002441406,43.86666664632161
3560,91.07,65.53999991455078,37.06666668701172
3561,91.15,67.01999986572265,37.79999986775716
3562,92.36,68.5799998779297,43.79999994913737
3563,89.84,64.43999998779297,32.766666727701825
3564,75.88,45.819999981689456,15.49999996693929
3565,90.42,63.859999865722656,36.999999969482424
3566,91.91,67.1000000366211,38.29999992879232
3567,88.93,62.01999992675781,30.433333297729494
3568,91.34,65.86,37.699999857584636
3569,91.68,67.26000001220703,41.90000005086263
3570,90.34,64.1,34.46666654459636
3571,89.89,64.14,33.599999989827474
3572,89.48,62.00000001220703,30.499999923706056
3573,88.48,61.88,30.53333326212565
3574,89.77,67.10000002441406,37.233333221435544
3576,91.24,67.1600000366211,37.73333330281576
3577,92.36,68.57999991455078,44.933333170572915
3578,93.0,70.07999997558593,43.766666544596355
3579,88.18,62.25999987792969,30.79999994913737
3580,93.22,70.98,44.63333321126302
3581,92.91,68.57999992675781,43.53333333333333
3582,90.14,63.43999991455078,36.8666665242513
3583,87.1,57.53999993286133,24.099999944051106
3584,75.63,46.78,15.433333315531414
3585,81.03,48.77999995727539,19.666666585286457
3586,90.06,64.34,36.33333327229818
3587,92.04,69.84000003662109,43.89999990844726
3589,91.75,67.85999992675781,41.13333330281576
3590,86.28,59.67999993896484,27.4
3591,92.02,66.37999998168945,39.3333332010905
3593,88.94,61.700000012207035,32.100000040690105
3594,84.71,56.43999994506836,17.333333338419596
3595,89.92,64.5999999633789,33.46666655476888
3596,88.41,62.28000000610351,32.66666658528646
3597,92.29,67.79999993896485,39.93333334350586
3598,92.73,69.37999992675782,44.4666667175293
3599,85.3,55.499999975585936,27.233333251953123
3600,92.2,66.80000006103515,40.29999984741211
3601,85.87,57.839999932861325,25.966666697184245
3602,84.87,56.73999998779297,16.933333282470702
3603,92.08,67.23999998168945,38.866666600545244
3604,91.39,66.20000004882813,35.99999991861979
3605,91.3,66.68000000610351,39.96666664632161
3606,79.57,44.199999945068356,23.033333353678387
3608,88.65,62.91999991455078,33.33333332316081
3609,89.59,64.04000000610351,35.50000006103516
3610,86.12,57.439999932861326,28.06666658528646
3611,92.1,66.77999992675781,38.999999969482424
3612,91.47,67.64,39.23333337402344
3613,89.17,62.439999993896485,32.76666669718424
3614,89.51,63.97999992675781,33.799999888102214
3615,91.98,67.66000006103516,41.23333335367838
3616,80.08,50.15999996337891,21.16666665649414
3617,92.27,69.63999995117187,41.933333282470706
3618,92.79,69.09999992675782,42.43333333333333
3620,78.96,44.28000000610351,22.23333332824707
3622,92.63,67.79999993896485,43.033333251953124
3623,76.0,47.01999993286133,15.799999933878581
3624,89.97,64.37999996948243,35.766666666666666
3625,93.35,70.7999999267578,43.733333262125655
3626,91.13,65.62000000610351,38.29999983723958
3627,92.12,67.27999998779296,39.766666666666666
3628,92.64,68.0599999633789,37.033333241780596
3629,82.51,50.59999998168945,18.233333312988282
3630,87.77,55.23999996948242,30.433333323160806
3631,92.01,67.63999996337891,39.333333343505856
3632,91.26,66.15999991455078,37.599999979654946
3633,10.0,0.9999999992370605,0.8333333320617676
3634,86.58,53.79999992675781,27.466666575113933
3635,90.87,66.12000001220703,39.10000002034505
3636,89.86,65.16,36.999999969482424
3637,91.76,67.83999997558594,38.29999986775716
3638,92.48,69.01999992675782,42.83333339436849
3639,82.81,48.919999951171874,21.19999993387858
3640,92.53,69.03999986572266,41.43333334350586
3641,82.62,54.37999998779297,21.300000030517577
3642,93.08,68.17999998779297,44.966666514078774
3643,89.52,64.33999993896484,34.09999993896484
3644,88.75,61.859999914550784,33.99999988810222
3646,93.05,69.74000004882812,42.79999985758464
3647,92.16,68.87999993896484,41.53333319091797
3648,91.21,66.42000004882813,38.333333343505856
3649,75.64,46.29999992675781,16.499999972025552
3650,92.5,68.18000006103516,44.23333317057292
3651,92.3,67.34000006103516,39.900000030517575
3652,90.12,66.14,38.1333332824707
3654,91.99,67.47999992675781,39.20000001017252
3656,87.86,57.3999999633789,32.93333326212565
3657,87.85,58.69999998168945,32.066666661580406
3658,91.36,67.77999999389648,39.999999908447265
3659,86.1,51.759999938964846,25.266666651407878
3660,91.32,65.53999991455078,39.16666656494141
3661,75.56,47.30000002441406,15.266666648864746
3662,84.0,50.93999998168945,26.133333272298177
3663,92.54,69.00000002441406,42.06666663614909
3664,92.74,69.93999997558593,42.36666664632161
3665,86.45,58.07999995727539,27.633333251953125
3666,85.92,53.50000001220703,27.93333332824707
3667,92.0,67.45999986572265,40.03333326212565
3668,90.92,66.90000006103516,38.10000002034505
3669,92.22,67.90000006103516,40.999999959309896
3670,91.81,67.07999995117187,38.666666631062824
3671,84.67,57.21999994506836,17.499999997456868
3672,91.72,67.62000004882813,38.76666665649414
3673,92.3,67.07999994506837,38.43333332316081
3674,91.17,65.22000004882813,36.933333282470706
3675,92.63,69.55999986572266,43.16666672770182
3676,87.52,57.58000001220703,29.26666663614909
3677,91.97,67.55999999389648,41.266666605631514
3678,93.04,70.38,43.99999984741211
3679,86.55,57.479999932861325,28.36666665140788
3680,88.97,62.67999998779297,31.166666631062824
3681,89.59,64.31999999389649,33.43333319091797
3683,90.35,66.5599999633789,36.46666670735677
3684,80.42,50.16000001220703,21.233333338419595
3685,80.32,50.57999998779297,18.96666668701172
3686,86.79,58.12000001831055,28.166666564941405
3687,89.82,64.46000001220703,34.06666666666667
3688,92.17,68.04,39.69999999491374
3689,89.07,65.32000001220703,33.73333334350586
3690,92.24,68.32000006103516,42.43333333333333
3691,86.66,58.55999999389648,27.999999923706056
3693,86.38,57.37999996948242,24.666666676839192
3696,91.86,66.85999992675781,37.29999986775716
3698,86.2,56.419999957275394,28.799999994913737
3699,89.12,64.49999999389648,34.699999989827475
3700,92.19,67.34000002441407,39.066666707356774
3701,91.62,66.25999987792969,36.86666662597656
3702,92.37,68.99999992675781,43.86666658528646
3703,92.29,67.43999998779297,39.2666665649414
3704,89.09,63.31999995117187,32.56666668701172
3706,93.28,70.01999992675782,43.999999969482424
3707,91.59,67.05999998779296,37.999999979654945
3708,92.15,67.12000004882813,42.000000040690104
3709,85.18,57.02000002441406,25.43333326212565
3710,92.7,68.89999986572266,39.36666651407877
3711,91.99,67.75999986572266,38.46666650390625
3712,79.89,49.98000002441406,21.066666661580403
3713,88.57,62.72000001220703,31.966666524251302
3714,75.58,46.699999951171876,16.233333330790202
3716,77.85,44.099999957275394,21.466666595458985
3717,91.26,68.11999993896484,39.59999987792969
3718,90.02,63.66000003662109,36.79999992879232
3719,92.03,68.03999991455078,39.03333317057292
3720,91.66,66.31999998168945,38.89999990844726
3722,90.68,64.79999986572265,36.56666656494141
3723,76.07,46.259999987792966,16.166666648864744
3724,89.93,64.05999991455079,34.7666665242513
3725,92.46,64.92000003662109,33.93333332316081
3726,91.08,66.06000003662109,37.76666668701172
3727,88.17,61.35999996948242,31.2333332417806
3728,86.37,58.05999996337891,28.49999994913737
3729,79.09,42.359999975585936,27.066666681925454
3730,91.35,65.65999993896484,36.99999985758463
3732,91.95,67.8399999633789,39.2666665649414
3733,92.7,69.06000006103515,40.13333323160807
3734,87.5,57.86000000610352,32.19999997965495
3735,91.99,63.2,36.06666659545898
3736,79.43,51.41999998168945,21.03333336385091
3737,92.81,69.77999987792968,42.333333221435545
3739,90.12,66.29999999389648,37.46666668701172
3740,92.34,67.87999991455078,40.833333170572914
3741,88.48,61.61999996948242,31.933333221435547
3742,90.3,65.57999997558593,37.16666672770182
3743,80.13,51.299999993896485,17.39999999491374
3744,90.8,65.1999999633789,33.16666663614909
3745,93.25,68.17999998779297,42.46666660563151
3746,86.69,57.75999995117188,28.099999908447266
3747,73.55,43.820000018310544,14.766666676839193
3748,92.77,68.85999993896485,42.766666544596355
3749,90.15,65.52000000610352,35.033333241780596
3750,84.39,57.619999993896485,23.966666666666665
3751,92.45,69.11999993896484,42.20000005086263
3752,89.17,63.779999951171874,33.59999999491374
3753,89.97,64.19999996948242,36.13333332824707
3755,92.52,68.07999996337891,39.03333322143555
3756,90.42,64.99999998168946,35.766666615804034
3757,91.55,66.13999998168946,37.96666672770182
3758,89.35,65.17999999389649,34.366666687011715
3759,91.88,67.61999998168945,40.13333330281576
3760,92.13,67.81999992675782,38.8666665242513
3761,90.57,64.11999998779297,36.26666653442383
3762,92.2,68.46000006103516,41.033333241780596
3763,79.68,50.079999938964846,21.333333353678384
3764,88.89,63.32000006103516,34.10000001017253
3765,91.68,67.3399999633789,40.166666656494144
3766,76.81,42.93999998168945,26.06666660563151
3768,87.12,52.97999994506836,26.93333329264323
3769,92.22,68.03999997558594,40.733333272298175
3770,87.46,56.91999994506836,26.23333330790202
3772,91.78,68.03999997558594,39.36666663614909
3773,82.45,43.87999994506836,25.800000010172525
3774,85.63,51.58000000610352,26.899999954223635
3776,90.75,66.92000001220703,37.133333384195964
3777,85.12,50.939999932861326,24.833333302815756
3778,92.0,67.70000006103515,40.96666650390625
3780,92.51,69.14000001220703,40.16666660563151
3781,85.88,56.359999914550784,3.333333330790202
3782,92.58,69.33999987792969,41.86666664632161
3783,90.06,64.41999991455079,35.63333329264323
3784,87.65,58.63999999389648,33.13333322143555
3785,88.18,59.119999926757814,31.03333331298828
3786,91.69,67.86000004882813,38.39999989827474
3788,91.53,67.77999991455079,42.23333334350586
3789,82.13,54.640000024414064,19.90000001525879
3790,87.97,59.27999992675781,32.033333251953124
3791,87.86,57.83999992675781,26.46666662597656
3792,91.74,66.8800000366211,38.89999985758463
3793,86.85,58.81999995117187,27.666666615804036
3794,92.25,69.61999998779297,43.79999984741211
3795,85.55,57.97999992675781,28.69999996439616
3796,86.46,57.880000006103515,27.599999908447266
3797,89.92,63.63999992675781,34.09999994913737
3798,85.42,58.539999975585935,23.633333338419597
3799,86.76,53.81999992675781,26.03333329772949
3800,77.99,50.03999996948242,19.166666681925456
3801,89.78,63.99999998779297,35.2666665242513
3802,92.11,67.88000006103516,41.29999990844727
3804,89.69,64.23999993896484,35.19999988810221
3806,91.85,67.36000004882813,38.3333332417806
3807,88.08,61.45999994506836,32.5333332824707
3808,10.0,0.9999999992370605,0.8333333326975505
3809,86.2,57.87999998168945,27.6
3810,74.08,44.37999997558594,14.133333267211913
3811,92.79,69.25999991455078,42.39999984741211
3812,90.53,64.66000006103516,34.59999996439616
3813,87.58,55.95999995117187,29.533333353678387
3814,86.85,56.13999998779297,30.833333302815756
3815,91.35,67.20000003662109,39.69999983723958
3816,92.43,68.60000000610351,41.233333272298175
3817,91.66,68.63999993896485,40.6999999593099
3819,90.88,66.28000001220703,38.533333374023435
3820,92.76,69.6200000366211,43.76666667683919
3821,92.12,66.27999995117187,38.86666653442383
3822,85.84,57.75999994506836,25.36666668701172
3823,92.58,68.98000000610351,41.233333384195966
3824,89.71,63.759999938964846,33.66666670735677
3825,92.29,69.07999995117187,41.13333334350586
3826,91.4,65.17999999389649,36.19999990844727
3827,89.48,65.8200000366211,36.49999992879232
3828,88.47,60.45999993896484,21.73333326212565
3829,92.21,68.39999991455078,40.933333231608074
3830,92.51,70.18,43.39999994913737
3831,75.88,46.73999998168945,15.73333332824707
3832,92.26,68.76000000610351,42.6999999593099
3833,92.19,68.03999991455078,38.266666666666666
3834,91.98,68.13999995117187,39.499999837239585
3835,92.02,66.35999996948242,38.899999837239584
3836,92.28,67.31999986572265,38.466666625976565
3837,73.95,44.81999993286133,14.566666681925456
3838,89.68,64.99999998779298,35.000000030517576
3839,80.39,51.019999951171876,21.066666636149087
3840,10.0,1.0,0.8333333326975505
3841,88.21,63.08000001220703,31.933333297729494
3842,88.38,63.899999926757815,33.5666665242513
3843,86.94,56.12000000610352,29.099999989827474
3844,91.99,68.48000004882813,41.49999994913737
3845,90.07,64.75999999389649,36.633333323160805
3846,86.78,59.17999993896484,22.69999993387858
3847,92.3,67.70000000610352,38.8333332417806
3848,80.6,47.860000018310544,17.699999974568684
3850,88.94,62.73999993896484,33.26666667683919
3851,92.52,68.91999989013672,41.066666514078776
3852,91.98,67.50000003662109,39.800000010172525
3853,91.95,66.86000004882813,38.333333353678384
3854,10.0,0.9999999984741211,0.8333333314259846
3855,92.41,67.32000004882812,41.16666656494141
3856,91.69,67.45999993896484,38.533333374023435
3857,92.06,67.37999995117187,39.46666661580404
3858,93.1,69.59999993896484,44.49999988810222
3859,91.88,67.82000006103516,40.39999993896485
3860,92.7,69.39999995117188,42.19999988810221
3861,90.0,61.959999963378905,35.59999996439616
3863,80.08,48.83999995727539,18.533333282470704
3864,92.9,68.46000006103516,37.966666697184245
3865,89.48,65.44000002441406,36.266666666666666
3866,85.21,56.159999993896484,25.26666667175293
3867,75.47,46.93999998168945,15.10000001525879
3868,91.1,67.15999993896484,37.13333326721192
3869,92.17,67.69999995117188,39.03333335367839
3870,75.47,46.46000000610351,16.06666663360596
3871,91.62,66.76000001220703,39.56666653442383
3872,92.21,68.08000000610352,39.366666615804036
3873,85.8,53.71999993896485,26.06666657511393
3874,88.64,61.71999999389649,31.299999954223633
3875,91.94,66.93999993896485,40.53333334350586
3876,92.43,68.09999987792969,41.833333343505856
3878,75.6,46.199999951171876,16.03333331553141
3879,91.06,65.25999991455078,36.89999994913737
3880,85.3,52.36000002441406,26.89999994913737
3881,92.31,67.61999991455077,38.3666667175293
3882,92.8,69.29999986572265,41.9666665242513
3883,92.06,68.49999987792968,41.56666672770182
3884,92.1,67.36000003662109,38.26666653442383
3885,86.79,58.55999995727539,28.23333326212565
3886,91.12,64.99999996337891,37.266666727701825
3887,90.99,66.86000004882813,37.9
3889,91.5,67.12000002441407,39.833333170572914
3890,89.35,66.05999991455079,35.29999993387858
3891,90.38,64.37999994506836,33.73333319091797
3892,88.99,61.28000000610351,30.73333329264323
3893,86.66,57.82,32.33333329264323
3894,83.91,54.59999997558594,25.96666662597656
3895,92.0,67.56,39.033333241780596
3896,91.62,66.94000002441406,38.16666670735677
3897,80.79,50.68,21.799999989827473
3898,92.27,67.34000003662109,41.233333384195966
3899,92.23,66.98,38.93333332316081
3900,91.84,67.49999999389648,39.93333327229818
3901,78.01,43.49999993286133,27.399999989827474
3902,91.95,67.7999999267578,40.19999997965495
3903,92.59,66.80000002441406,38.466666661580405
3904,91.7,65.48000002441407,36.26666663614909
3905,89.68,64.61999995117188,37.23333329264323
3906,88.58,61.60000001220703,30.899999908447267
3907,93.57,70.15999995117187,43.86666651407877
3908,81.49,49.060000006103515,20.43333326212565
3909,89.82,64.24000000610351,34.466666625976565
3910,76.17,47.37999996948242,16.133333300272625
3911,70.21,40.280000018310545,13.766666636149088
3912,92.23,68.51999998779297,41.86666650390625
3913,92.85,71.27999996337891,44.633333201090494
3914,85.31,57.740000024414066,23.43333326212565
3915,91.93,68.44000004882813,40.99999984741211
3916,89.95,64.03999995727538,36.96666668701172
3917,92.15,69.27999992675781,43.5999999593099
3918,80.21,50.199999951171876,19.966666641235353
3919,91.92,65.98000001220703,32.999999994913736
3920,92.86,69.70000003662109,43.99999998982747
3921,91.66,67.55999986572266,38.733333272298175
3923,91.02,65.19999993896485,37.3000000406901
3924,89.51,63.28000004882813,33.599999979654946
3925,85.31,58.76000000610352,26.3666666208903
3926,90.74,66.78000006103515,38.63333329264323
3927,93.45,69.87999987792969,43.8666665242513
3929,89.74,66.9600000366211,36.733333333333334
3930,89.11,61.759999981689454,31.79999994913737
3932,91.99,68.29999991455078,39.133333272298174
3933,92.88,68.97999995117188,43.300000010172525
3934,92.85,68.84000001220703,45.49999986775716
3935,91.61,66.35999992675781,37.533333302815755
3936,89.41,62.58000000610352,34.19999988810221
3937,92.54,68.50000003662109,41.666666646321616
3938,89.17,63.98000003662109,34.66666672770182
3939,88.92,63.899999926757815,32.8333332417806
3940,87.83,62.159999951171876,30.833333262125652
3941,89.96,64.96,36.033333363850915
3942,88.67,61.59999999389648,32.46666659545898
3943,10.0,0.9999999992370605,0.8333333320617676
3944,85.02,58.179999969482424,23.833333333333332
3945,88.7,61.96,32.63333336385091
3946,88.8,64.37999999389649,32.999999959309896
3947,92.09,67.6200000366211,39.333333170572914
3948,50.52,10.16,10.366666659037271
3949,92.33,69.03999993896484,43.26666668701172
3950,89.31,62.08000000610352,33.09999999491374
3951,86.56,57.319999963378905,27.2333332417806
3952,92.12,68.32000006103516,41.79999996948242
3953,89.24,62.339999938964844,32.16666655476888
3954,83.24,55.380000012207034,24.600000030517577
3955,88.65,61.72000002441406,32.5333332824707
3956,10.0,0.9999999992370605,0.8333333326975505
3957,88.56,63.159999993896484,33.13333333333333
3958,79.63,49.52,16.733333330790202
3959,88.71,62.699999945068356,32.53333320109049
3960,90.81,66.58000006103515,37.79999994913737
3961,91.78,67.70000006103515,39.26666650390625
3962,87.91,62.25999995727539,31.933333282470702
3963,92.11,67.98000004882813,39.06666660563151
3964,84.52,58.019999951171876,23.80000001525879
3965,92.26,67.70000001220703,39.133333272298174
3966,89.71,61.98000001220703,34.96666668701172
3967,91.84,66.63999995117187,35.06666665649414
3969,92.82,68.41999987792968,41.99999998982747
3970,91.41,65.49999991455078,37.733333262125655
3971,92.91,67.56000000610352,40.66666660563151
3972,93.49,69.87999995117187,40.899999837239584
3973,84.41,55.48,26.93333332824707
3974,90.44,63.740000012207034,34.966666661580405
3975,92.36,67.08000002441406,39.10000002034505
3976,89.82,66.39999993896484,37.500000040690104
3977,93.1,70.51999995117187,44.40000005086263
3978,91.71,66.85999993896485,37.7
3979,86.29,54.07999994506836,26.199999908447264
3980,88.64,62.81999997558594,34.29999983723958
3981,91.98,67.14000000610352,38.39999984741211
3982,93.73,71.56,45.59999984741211
3983,89.48,65.04000002441406,33.96666672770182
3984,89.21,63.54,32.89999998982747
3985,92.16,68.03999991455078,39.49999988810222
3987,84.87,56.740000018310546,16.499999918619793
3988,91.63,66.53999997558594,40.400000010172526
3989,87.66,56.999999975585936,6.266666643778483
3991,91.35,64.82000004882812,36.13333329264323
3992,89.24,66.14000006103515,36.633333272298174
3993,91.77,66.33999997558594,38.966666564941406
3994,92.44,68.8999999633789,42.83333318074544
3995,86.76,55.880000006103515,28.199999928792316
3996,88.53,58.05999993286133,27.46666662597656
3997,92.62,68.97999990234375,42.633333272298174
3998,92.64,68.81999986572265,40.49999994913737
3999,53.8,28.440000003051757,10.233333302815755
4000,92.66,69.69999987792968,40.86666670735677
4001,81.95,52.479999993896485,20.73333326212565
4002,92.23,67.31999991455078,39.63333323160807
4003,92.44,69.30000006103515,43.13333334350586
4004,93.04,68.59999992675782,42.69999994913737
4005,90.41,64.97999993896484,34.39999991861979
4006,92.09,67.30000000610352,38.26666663614909
4007,92.37,68.16000001220704,41.06666662597656
4008,92.33,69.72000001220704,43.63333322143555
4009,84.45,56.91999993896484,23.399999959309895
4010,86.77,58.60000001220703,27.73333332824707
4011,91.99,67.48000003662109,38.86666669718424
4012,86.94,59.68,27.73333327229818
4014,76.3,46.739999951171875,16.13333334350586
4015,92.32,67.53999993896484,40.766666615804034
4016,90.28,66.88000001220703,38.499999959309896
4017,92.54,67.26,41.500000040690104
4018,73.81,44.13999993286133,15.366666646321615
4019,91.72,67.31999993896484,40.53333317057292
4020,79.61,50.72,20.999999959309896
4021,88.63,60.579999981689454,34.09999989827474
4022,75.6,46.37999994506836,16.33333331298828
4023,91.82,68.9000000366211,36.999999979654945
4024,93.86,69.07999996948242,42.066666707356774
4025,88.85,62.91999998779297,33.56666667683919
4026,84.76,50.73999998168945,23.899999959309895
4027,77.18,42.079999938964846,22.599999944051106
4028,86.7,58.35999995117187,28.266666590372722
4029,89.54,64.57999998168945,37.0666665242513
4030,91.8,67.26,40.599999969482425
4031,86.68,58.65999997558594,27.499999938964844
4032,92.72,67.82000001220703,43.366666687011715
4033,10.0,0.9999999984741211,0.8333333320617676
4034,90.38,64.06000001220703,36.23333319091797
4035,89.32,63.62000002441406,33.99999988810222
4036,89.26,64.11999991455077,32.76666662597656
4038,90.01,64.52000002441406,35.46666660563151
4039,10.0,0.9999999996185303,0.8333333326975505
4040,70.96,39.359999963378904,18.533333267211916
4042,91.16,64.87999999389649,28.733333323160807
4043,80.53,49.04,19.69999998219808
4044,92.11,68.93999993896485,43.99999993896484
4045,89.11,63.14,32.70000004069011
4046,92.97,70.53999987792969,43.633333201090494
4047,92.04,66.68000004882812,41.999999979654945
4048,89.16,62.15999998168945,32.33333326721191
4049,92.07,68.13999992675781,41.566666575113935
4051,84.78,54.55999999389648,24.19999995422363
4052,92.57,66.88000004882812,40.70000004069011
4053,88.89,63.86000004882813,33.69999997965495
4054,86.66,59.319999914550785,27.733333312988282
4055,78.68,46.33999996948242,22.39999999491374
4057,88.81,63.200000012207035,31.13333332824707
4058,88.63,63.39999993896485,32.99999991861979
4059,76.61,46.09999998779297,16.433333302815754
4060,89.26,61.15999997558594,35.33333323160807
4061,91.34,66.94000004882813,37.33333321126302
4063,93.28,69.57999992675781,44.46666666666667
4064,89.0,61.759999975585934,31.63333332316081
4065,89.84,64.13999998779298,33.86666663614909
4066,90.92,65.4,37.06666653442383
4067,91.99,67.77999986572266,38.96666650390625
4068,89.27,61.47999998779297,32.399999837239584
4069,92.49,69.27999993896485,41.59999987792969
4070,90.2,63.88000002441406,34.79999998982748
4071,10.0,1.0,0.8333333314259846
4072,88.2,60.22000001220703,33.23333330281576
4073,84.86,56.739999951171875,16.933333300272622
4074,90.59,65.8399999633789,36.23333323160807
4076,89.96,64.43999998779297,36.666666534423825
4077,89.2,62.439999865722655,32.933333292643226
4078,89.86,63.99999999389649,33.13333336385091
4079,92.42,68.23999987792969,42.33333323160807
4081,86.08,54.57999993286133,25.133333363850912
4082,91.92,67.1199999633789,38.96666664632161
4083,92.04,69.71999992675781,39.59999983723959
4084,89.34,65.01999998779297,36.33333326212565
4085,91.38,67.10000004882812,38.59999984741211
4086,67.94,37.76000001831055,16.29999998219808
4087,92.37,69.0,43.433333353678385
4088,92.19,68.04000002441406,38.699999938964844
4089,78.15,43.079999993896486,22.366666600545248
4090,91.99,67.6600000366211,39.86666657511393
4091,87.12,60.639999963378905,26.83333331298828
4092,87.4,60.91999996948242,30.333333231608073
4093,84.54,56.35999996948242,23.766666666666666
4094,10.0,0.9999999996185303,0.8333333320617676
4095,92.11,68.25999993896484,40.96666654459636
4096,87.53,57.860000018310544,31.93333331298828
4097,91.51,65.41999996337891,36.43333336385091
4098,89.15,62.11999995117188,32.000000020345055
4099,93.82,70.82,43.56666661580404
4100,86.53,57.61999995117188,28.866666661580403
4101,71.36,50.91999998168945,20.96666662597656
4103,89.95,64.19999993896485,35.36666662597656
4104,91.9,67.57999990234374,39.43333321126302
4105,92.92,69.49999987792968,42.83333336385091
4106,92.48,67.7600000366211,39.7333332824707
4107,92.05,69.57999991455078,41.96666672770182
4108,91.52,67.79999998779297,39.23333330281576
4109,86.8,56.319999963378905,30.166666615804036
4110,91.04,65.1199999633789,35.6999999593099
4111,92.25,67.52000002441406,40.066666646321615
4112,89.71,63.97999998168945,33.400000030517575
4113,92.26,68.91999991455079,43.20000004069011
4115,80.3,50.560000012207034,20.06666658528646
4116,89.18,63.39999995727539,32.666666631062824
4117,91.43,66.27999991455079,39.29999994913737
4118,90.01,64.88000001220703,36.06666655476888
4119,91.92,67.01999991455078,39.60000001017253
4120,90.18,63.699999951171876,34.499999908447265
4121,91.03,67.32000004882812,39.466666625976565
4122,91.1,65.75999997558594,37.59999987792969
4123,92.48,69.05999997558594,42.06666666666667
4124,91.36,65.58000004882813,36.53333326212565
4126,88.8,62.759999987792966,31.833333302815756
4127,90.05,64.2999999267578,32.79999996439616
4128,84.38,56.31999993896484,17.19999996439616
4129,91.92,68.10000004882812,41.56666663614909
4130,89.48,64.67999986572265,36.40000006103516
4131,91.4,67.17999995117188,38.43333319091797
4132,90.85,64.37999995117187,36.03333329772949
4134,91.42,63.40000001220703,28.066666661580403
4136,92.41,67.86000004882813,42.53333322143555
4138,87.08,58.15999991455078,30.400000061035158
4139,88.29,61.82,30.099999994913738
4140,90.52,65.51999992675782,37.33333319091797
4142,10.0,0.9999999996185303,0.8333333326975505
4143,92.68,69.48000001220703,41.99999994913737
4144,86.32,56.65999991455078,27.233333353678386
4145,79.87,50.72000001831055,20.933333251953126
4146,88.37,59.659999938964845,31.233333251953123
4147,89.6,64.39999998779297,33.83333326721191
4148,91.16,66.48,38.16666670735677
4149,90.08,64.28000003662109,34.033333267211916
4151,88.84,61.33999991455078,26.766666620890298
4152,10.0,0.9999999992370605,0.8333333320617676
4153,92.04,67.12000004882813,39.33333318074544
4154,93.05,69.51999986572265,43.36666663614909
4155,88.62,62.68000002441406,32.49999994913737
4156,91.67,67.49999998779298,38.83333327229818
4157,86.36,57.23999999389648,26.533333257039388
4158,61.36,33.76,13.866666676839193
4159,10.0,1.0,0.8333333320617676
4160,92.08,67.59999991455078,39.83333327229818
4161,89.13,62.91999999389648,32.59999996439616
4162,92.19,68.10000001220703,43.16666668701172
4163,91.9,67.55999992675781,38.89999987792969
4164,76.34,44.119999987792966,25.966666651407877
4165,89.58,64.04,33.59999994913737
4166,91.05,65.41999991455079,36.933333267211914
4167,92.2,68.63999997558594,40.66666672770182
4168,90.92,66.3799999633789,39.100000040690105
4169,73.24,44.84000001831055,14.166666636149088
4170,79.92,51.259999981689454,20.93333331298828
4171,93.08,69.79999989013672,44.19999994913737
4172,88.78,61.69999993286133,33.03333333333333
4173,88.95,62.19999999389648,29.899999908447267
4174,89.7,63.46000000610351,33.633333251953125
4175,10.0,0.9999999992370605,0.8333333326975505
4176,91.31,67.98000006103516,38.16666672770182
4177,10.0,0.9999999996185303,0.8333333314259846
4178,84.02,55.039999981689455,25.899999954223635
4179,90.66,66.49999995117187,38.433333282470706
4180,92.29,68.78,43.49999998982747
4181,93.49,69.83999998779296,41.799999938964845
4183,89.15,63.81999993896484,33.43333333333333
4185,89.35,62.91999998168945,32.76666669718424
4186,84.87,56.43999996337891,24.73333336385091
4187,91.25,65.45999986572265,34.93333332316081
4188,92.04,69.05999987792968,42.366666615804036
4189,75.3,46.660000006103516,15.933333330790202
4190,90.9,65.17999993896484,37.666666656494144
4194,91.97,67.6600000366211,38.46666658528646
4195,89.03,62.69999996337891,32.16666660054525
4196,90.47,64.72,33.10000002034505
4198,86.07,54.54000001220703,26.199999938964844
4199,92.84,69.89999989013671,42.89999984741211
4200,75.79,45.499999969482424,15.933333330790202
4202,92.62,69.82000001220703,43.83333323160807
4203,92.98,69.20000001220703,44.33333338419596
4204,80.61,50.59999998779297,21.733333353678386
4205,70.55,40.31999994506836,13.899999969482423
4206,89.19,61.84000001220703,31.13333331298828
4207,90.46,65.92000003662109,37.69999990844727
4209,93.08,68.29999991455078,44.59999989827474
4210,89.03,62.19999996337891,32.39999997965495
4211,92.03,67.08000002441406,38.5999999593099
4213,89.13,62.319999981689456,33.79999994913737
4214,92.53,69.92000002441407,42.8000000406901
4215,90.8,64.92000006103515,35.36666650390625
4216,90.06,65.28000000610352,38.433333170572915
4217,92.48,67.53999995117188,40.16666651407878
4218,92.61,67.47999992675781,41.83333338419596
4219,83.9,55.62,25.666666671752928
4220,89.54,64.42,32.86666663106283
4221,90.19,64.72000000610352,34.066666661580406
4222,92.25,67.13999986572266,39.699999867757164
4223,88.87,62.28000000610351,33.699999989827475
4224,82.62,54.399999975585935,22.133333307902017
4225,80.64,46.57999994506836,15.533333300272623
4226,90.73,64.35999991455078,28.96666660563151
4227,89.52,63.45999991455078,33.766666615804034
4228,92.97,69.67999987792969,42.299999888102214
4229,92.32,67.47999999389648,37.066666575113935
4230,78.96,43.87999999389648,22.83333327738444
4231,83.78,55.919999957275394,24.36666667175293
4232,93.34,70.63999998779298,44.39999993896485
4233,92.22,68.15999986572265,38.399999837239584
4234,91.56,67.30000001220704,39.23333329264323
4235,92.92,69.62000002441407,44.16666661580404
4236,88.64,61.08,26.766666681925457
4238,87.72,56.939999926757814,32.96666655476888
4240,80.01,50.36000001220703,20.60000000508626
4241,91.81,66.85999993896485,40.46666665649414
4242,79.37,50.09999998779297,19.466666646321613
4243,75.54,45.499999981689456,15.933333348592122
4245,90.85,66.71999993896485,39.666666646321616
4246,79.39,49.359999926757816,19.59999991861979
4247,91.56,65.63999995117187,38.93333332316081
4248,85.25,52.73999996948242,27.266666590372722
4249,89.83,65.08000002441406,34.93333333333333
4250,88.78,61.40000002441406,26.433333251953126
4251,75.47,46.939999932861326,15.399999949137369
4253,79.05,50.38000001831055,20.20000002034505
4254,90.17,64.62000000610351,35.06666672770182
4255,88.88,63.52000004882812,31.733333267211915
4256,90.14,63.83999991455078,35.96666665649414
4257,87.3,59.319999969482424,30.76666655476888
4259,90.83,65.97999992675781,35.63333339436849
4260,90.23,63.799999993896485,35.56666661580404
4261,80.76,51.500000024414064,19.766666664123534
4262,91.93,67.30000000610352,39.499999969482424
4265,91.82,66.51999993896484,41.5999999593099
4267,92.65,69.8000000366211,42.0333332824707
4268,91.96,67.93999989013672,39.56666655476888
4270,79.44,44.48000002441406,21.866666697184243
4271,91.64,67.80000004882812,35.933333267211914
4272,92.41,68.68000000610351,42.60000002034505
4273,85.52,57.00000000610351,23.33333327738444
4274,91.63,67.75999993896484,38.93333331298828
4276,89.52,65.56,34.29999995930989
4277,82.57,54.380000012207034,21.233333323160807
4278,93.43,70.4399999267578,43.53333332316081
4279,88.44,58.71999999389649,32.09999996439616
4280,91.27,68.1,39.433333302815754
4282,88.58,61.97999996337891,33.03333332316081
4283,92.56,69.34000002441407,43.033333180745444
4284,91.82,67.1000000366211,37.73333326721191
4285,91.37,65.61999998779297,36.63333321126302
4286,89.21,62.08000001220703,32.89999993387858
4287,89.93,62.99999999389649,27.56666660563151
4288,82.64,53.019999993896484,21.333333338419596
4289,92.05,68.15999997558593,40.19999996948242
4290,92.4,67.68000006103516,40.73333317057292
4291,90.48,65.22000001220704,35.86666650390625
4292,89.29,63.21999999389649,33.36666660563151
4293,75.73,46.69999997558594,15.366666646321615
4294,90.1,65.95999991455078,38.033333302815755
4295,88.68,61.4,31.866666600545248
4296,88.97,62.75999995117188,32.23333319091797
4297,92.31,70.15999995117187,44.39999985758463
4298,91.5,66.76000004882812,41.099999989827474
4299,89.43,65.08000002441406,35.36666665649414
4300,89.85,63.41999997558594,33.19999993387858
4301,91.34,67.63999996337891,38.36666651407877
4302,75.91,46.41999997558594,16.399999979654947
4303,70.27,42.09999993286133,13.89999996693929
4304,88.92,62.679999981689456,32.19999998474121
4305,90.9,65.39999996948242,37.59999989827474
4306,89.98,64.87999997558593,36.499999959309896
4307,92.45,69.07999995117187,41.2666667175293
4308,76.04,46.55999994506836,15.633333318074545
4309,89.66,64.2600000366211,35.866666600545244
4310,90.47,63.719999975585935,38.633333251953125
4311,84.14,49.43999996337891,23.266666651407878
4312,92.2,68.23999992675782,39.70000001017252
4313,89.8,63.09999998779297,35.300000061035156
4314,86.69,57.939999926757814,28.20000002034505
4315,68.93,39.84,13.49999998474121
4316,88.55,63.079999981689454,32.433333282470706
4317,89.28,65.42000001220703,35.6666666615804
4318,87.16,55.359999963378904,28.133333267211913
4319,75.46,47.55999993286133,15.933333318074544
4320,89.57,65.49999999389648,35.46666650390625
4321,88.74,62.420000006103514,32.233333201090495
4322,90.97,65.63999996337891,37.36666666666667
4323,93.21,69.89999995117188,43.76666651407878
4324,75.68,46.07999993286133,16.633333300272625
4325,92.94,70.74000002441406,41.96666659545898
4326,86.5,58.439999987792966,27.733333338419595
4327,89.59,63.57999991455078,33.46666653442383
4328,88.98,62.29999997558594,33.33333332824707
4329,88.47,61.71999994506836,29.533333257039388
4330,91.69,67.33999986572266,39.599999918619794
4331,89.7,63.59999997558594,33.49999998982747
4332,91.81,67.21999992675781,39.16666660563151
4333,84.47,57.35999998779297,17.766666600545246
4334,91.39,64.88000002441406,37.76666664632162
4335,89.43,64.28000000610352,34.499999959309896
4336,90.98,65.08000003662109,38.26666667683919
4337,86.87,61.58000000610352,28.0
4338,91.15,64.72000003662109,35.33333326212565
4339,91.35,66.85999997558594,41.43333337402344
4340,92.25,67.79999993896485,39.96666660563151
4341,87.29,59.01999996948242,26.833333348592124
4342,92.29,67.45999991455078,40.39999984741211
4343,90.55,64.09999997558593,20.833333251953125
4344,89.07,62.559999951171875,31.79999997965495
4345,10.0,0.9999999996185303,0.8333333326975505
4346,91.54,65.56000003662109,35.29999991861979
4347,89.04,61.079999926757814,31.766666595458986
4348,80.22,51.69999996948242,20.166666631062824
4349,92.15,68.04000004882812,37.36666653442383
4350,90.92,65.4399999267578,35.56666663614909
4351,92.97,69.46,43.499999969482424
4352,92.14,67.8799999633789,39.33333321126302
4353,74.26,44.58000002441406,15.166666648864746
4354,93.36,69.60000004882812,44.76666650390625
4355,88.3,62.55999993896484,28.566666681925454
4356,91.89,67.80000004882812,38.2666665649414
4357,92.34,68.26,40.93333319091797
4359,89.33,64.48,33.43333339436849
4360,86.43,58.339999993896484,28.3666666208903
4361,93.79,71.20000006103515,45.299999888102214
4362,88.83,62.49999999389649,33.99999989827474
4363,90.57,65.47999993896484,36.83333329772949
4364,91.93,67.64000004882813,39.566666646321615
4365,92.39,68.47999998779297,42.766666615804034
4366,88.11,61.50000004882813,30.766666564941406
4367,91.42,66.37999991455078,39.733333201090495
4368,91.35,66.19999998779296,37.70000003051758
4369,85.45,57.920000006103514,19.599999944051106
4370,91.95,67.4400000366211,39.33333321126302
4371,84.52,57.679999969482424,23.59999998474121
4372,92.35,67.4000000366211,39.76666669718424
4373,87.24,57.979999932861325,25.200000005086263
4374,88.41,62.33999998168945,31.166666661580404
4375,84.71,49.65999994506836,22.700000005086263
4376,92.68,68.33999995117188,41.93333337402344
4377,93.35,69.85999991455078,43.833333333333336
4378,89.85,63.99999992675781,33.266666727701825
4379,88.1,58.93999995117188,31.300000020345053
4380,92.5,68.53999987792969,42.69999989827474
4382,90.08,65.0399999633789,35.70000003051758
4383,91.46,65.57999998779297,35.46666668701172
4384,86.85,58.11999995117188,28.366666666666667
4387,91.99,68.10000001220703,38.63333323160807
4388,90.65,65.49999995117187,36.66666668701172
4389,92.76,69.31999992675782,41.36666658528646
4390,90.89,66.05999986572266,37.1999999593099
4391,88.58,60.71999991455078,33.033333287556964
4392,90.49,64.1199999633789,37.266666666666666
4393,91.77,65.64000004882813,39.23333318074544
4394,75.47,46.82,16.06666667175293
4395,92.73,70.14000002441406,40.433333282470706
4396,79.85,50.18,19.500000020345052
4397,91.74,68.45999997558594,42.86666660563151
4398,91.92,67.01999997558593,38.46666660563151
4399,84.92,58.5799999633789,23.49999994405111
4400,88.63,61.159999993896484,31.933333323160806
4401,92.69,69.28000003662109,44.63333329264323
4402,88.38,60.45999993896484,32.63333329772949
4405,88.99,64.49999998168946,36.49999991861979
4406,87.78,59.28,30.09999994913737
4407,91.81,67.08000003662109,39.20000004069011
4408,91.66,67.98000000610351,39.89999986775716
4409,90.32,67.4399998779297,38.23333323160807
4410,86.24,53.88000001831055,26.06666665140788
4411,90.42,63.759999981689454,36.29999992879232
4412,92.2,68.38000004882812,37.06666661580404
4413,86.69,56.579999938964846,28.199999979654947
4414,79.89,52.839999938964844,17.03333334350586
4415,93.3,69.77999989013672,41.69999997965495
4416,90.65,64.67999999389649,36.2666665649414
4417,90.73,65.93999997558593,30.566666681925454
4419,91.51,67.03999991455078,38.13333321126302
4420,90.96,65.5999999633789,34.86666670735677
4421,87.95,57.759999993896486,30.6333332824707
4423,92.67,69.30000001220704,43.53333320109049
4425,76.61,46.259999981689454,16.466666661580405
4426,84.17,50.119999926757814,22.73333330790202
4427,82.62,54.63999992675781,21.299999994913737
4428,91.28,66.46000002441406,40.900000010172526
4429,74.04,43.73999992675781,15.066666666666666
4430,72.7,35.51999996337891,16.266666664123534
4431,91.9,68.12000001220703,40.83333318074544
4432,90.83,66.26,37.666666666666664
4433,92.83,69.89999987792969,43.26666655476888
4434,75.53,46.94000000610352,15.866666676839193
4435,88.29,62.45999992675781,30.100000020345053
4436,90.1,66.03999995117188,39.56666654459635
4437,92.13,66.84000001220703,40.19999983723958
4438,92.17,66.61999995117188,40.33333337402344
4439,89.25,63.659999938964845,33.99999996439616
4440,91.1,64.71999995117187,37.86666663614909
4442,92.56,69.53999995117188,43.766666544596355
4443,91.75,66.2,40.033333180745444
4444,91.77,68.06000003662109,37.76666668701172
4445,90.31,64.39999998779297,34.033333231608076
4446,86.37,57.339999938964844,22.53333326212565
4447,90.25,67.18000006103516,39.06666650390625
4448,92.67,68.97999999389648,42.43333322143555
4449,92.68,67.17999986572265,42.466666514078774
4450,75.38,46.359999981689455,15.933333315531414
4451,89.37,64.42000001220703,33.866666727701826
4455,92.58,69.6,43.39999991861979
4456,92.47,69.80000002441406,41.93333325195312
4457,92.13,67.05999987792968,38.599999989827474
4458,91.57,65.74000006103516,38.366666727701826
4459,90.4,64.91999995117187,37.26666651407878
4460,87.15,57.08000001831055,29.53333329772949
4461,87.42,55.09999998168945,28.533333302815755
4462,90.99,65.98000002441407,23.933333287556966
4464,87.71,59.61999995727539,34.16666657511393
4465,92.27,67.62000000610351,39.43333334350586
4466,86.49,56.179999969482424,26.433333363850913
4467,91.54,67.39999999389649,38.233333262125655
4468,92.46,67.47999991455079,41.23333330281576
4469,75.71,46.54000001220703,15.433333315531414
4471,91.45,66.6800000366211,39.03333317057292
4472,92.15,68.35999998779297,41.633333323160805
4473,91.94,68.03999998779297,42.366666615804036
4474,92.98,69.86000006103515,44.69999988810221
4475,91.72,67.67999995117188,41.19999989827474
4476,88.25,62.17999995727539,31.499999888102213
4477,91.11,66.1000000366211,37.53333333333333
4478,10.0,0.9999999992370605,0.8333333326975505
4480,71.07,39.68000001220703,12.933333287556966
4481,86.73,58.55999997558594,28.700000010172527
4482,88.84,63.77999997558594,32.96666659545898
4483,92.3,67.69999995117188,38.166666534423825
4484,92.2,67.24000004882812,38.73333331298828
4485,92.69,69.35999997558594,43.89999990844726
4486,92.01,67.22,39.03333329264323
4488,62.7,35.359999963378904,12.533333335876465
4489,75.93,46.71999993896485,15.733333335876464
4491,92.02,68.51999993896484,40.43333337402344
4492,10.0,0.9999999992370605,0.8333333320617676
4493,75.36,46.33999996337891,16.23333332824707
4494,86.69,55.05999996337891,28.399999923706055
4495,69.43,40.78000001220703,13.86666665395101
4496,93.03,69.45999991455078,45.36666650390625
4497,78.27,44.15999995727539,21.266666610717774
4498,89.52,63.66,33.800000061035156
4499,75.88,46.999999975585936,16.199999979654947
4500,89.45,65.13999999389648,35.0666665242513
4501,92.69,67.09999993896484,38.633333201090494
4502,83.86,49.200000006103515,22.80000001525879
4504,75.47,46.55999996337891,16.06666668701172
4505,92.31,68.20000003662109,40.79999995930989
4506,86.8,58.339999951171876,29.19999994913737
4507,92.25,67.70000002441407,39.96666650390625
4508,86.66,53.57999994506836,25.899999944051107
4509,75.69,45.92,16.133333302815757
4510,93.0,69.71999990234374,42.566666646321615
4512,85.97,58.76000001220703,28.8666666208903
4513,93.31,70.50000006103515,44.133333190917966
4514,81.19,54.559999951171875,20.666666676839192
4515,91.37,68.12000006103516,39.39999989827474
4516,10.0,0.9999999996185303,0.8333333326975505
4517,80.28,51.25999995117188,20.833333353678384
4518,92.61,68.08000002441406,40.36666660563151
4519,91.9,67.84000001220703,39.56666663614909
4520,76.31,46.69999999389648,16.066666646321615
4521,92.87,68.05999997558594,41.59999987792969
4522,92.01,68.78000003662109,43.86666651407877
4523,91.66,66.0,39.16666657511393
4524,80.95,52.27999993896484,21.39999996693929
4525,87.27,60.96000000610351,28.19999993387858
4526,79.25,43.05999994506836,26.0
4527,88.32,62.0799999633789,31.133333297729493
4528,88.86,62.23999996337891,32.46666661580404
4529,91.08,65.47999995117188,37.19999996948242
4530,91.18,66.01999991455078,37.833333343505856
4531,91.77,67.61999987792969,35.16666655476888
4532,91.91,67.36000006103515,38.16666663614909
4534,89.62,63.02000004882812,33.59999986775716
4535,88.64,62.31999998779297,31.866666646321615
4537,90.22,64.05999995117187,33.16666672770182
4538,88.59,62.660000006103516,32.49999991861979
4539,91.75,65.55999994506836,37.96666672770182
4540,88.76,63.32000001220703,34.29999990844727
4541,92.37,68.28000006103515,38.66666655476888
4542,89.63,63.03999993896485,32.06666668701172
4543,89.36,62.7800000366211,34.03333339436849
4544,92.31,68.09999992675782,38.73333336385091
4545,79.53,50.61999994506836,19.166666641235352
4546,88.66,63.080000036621094,32.13333336385091
4547,91.15,65.60000002441406,36.29999989827474
4548,91.99,66.56000006103515,39.03333339436849
4549,70.29,41.04000001220703,13.233333335876464
4551,80.38,50.83999996948242,21.199999989827475
4552,89.97,65.2999999267578,35.23333330281576
4553,92.51,68.26000002441407,40.56666654459635
4554,86.67,58.52000001220703,28.599999994913738
4555,88.94,62.51999998779297,32.500000020345055
4556,86.09,58.66000002441406,27.899999954223635
4558,88.91,61.43999996337891,32.199999938964844
4559,86.96,58.4200000366211,28.633333272298177
4560,92.0,68.63999993896485,38.89999990844726
4561,88.52,62.07999991455078,32.53333329264323
4562,94.05,71.19999989013672,45.06666672770182
4563,90.29,63.95999998779297,35.266666727701825
4564,92.29,68.71999995117187,42.56666654459635
4565,10.0,1.0,0.8333333326975505
4566,91.79,67.96000004882812,38.89999993387858
4567,88.98,61.87999993896484,31.866666636149088
4568,73.9,44.41999998168945,15.533333315531413
4569,79.24,49.77999999389648,19.03333327738444
4570,92.03,67.81999991455078,39.56666650390625
4571,92.83,68.55999998779296,42.49999992879232
4573,91.22,63.75999996948242,34.3666665242513
4574,87.01,57.920000006103514,22.59999994913737
4575,91.59,67.25999987792969,38.933333292643226
4576,87.54,57.81999993286133,31.066666656494142
4577,92.43,68.65999999389649,43.33333338419596
4578,89.79,64.31999991455078,32.133333190917966
4579,92.52,67.67999995117188,42.366666676839195
4581,91.02,64.99999998779298,38.333333282470704
4582,89.49,61.999999975585936,36.9000000406901
4583,92.72,69.05999998779296,42.53333338419596
4584,90.19,65.95999996948242,35.40000006103516
4585,92.71,70.49999995117187,42.49999989827474
4586,88.56,62.15999994506836,31.96666665649414
4587,86.37,58.42000001220703,28.633333272298177
4588,93.19,69.44000002441406,44.49999988810222
4589,92.73,70.16000006103516,42.533333363850915
4590,89.6,64.18000000610351,34.733333221435544
4591,90.31,64.89999997558594,36.999999959309896
4592,92.4,69.03999987792969,41.133333384195964
4593,92.03,69.28000004882813,42.00000005086263
4594,80.01,50.92,20.633333318074545
4595,92.64,69.45999986572265,43.39999985758463
4596,87.41,57.019999951171876,30.799999908447266
4597,90.39,63.47999997558594,34.39999985758463
4598,87.86,59.28000000610351,32.46666672770182
4599,89.36,65.64000002441406,36.000000040690104
4600,69.61,41.459999963378905,13.566666651407878
4601,92.87,69.18000006103516,42.46666657511393
4602,90.47,67.03999998779297,39.46666666666667
4603,86.55,57.719999975585935,27.666666666666668
4604,93.27,70.21999995117187,43.80000005086263
4605,91.28,65.35999986572266,36.79999991861979
4606,86.73,56.979999938964845,23.233333287556967
4607,86.35,58.82000000610351,28.433333343505858
4608,92.9,69.69999998779296,45.23333319091797
4609,92.08,66.52000000610352,38.066666646321615
4610,52.06,10.219999981689453,11.433333320617676
4611,88.91,63.380000006103515,33.79999998982748
4612,89.61,63.499999969482424,33.6333332417806
4613,92.25,69.24000004882812,43.933333353678385
4614,86.81,58.259999975585934,28.999999994913736
4615,88.91,63.82000001220703,33.433333267211914
4616,89.19,63.49999999389649,33.96666672770182
4617,90.54,63.58000002441406,38.4666665242513
4618,86.44,58.41999997558594,29.066666631062827
4619,89.53,64.12000000610351,33.533333231608076
4620,91.52,67.21999992675781,38.366666727701826
4621,91.27,66.30000006103515,39.0
4622,92.13,66.90000004882812,38.83333323160807
4623,91.67,67.81999991455078,38.433333292643226
4625,88.39,63.259999926757814,32.46666658528646
4627,93.27,69.05999997558594,42.43333337402344
4628,85.7,52.22000001831055,26.933333272298178
4629,91.18,65.08000001220704,37.80000002034505
4630,92.34,66.38000001220703,41.43333331298828
4631,93.23,69.32000006103516,43.43333321126302
4632,89.37,62.57999998779297,32.2666666615804
4633,90.94,65.42000000610352,36.46666667683919
4634,90.27,64.01999991455078,32.699999964396156
4635,92.5,69.73999998779297,41.99999984741211
4636,89.34,63.58000002441406,32.133333190917966
4637,90.74,66.05999997558594,38.36666669718424
4639,90.8,65.61999991455077,38.166666656494144
4640,89.3,63.25999995117188,35.19999989827474
4641,93.57,70.78000000610352,44.79999991861979
4642,91.41,66.87999995117187,39.26666655476888
4643,67.48,38.500000024414064,12.566666651407878
4644,91.67,67.32000002441406,38.89999987792969
4645,90.43,65.10000002441406,34.46666667683919
4646,75.55,46.159999938964845,16.09999996693929
4647,75.95,46.95999997558594,16.06666665140788
4648,89.76,64.8799999633789,35.06666656494141
4649,90.26,64.61999995117188,33.53333331298828
4650,91.91,68.45999998168945,41.133333272298174
4651,89.57,64.00000006103515,35.13333329264323
4652,89.66,65.0400000366211,36.033333180745444
4653,92.06,66.83999991455079,38.13333330281576
4654,88.18,59.97999992675781,34.73333336385091
4656,78.01,45.919999963378906,15.966666615804037
4657,91.85,66.51999993896484,40.13333330281576
4658,88.56,63.040000036621095,32.666666656494144
4659,93.24,70.82,41.89999996948242
4660,73.74,44.43999998168945,14.700000010172525
4661,84.56,57.660000006103516,24.166666631062824
4662,92.12,67.83999992675781,38.93333326212565
4663,91.1,65.58000002441406,27.89999994913737
4664,91.19,67.39999992675781,31.766666600545246
4665,88.79,62.27999998168945,29.033333282470704
4666,92.27,68.11999995117188,42.199999989827475
4667,88.83,63.4,32.83333329772949
4668,90.88,66.3999999633789,38.4
4669,89.64,64.72000004882813,35.56666656494141
4670,53.12,11.12,11.7
4671,80.22,45.019999951171876,23.199999974568684
4672,89.4,65.40000002441407,34.30000002034505
4673,88.14,56.93999994506836,26.066666676839194
4674,92.94,70.25999998779297,44.96666664632161
4675,89.1,61.47999996948242,32.33333336385091
4676,88.82,63.04000002441406,33.46666663106283
4677,91.74,65.91999992675781,38.766666605631514
4678,91.8,68.43999993896485,40.93333318074544
4679,88.98,62.49999999389649,32.79999995930989
4680,91.45,67.09999993896484,40.3333332010905
4682,92.16,68.10000006103516,42.36666651407877
4683,82.62,52.460000018310545,20.633333297729493
4684,91.43,65.83999993896484,37.23333317057292
4685,87.27,58.279999963378906,31.499999923706056
4686,86.61,58.87999993896484,28.033333318074543
4687,91.91,67.43999997558593,39.10000002034505
4688,89.06,63.000000024414064,34.43333339436849
4689,90.88,66.60000002441406,37.499999969482424
4690,89.49,63.11999995117188,35.56666659545898
4691,90.75,63.55999998168945,19.63333332316081
4692,92.26,68.1199999633789,40.69999994913737
4695,91.39,68.00000002441406,34.76666655476888
4696,92.86,69.47999995117188,42.43333338419596
4697,89.19,60.87999998779297,31.66666660563151
4699,85.24,53.460000018310545,26.033333338419595
4700,75.48,46.99999992675781,16.89999996693929
4701,92.06,67.01999996337891,38.400000030517575
4702,89.71,63.51999998779297,34.23333329264323
4703,89.4,64.08000004882813,29.66666668701172
4704,86.53,56.019999951171876,23.566666697184246
4705,88.75,62.83999992675781,33.93333329772949
4706,82.24,49.91999999389648,20.499999959309896
4709,92.35,67.46000004882812,38.19999991861979
4710,92.05,67.56000001220703,39.8
4711,89.7,65.04000001220703,35.599999928792315
4712,87.92,58.67999999389649,32.43333322143555
4713,92.81,69.27999987792968,42.16666651407878
4714,89.42,65.05999987792968,36.76666663614909
4715,86.53,60.379999951171875,28.7333332417806
4716,88.86,63.78000004882813,33.59999986775716
4717,92.56,68.96000004882812,41.69999997965495
4718,68.23,39.91999993286133,13.499999964396158
4719,91.58,65.83999993896484,37.73333321126302
4720,89.14,62.81999994506836,32.93333334350586
4721,92.57,67.67999989013671,40.23333332316081
4722,73.92,44.09999998779297,14.866666664123535
4723,91.98,67.17999986572265,39.06666655476888
4724,89.01,63.89999998779297,35.76666651407878
4725,90.04,64.25999999389649,35.399999837239584
4726,92.16,66.81999997558594,39.999999979654945
4727,92.72,68.51999993896484,41.49999991861979
4728,92.12,68.15999993896484,42.53333331298828
4730,88.97,62.21999999389649,32.33333332316081
4731,90.47,66.78,37.06666661580404
4732,81.26,48.579999975585935,24.999999908447265
4733,87.02,57.679999963378904,26.599999954223634
4734,87.25,56.18000002441406,31.199999857584636
4735,87.01,54.19999996337891,25.799999954223633
4736,86.35,54.74,15.633333318074545
4737,67.13,38.75999996337891,13.200000015258789
4738,92.06,67.56000001220703,39.46666655476888
4739,87.03,57.94,27.53333327738444
4740,89.32,64.03999992675782,23.23333330790202
4741,59.71,32.51999996337891,13.333333318074544
4742,92.12,67.41999992675781,39.23333337402344
4743,92.51,67.68000000610351,40.69999984741211
4744,86.28,59.09999994506836,16.233333318074543
4745,93.19,68.67999991455078,41.26666657511393
4746,88.04,57.64000000610351,32.49999994913737
4748,87.42,60.23999998168945,26.26666657511393
4749,91.45,64.85999998168946,37.66666662597656
4750,92.18,68.48000003662109,41.83333337402344
4751,89.25,64.08000003662109,33.83333323160807
4752,86.58,58.48,27.633333272298177
4753,75.95,46.67999995117187,15.533333307902017
4754,86.63,57.819999969482424,28.39999999491374
4755,88.94,62.079999926757814,33.29999993387858
4756,89.13,63.68000004882813,33.53333331298828
4757,86.84,59.399999975585935,27.166666681925456
4758,93.14,68.67999993896484,43.500000020345055
4759,90.25,63.89999998779297,34.199999989827475
4760,92.38,69.37999998779297,42.999999979654945
4761,93.34,68.56000002441407,42.83333318074544
4762,86.66,60.520000006103515,27.933333272298178
4763,91.93,66.90000001220703,38.66666655476888
4764,86.6,60.05999998779297,28.600000030517577
4765,89.06,64.77999998779296,35.83333339436849
4766,92.82,70.30000001220704,44.63333336385091
4767,84.82,56.779999963378906,23.433333353678385
4768,89.86,64.52,33.499999908447265
4769,87.24,57.399999993896486,30.033333333333335
4770,92.72,69.11999989013673,44.266666605631514
4771,89.83,63.95999995117187,33.96666663106283
4772,86.68,60.839999951171876,26.63333331298828
4773,91.62,64.29999986572265,38.066666514078776
4774,89.28,64.61999993896484,32.49999994913737
4775,92.42,67.16,39.966666514078774
4776,88.62,63.199999877929685,32.999999979654945
4777,92.0,67.87999987792969,39.79999985758464
4778,91.72,67.44,38.86666670735677
4779,91.29,67.87999997558593,39.99999986775716
4780,90.81,64.69999997558594,38.733333333333334
4781,75.48,46.88,15.566666661580404
4782,92.87,69.71999993896485,44.53333322143555
4783,90.28,63.9,33.833333282470704
4784,89.92,62.14,36.96666660563151
4785,88.48,62.16000002441406,32.50000006103516
4786,92.15,68.5999999633789,39.599999928792315
4788,92.88,69.47999992675781,42.566666697184246
4789,92.16,67.29999998779297,40.033333363850915
4790,89.81,66.39999995117188,37.033333302815755
4791,92.17,67.63999992675781,40.46666657511393
4792,88.5,62.09999997558594,32.233333262125655
4793,92.15,66.92000002441407,39.40000006103516
4794,82.83,54.37999993896484,20.56666668701172
4795,92.13,67.47999992675781,40.133333180745446
4798,89.89,64.0,35.133333201090494
4799,51.5,10.16,10.799999984741211
4800,93.78,70.01999987792969,44.233333201090495
4801,92.34,66.29999999389648,39.099999857584635
4802,91.62,67.19999992675781,39.46666657511393
4803,88.63,62.01999992675781,32.79999998982748
4804,89.89,62.259999975585934,35.73333329264323
4805,90.79,65.27999993896485,35.4666665242513
4806,88.94,62.57999998779297,32.53333334350586
4808,89.03,60.199999951171876,29.499999888102213
4809,89.57,64.27999998779296,35.56666660563151
4810,90.37,64.51999987792969,34.53333326212565
4811,88.82,63.24000004882812,32.19999996948242
4812,89.2,63.65999996337891,34.433333231608074
4813,91.16,66.17999993896484,38.49999985758463
4814,92.11,68.06000003662109,39.366666544596356
4815,91.86,67.1599999267578,40.83333337402344
4816,92.06,67.51999993896484,38.866666564941404
4817,10.0,1.0,0.8333333320617676
4818,87.02,58.59999992675781,27.133333251953125
4819,89.52,65.50000004882813,36.10000002034505
4820,92.38,69.37999992675782,41.66666651407878
4821,92.08,67.27999995117187,39.49999989827474
4822,84.49,55.47999992675781,27.39999998474121
4823,66.74,36.140000024414064,15.099999979654948
4826,90.82,65.61999999389649,37.1
4827,85.89,54.68000002441406,25.23333329264323
4828,73.54,43.35999995117187,14.733333302815755
4829,89.22,63.279999951171874,34.63333329772949
4830,92.99,69.47999991455079,41.9000000406901
4831,88.58,61.96,32.59999994913737
4832,88.22,63.17999995727539,33.73333334350586
4833,91.66,67.71999996337891,38.70000001017252
4834,89.01,64.66000000610352,36.133333251953125
4835,92.02,67.73999986572265,40.433333267211914
4836,90.33,65.49999998168946,36.19999996948242
4837,92.06,68.03999997558594,40.86666663614909
4838,92.55,67.63999995117187,41.29999986775716
4839,87.47,59.54000002441406,30.999999989827472
4840,92.07,67.15999996337891,40.96666654459636
4841,91.22,66.9399998779297,39.366666676839195
4842,91.11,65.02000006103516,35.73333319091797
4844,92.25,68.54000004882812,40.199999857584636
4845,89.07,62.01999996337891,33.36666664632161
4846,92.66,69.35999997558594,42.36666657511393
4847,92.84,68.37999993896484,42.86666670735677
4848,92.54,69.8000000366211,42.366666554768884
4849,85.8,56.39999995117188,22.900000005086262
4850,89.81,62.0,34.86666665649414
4851,75.35,47.539999963378904,15.199999972025553
4852,91.28,65.71999999389648,37.16666667683919
4853,92.94,69.04000002441406,42.56666656494141
4854,86.85,55.52000001220703,25.466666681925457
4855,91.85,67.48000003662109,38.43333325195312
4856,91.7,70.01999987792969,42.89999991861979
4857,92.07,67.97999999389648,40.099999928792315
4858,91.64,66.25999991455078,39.96666670735677
4859,91.3,67.02000002441406,38.800000010172525
4860,90.71,66.50000000610352,36.66666658528646
4861,92.37,68.24000001220703,41.133333272298174
4862,10.0,0.9999999992370605,0.8333333333333334
4863,92.14,66.85999997558594,39.89999994913737
4864,89.81,64.19999991455079,35.89999989827474
4865,87.56,58.060000024414066,30.03333332824707
4866,91.95,68.57999993896485,39.86666664632161
4867,91.57,66.48000000610351,37.39999998982747
4868,88.29,63.17999998779297,33.73333326721191
4869,91.14,66.69999999389648,38.73333335367838
4870,89.23,64.89999991455078,35.899999959309895
4871,90.49,63.5,35.866666687011715
4873,89.68,64.07999999389648,33.066666575113935
4874,92.67,67.78000002441406,40.766666615804034
4875,88.49,62.69999991455078,31.799999959309897
4876,92.0,67.77999995117187,40.13333337402344
4877,92.22,67.01999992675782,39.4000000406901
4878,90.11,62.45999991455078,35.03333335367839
4879,88.33,62.28000001220703,32.23333337402344
4880,92.63,66.98000003662109,41.93333333333333
4881,90.4,63.73999996337891,33.79999986775716
4882,90.74,66.0,38.033333267211916
4883,92.28,67.92000006103515,41.09999993896484
4884,80.95,50.67999994506836,21.599999933878582
4885,90.35,63.89999993896485,34.4333332010905
4886,92.54,68.5599999633789,40.66666661580404
4887,92.67,68.75999991455078,42.466666514078774
4888,90.28,64.84,35.8333332417806
4889,92.52,67.89999999389649,41.5666665242513
4890,86.89,58.73999992675781,29.266666590372722
4891,10.0,1.0,0.8333333320617676
4894,10.0,0.9999999996185303,0.8333333314259846
4895,88.64,62.32000000610351,33.19999991861979
4896,91.73,66.57999997558593,38.46666653442383
4897,75.88,46.319999969482424,16.200000005086263
4898,88.97,63.30000000610352,32.7666665242513
4899,92.31,68.70000003662109,39.79999991861979
4900,91.96,67.01999993896484,37.76666664632162
4901,92.65,68.63999992675781,42.03333317057292
4902,93.7,70.58,45.766666727701825
4903,89.19,64.25999998168945,34.266666727701825
4904,89.07,63.519999938964844,32.79999994913737
4905,82.39,54.15999997558594,19.999999989827472
4906,89.4,63.41999994506836,34.49999992879232
4908,82.88,53.83999997558594,20.43333326212565
4909,93.19,70.73999986572265,44.16666663614909
4910,91.64,66.60000002441406,37.933333353678385
4911,92.15,68.09999997558593,40.366666676839195
4912,92.16,67.65999993896484,40.69999990844727
4913,93.05,69.39999986572266,43.7333332824707
4914,67.16,39.01999998779297,13.233333348592122
4915,89.75,64.36,35.86666650390625
4916,91.73,67.70000006103515,39.833333221435545
4917,89.0,63.719999926757815,32.83333332316081
4918,92.51,68.91999992675781,44.13333321126302
4919,84.25,55.07999996948242,26.100000030517577
4920,89.82,63.76000003662109,33.79999996439616
4921,92.71,69.16000004882812,42.39999997965495
4922,68.8,39.479999993896485,13.50000001525879
4923,75.99,46.699999951171876,16.09999991861979
4924,89.96,65.11999991455077,36.56666660563151
4925,88.86,62.939999926757814,32.399999994913735
4927,92.92,68.78000000610352,41.96666664632161
4928,91.19,66.52000002441406,38.06666667683919
4929,89.12,62.95999991455078,33.4333332417806
4930,89.75,64.25999998168945,33.366666615804036
4931,88.14,57.72000000610352,31.533333353678387
4932,90.27,66.72000001220704,36.499999969482424
4933,91.08,65.47999995117188,37.76666650390625
4934,73.22,44.73999998168945,14.99999994913737
4935,87.31,59.699999951171876,31.5333332417806
4936,90.2,64.19999999389648,37.233333333333334
4937,92.18,66.86000001220702,39.80000002034505
4938,75.6,46.859999926757816,15.633333312988281
4939,87.72,56.079999938964846,28.36666665140788
4940,89.92,65.15999995117187,37.366666615804036
4941,92.33,67.60000002441406,42.19999988810221
4943,88.93,62.16,32.56666666666667
4944,85.19,52.22000001220703,26.49999994405111
4945,93.02,69.8,44.30000003051758
4946,93.69,70.92,44.70000001017252
4947,91.95,67.87999998168945,41.99999992879232
4948,92.89,68.7999999267578,43.06666663614909
4949,62.4,34.599999963378906,14.333333335876464
4950,86.44,57.43999995117188,23.333333282470704
4951,92.61,68.34000006103516,41.333333170572914
4952,92.43,67.09999991455078,39.26666670735677
4953,91.38,65.8199999633789,37.83333330281575
4955,75.58,46.69999993286133,16.233333287556967
4956,80.35,50.719999981689455,20.333333251953125
4957,92.64,68.65999991455078,42.10000001017253
4958,91.53,66.40000002441407,38.69999991861979
4959,92.89,69.15999995117187,42.26666670735677
4960,86.96,56.95999993286133,32.99999994913737
4961,90.12,64.47999998779297,35.99999995422363
4962,87.91,59.279999951171874,30.89999996439616
4963,92.58,69.22000002441406,42.63333330281576
4964,92.33,69.9599999633789,42.73333321126302
4965,88.73,62.56000003662109,32.56666666666667
4966,83.06,52.49999993896484,21.46666668701172
4967,92.09,67.72000006103515,37.733333297729494
4968,89.76,64.76000001220703,36.59999986775716
4969,89.89,65.35999997558594,37.23333332316081
4970,92.29,67.63999993896485,40.03333320109049
4971,89.34,64.01999991455078,33.633333251953125
4972,72.08,38.61999995727539,17.333333297729492
4973,93.21,67.77999993896485,43.46666655476888
4974,93.08,69.36000001220702,42.86666666666667
4975,89.47,64.44000004882813,34.699999989827475
4976,92.23,69.49999997558594,41.59999986775716
4977,89.14,63.35999993896484,32.56666661580404
4978,90.07,65.17999999389649,35.466666564941406
4979,78.86,42.23999993896484,21.699999974568684
4980,86.14,53.67999995117187,27.033333338419595
4981,84.28,57.03999993286133,23.5666666208903
4982,91.05,63.500000036621095,34.233333262125655
4983,93.65,70.88000006103516,44.76666665649414
4984,92.33,68.70000006103515,42.23333325195313
4985,92.05,68.83999987792969,41.50000005086263
4987,82.67,54.25999996948242,20.86666667175293
4988,86.07,57.759999981689454,28.933333272298178
4989,92.25,68.17999998779297,42.49999985758463
4990,75.98,46.45999995727539,16.23333334350586
4991,10.0,1.0,0.8333333326975505
4992,85.6,51.999999969482424,0.8333333307902018
4993,88.88,63.76000000610352,34.26666665649414
4994,88.64,62.240000024414066,31.53333332824707
4995,92.55,68.99999991455078,42.16666657511393
4996,89.59,63.14000004882813,36.266666605631514
4998,86.61,57.859999926757816,28.166666575113933
4999,91.82,67.67999992675782,38.699999938964844
5001,87.23,57.31999997558594,30.766666631062826
5002,91.76,68.14000004882813,41.8666665242513
5003,92.44,68.00000002441406,40.73333321126302
5004,90.97,67.16000006103516,38.699999867757164
5005,91.88,68.11999995117188,39.53333339436849
5006,83.77,55.89999996948242,22.29999996948242
5007,86.46,58.53999993896485,28.266666620890298
5008,89.19,62.259999975585934,32.56666665649414
5009,92.09,67.67999993896484,39.566666697184246
5010,88.56,61.69999998779297,33.333333318074544
5011,92.84,70.11999998779297,44.19999991861979
5012,91.11,65.65999995117187,37.13333329264323
5013,88.84,62.26000001220703,31.799999908447266
5014,92.34,68.70000003662109,42.766666605631514
5015,84.74,57.85999998779297,16.499999979654948
5016,88.64,63.840000048828124,32.5666665242513
5017,84.3,56.09999997558594,18.39999993387858
5018,91.32,65.51999995117187,36.20000001017252
5019,86.75,58.71999995727539,28.133333363850912
5021,89.95,63.62,33.133333323160805
5022,86.24,58.02000003662109,27.799999908447266
5023,75.78,47.119999987792966,15.999999954223632
5024,93.01,69.01999995117187,43.699999857584636
5026,89.29,62.26000000610352,34.300000061035156
5027,75.17,46.54,15.19999996693929
5028,92.84,68.94000004882813,42.53333339436849
5029,93.09,69.65999990234376,43.166666666666664
5030,86.39,58.67999995117187,28.73333330790202
5031,91.37,65.15999997558593,35.600000040690105
5032,68.64,39.020000006103515,13.233333292643229
5033,86.59,57.97999995727539,27.666666575113933
5034,86.3,57.979999938964845,27.666666631062824
5035,91.1,64.73999994506836,37.300000061035156
5036,89.43,64.68000002441406,34.066666585286455
5037,75.73,46.77999999389648,15.966666631062825
5038,88.04,61.999999914550784,34.60000002034505
5039,10.0,0.9999999996185303,0.8333333307902018
5040,84.77,57.159999993896484,17.03333332824707
5041,10.0,1.0,0.8333333320617676
5042,92.42,67.49999993896485,40.199999877929685
5043,92.06,67.81999987792969,39.06666660563151
5044,87.26,55.159999993896484,27.799999954223633
5045,79.9,48.17999999389649,19.73333332824707
5046,90.95,65.01999996337891,37.86666660563151
5047,10.0,1.0,0.8333333314259846
5048,92.23,67.51999996337891,38.63333326212565
5049,87.93,57.40000001220703,31.23333332824707
5050,57.83,31.579999966430663,12.333333333333334
5051,73.24,44.6,14.8666666208903
5052,79.53,50.13999997558594,21.266666681925457
5053,88.84,63.319999914550785,31.46666663614909
5054,89.64,64.38000006103516,33.16666656494141
5055,88.51,61.15999995727539,30.199999994913735
5056,88.8,63.039999963378904,32.29999985758464
5057,88.69,63.51999998779297,32.79999991861979
5058,88.6,61.34000002441406,31.73333326212565
5060,91.38,65.25999998779297,37.89999986775716
5061,88.88,63.69999999389648,35.36666663106283
5062,92.14,68.41999992675781,41.13333317057292
5064,86.85,59.02000001220703,27.43333334859212
5065,92.05,67.21999995117187,38.2666665242513
5066,92.24,70.33999992675781,44.46666670735677
5067,92.12,67.19999993896485,39.79999998982748
5068,88.41,62.579999975585935,30.099999938964842
5070,88.95,61.299999987792965,29.76666663614909
5072,92.63,68.4000000366211,41.33333337402344
5073,90.25,67.17999989013671,37.89999993387858
5074,80.21,49.060000024414066,17.466666585286458
5075,89.33,64.31999999389649,33.366666600545244
5076,92.51,67.88000001220703,40.599999969482425
5077,88.64,63.01999996948242,34.03333322143555
5078,10.0,1.0,0.8333333320617676
5079,89.02,65.06000000610352,34.06666662597656
5080,91.95,68.25999992675781,39.83333325195313
5082,90.53,62.639999963378905,35.533333231608076
5083,91.84,67.81999998168945,40.73333325195313
5084,86.97,58.35999993896484,27.6
5085,85.71,56.599999963378906,25.59999998474121
5086,88.59,61.079999938964846,31.633333251953125
5087,93.59,70.35999987792968,44.19999996948242
5088,90.35,64.08000000610352,34.36666670735677
5089,92.78,67.25999995117188,40.36666666666667
5091,90.9,65.77999996337891,36.099999857584635
5092,92.35,69.71999989013672,41.26666650390625
5093,88.55,61.73999991455078,33.766666605631514
5094,85.85,54.63999997558594,27.066666636149087
5096,92.5,67.39999995117188,39.866666676839195
5097,92.31,67.61999991455077,42.49999992879232
5098,90.97,65.51999990234376,37.133333190917966
5099,91.8,69.07999993896485,42.10000001017253
5100,10.0,0.9999999984741211,0.8333333333333334
5101,91.72,65.00000002441406,38.43333318074544
5102,88.4,60.39999991455078,21.10000000508626
5103,91.35,66.93999993896485,39.33333329264323
5104,87.55,59.819999963378905,23.333333300272624
5105,92.09,67.01999999389649,39.299999877929686
5106,88.58,62.200000006103515,32.73333332824707
5107,90.54,66.75999991455078,38.1
5108,93.47,70.49999991455078,44.69999997965495
5109,91.55,68.33999992675781,42.099999928792315
5110,89.0,62.05999997558594,32.16666655476888
5112,92.16,67.37999997558593,39.59999986775716
5113,90.31,63.06,36.09999989827474
5114,91.85,66.86000004882813,38.16666656494141
5117,89.12,64.21999994506837,34.43333331298828
5118,79.5,50.939999987792966,21.13333332824707
5119,86.51,60.81999993896484,26.800000020345053
5120,93.46,69.98000002441407,43.90000005086263
5121,91.04,63.53999995727539,35.19999989827474
5122,89.87,64.37999993896484,36.16666662597656
5123,63.78,34.51999998779297,13.933333302815756
5124,87.65,59.2,33.266666727701825
5125,80.98,48.77999993286133,18.166666648864744
5126,88.49,60.95999998779297,35.36666653442383
5127,92.23,68.55999998779296,41.0666665242513
5128,91.39,63.739999951171875,38.66666660054525
5129,90.17,64.27999992675781,35.46666668701172
5130,90.89,66.30000001220704,39.20000001017252
5131,88.25,58.32000001220703,33.06666659545898
5132,89.21,63.61999991455078,34.03333339436849
5133,90.8,65.67999995117188,36.46666653442383
5134,89.62,62.799999865722654,35.56666655476888
5135,80.62,49.47999992675781,16.099999989827474
5136,88.86,61.63999992675781,32.06666663614909
5137,91.19,64.79999996948243,37.433333292643226
5138,92.0,66.79999991455078,38.53333339436849
5139,90.9,63.700000061035155,30.39999996439616
5140,92.03,67.99999996337891,40.599999969482425
5141,88.95,62.02000002441406,32.63333339436849
5142,92.71,70.18000001220703,43.566666707356774
5143,87.69,56.81999993896484,32.033333251953124
5144,93.07,69.25999998779297,42.666666646321616
5145,86.69,55.619999926757814,29.266666646321614
5146,88.99,62.819999914550785,32.466666625976565
5147,90.91,65.94000000610352,34.89999989827474
5148,86.32,58.34000001831055,28.866666666666667
5149,92.15,67.0400000366211,39.30000005086263
5150,92.24,67.7600000366211,40.699999867757164
5151,93.1,69.43999990234374,44.09999984741211
5152,79.09,49.179999969482424,19.199999989827475
5153,89.02,63.27999998168945,32.93333336385091
5154,83.93,48.90000001831055,21.333333318074544
5155,91.64,65.17999995117188,39.3333332417806
5156,92.07,68.01999992675782,42.80000005086263
5157,88.59,60.95999993896484,31.66666660563151
5158,89.55,63.73999993896484,35.133333251953125
5159,75.74,47.399999993896486,15.266666646321614
5160,89.04,63.93999991455078,35.46666666666667
5161,90.13,63.59999993896484,35.233333333333334
5162,86.53,57.31999995117187,26.533333292643228
5163,86.18,58.97999996337891,28.666666676839192
5164,88.46,61.880000006103515,32.63333326721192
5165,91.05,66.44000006103515,36.83333339436849
5166,90.53,62.87999997558594,33.500000030517576
5167,89.31,64.56000003662109,34.13333329264323
5168,10.0,0.9999999988555908,0.8333333326975505
5170,67.98,38.69999992675781,13.86666663869222
5171,58.32,32.68,13.099999954223632
5172,91.77,67.13999991455078,38.20000001017252
5173,92.2,67.46000004882812,38.13333322143555
5174,86.78,58.780000024414065,27.799999898274738
5175,10.0,0.9999999996185303,0.8333333320617676
5177,86.19,54.21999998779297,26.50000003051758
5178,92.16,68.53999992675782,41.46666655476888
5179,87.19,60.53999994506836,28.0666666208903
5180,87.72,61.73999996948242,29.13333332824707
5181,92.29,68.76000001220703,41.73333331298828
5182,91.71,67.70000003662109,40.700000061035155
5183,92.38,68.65999989013672,41.69999989827474
5184,92.82,68.81999993896484,42.166666524251305
5185,92.29,68.2999999267578,41.69999984741211
5186,92.89,69.89999987792969,43.26666670735677
5188,90.1,63.61999991455078,34.599999979654946
5189,69.15,39.41999993896484,12.699999984741211
5190,91.5,65.75999991455078,35.99999986775716
5191,91.14,67.91999997558594,39.76666665649414
5192,92.4,67.71999987792968,37.5666665242513
5193,86.79,56.81999999389649,28.39999996439616
5194,68.07,39.19999998779297,13.00000001525879
5195,92.56,67.97999995117188,42.16666660563151
5196,85.83,53.799999993896485,25.499999994913736
5197,92.32,68.30000002441406,43.26666664632162
5198,91.79,67.25999998779297,38.19999996948242
5199,91.85,66.63999992675781,39.63333330281576
5200,73.21,40.27999999389648,19.233333287556967
5201,90.37,66.05999996948242,35.10000003051758
5202,92.77,69.56000002441407,41.79999983723958
5203,80.38,50.61999995727539,20.933333297729494
5204,93.56,70.21999987792968,43.899999837239584
5205,85.16,56.500000018310544,15.933333312988282
5208,90.42,67.19999993896485,38.16666657511393
5209,86.97,56.019999993896484,28.833333282470704
5211,86.89,57.77999993286133,27.899999944051107
5212,89.91,65.46000002441406,36.39999986775716
5213,88.64,61.41999999389648,21.733333257039387
5214,93.36,70.27999986572266,43.80000002034505
5215,92.42,68.57999997558593,34.66666661580404
5216,90.46,63.04,33.43333331298828
5217,90.31,64.07999998168945,33.16666660054525
5218,87.13,57.77999997558594,32.03333339436849
5219,91.72,67.8799999633789,39.69999991861979
5220,89.52,61.46000006103515,24.799999994913737
5221,76.18,47.56,15.433333330790202
5222,91.11,68.60000006103516,39.833333333333336
5223,92.7,69.59999997558593,41.53333335367839
5224,88.98,62.55999992675781,32.09999994913737
5225,93.07,70.02000001220703,44.39999998982747
5226,91.4,65.43999991455078,38.733333394368486
5227,88.63,59.659999951171876,33.79999995930989
5228,80.25,50.71999998779297,21.733333333333334
5229,91.72,67.0999999633789,38.16666670735677
5230,92.13,67.75999992675781,40.66666663614909
5231,86.21,57.55999997558594,27.30000001525879
5232,91.67,66.94,41.20000001017252
5233,92.52,69.76,43.79999986775716
5234,91.94,68.11999993896484,40.16666657511393
5235,90.86,65.58000000610352,36.36666658528646
5237,86.72,56.84,30.899999989827474
5238,89.41,64.31999994506836,34.23333332824707
5239,92.21,68.51999995117187,39.96666650390625
5240,88.95,62.43999998168945,29.333333348592124
5241,10.0,0.9999999996185303,0.8333333326975505
5242,87.23,58.95999994506836,30.566666615804035
5243,89.54,64.64000000610352,33.63333326721192
5244,93.25,68.95999999389649,42.7
5245,89.9,63.93999996337891,34.16666658528646
5246,85.45,51.44000000610352,26.199999944051108
5247,92.41,66.3999999633789,42.3666667175293
5248,93.09,69.47999997558594,43.53333327229818
5249,79.3,50.51999996337891,22.1333333307902
5250,92.73,69.07999986572266,43.60000002034505
5251,93.01,70.03999992675782,40.70000001017252
5252,89.21,63.21999998779297,32.83333326212565
5253,89.32,64.47999986572266,33.800000010172525
5254,92.19,68.07999997558593,40.23333336385091
5255,91.81,68.25999990234375,40.86666657511393
5256,93.65,69.71999999389648,44.89999994913737
5257,91.13,65.45999998168945,38.03333334350586
5258,88.76,62.719999926757815,32.4666665242513
5259,89.6,65.14,36.33333329264323
5260,92.28,66.98000006103516,40.999999969482424
5261,89.32,64.47999999389648,33.83333337402344
5263,92.38,68.47999991455079,41.566666514078776
5264,74.33,44.35999995117187,14.500000010172526
5265,89.51,64.59999999389649,33.93333332316081
5267,91.8,66.03999998168945,39.39999996948242
5268,90.9,63.759999926757814,26.400000030517578
5269,92.28,67.55999998779296,40.79999985758464
5270,88.04,58.35999999389649,32.73333317057292
5271,89.66,63.740000012207034,35.16666669718425
5272,90.93,67.1200000366211,37.266666595458986
5273,90.46,63.98,35.16666660054525
5274,79.71,45.639999963378905,17.766666615804038
5275,86.34,58.51999996948242,28.23333327229818
5276,92.3,66.14000003662109,39.23333330281576
5278,87.47,58.47999994506836,32.09999992370606
5279,73.81,39.299999987792965,18.13333334350586
5280,93.03,70.16,42.66666668701172
5281,92.05,69.53999998168945,42.900000020345054
5283,90.61,65.54,37.733333272298175
5284,91.27,65.36000004882813,36.06666663106282
5285,87.05,59.7,30.933333318074546
5286,91.69,67.88000004882812,40.43333325195312
5287,92.56,69.67999995117188,40.9000000406901
5288,92.42,68.3399999633789,40.96666654459636
5289,91.59,66.05999993896485,37.43333336385091
5290,88.83,62.23999996337891,31.233333257039387
5291,91.34,65.59999991455078,36.50000006103516
5293,89.75,64.88000004882812,33.099999908447266
5294,88.05,61.900000036621094,34.23333329264323
5295,81.49,50.76000000610352,20.466666615804037
5296,92.15,68.1199999633789,39.966666636149085
5297,88.45,63.01999992675781,33.86666657511393
5298,91.82,66.97999997558594,39.03333326212565
5299,90.52,66.38000004882812,38.5
5300,88.66,63.17999995117187,33.9666665242513
5302,91.97,67.68000004882812,38.83333326212565
5303,10.0,1.0,0.8333333314259846
5305,81.59,42.78000000610351,25.033333302815755
5306,88.58,62.95999994506836,31.266666620890298
5307,90.64,65.75999992675781,36.50000001017253
5308,91.24,66.03999996948242,36.19999990844727
5309,86.72,57.98000002441406,22.200000005086263
5310,91.51,66.77999998779296,36.39999992879232
5311,89.81,63.839999938964844,33.86666665649414
5312,92.14,66.71999992675781,39.89999990844726
5313,93.43,70.39999997558594,43.06666661580404
5314,89.9,65.11999996948242,38.06666659545898
5316,91.51,65.55999995117187,34.69999991861979
5317,81.42,52.819999969482424,17.89999996439616
5318,91.69,66.59999991455078,37.73333319091797
5319,92.11,67.97999998168946,40.93333325195312
5320,10.0,0.9999999992370605,0.8333333326975505
5321,91.39,63.85999999389649,31.266666646321614
5322,90.1,64.37999987792969,36.400000020345054
5323,90.94,65.8,37.200000061035155
5324,93.03,69.49999997558594,42.03333319091797
5325,92.43,67.06000006103515,38.53333326212565
5326,86.62,58.059999951171875,28.23333329772949
5327,92.35,68.7,39.666666656494144
5328,92.23,67.64000004882813,39.300000010172525
5329,86.48,54.479999932861325,28.999999923706056
5330,88.85,63.399999981689454,34.700000061035155
5331,87.81,59.13999998779297,26.23333327229818
5332,84.51,51.41999999389648,26.033333302815755
5333,92.09,67.28000002441406,39.9333332417806
5334,93.08,69.81999987792969,43.49999984741211
5336,92.04,66.67999989013671,40.09999993896484
5337,75.84,46.259999938964846,15.466666641235351
5338,92.65,68.69999992675781,41.633333251953125
5339,86.73,57.519999951171876,27.966666666666665
5340,89.13,61.90000001220703,32.09999999491374
5341,91.51,65.41999998779296,36.39999989827474
5342,91.05,64.19999997558594,28.26666657511393
5343,70.48,40.53999993896485,13.133333348592123
5344,89.32,64.48000001220703,34.09999999491374
5345,87.1,57.67999995727539,30.96666660054525
5346,91.12,65.17999993896484,37.29999996948242
5347,90.96,65.02000002441406,36.73333336385091
5348,90.72,64.58000006103515,36.13333329772949
5349,91.95,67.87999997558593,40.73333321126302
5350,91.84,67.18,39.59999988810221
5351,80.72,48.99999998779297,19.533333333333335
5352,86.02,57.29999995117188,23.899999969482423
5353,93.05,69.97999995117188,43.73333336385091
5354,88.33,62.840000061035155,33.33333332316081
5355,90.79,65.41999996337891,35.90000006103516
5356,93.3,69.41999987792968,41.933333302815754
5357,81.22,49.860000018310544,15.999999964396158
5358,91.89,68.60000001220703,39.96666660563151
5359,88.45,61.119999938964845,25.699999938964844
5360,90.9,65.39999997558594,37.13333333333333
5361,89.04,63.499999981689456,32.333333333333336
5362,82.67,54.87999993286133,20.399999969482423
5363,91.59,67.37999995117187,39.599999969482425
5364,92.36,68.99999998779298,41.73333335367838
5365,90.79,66.36000003662109,36.53333333333333
5366,87.68,56.7199999633789,30.666666646321616
5367,91.4,64.39999991455078,29.066666631062827
5368,91.99,66.55999993896485,38.73333317057292
5369,93.62,69.97999993896484,44.93333322143555
5370,91.25,66.92000004882813,38.86666663614909
5371,90.88,65.41999995117187,36.23333326721191
5372,75.91,45.49999993896484,15.199999969482421
5373,86.73,57.739999957275394,27.999999923706056
5375,88.07,56.01999997558594,28.999999989827472
5376,92.15,67.68000001220703,40.099999928792315
5377,90.89,63.039999963378904,34.2666665649414
5378,90.85,64.30000001220704,32.46666661580404
5379,89.2,62.37999992675781,32.433333231608074
5380,91.81,66.27999999389648,39.39999990844726
5381,88.31,59.87999996948242,32.2333332417806
5382,92.51,70.0200000366211,44.66666667683919
5383,91.06,66.14000003662109,37.566666575113935
5384,91.77,65.4399998779297,37.83333321126302
5385,89.05,62.71999995117187,32.70000001017252
5386,91.02,66.42000002441407,38.46666666666667
5387,92.4,68.56000001220703,43.03333317057292
5388,91.45,67.31999996948242,38.36666653442383
5389,91.54,66.02,37.866666544596356
5390,92.78,69.49999992675781,42.39999987792969
5391,10.0,0.9999999996185303,0.8333333326975505
5392,92.26,67.70000003662109,40.23333321126302
5393,90.36,66.96,37.29999994913737
5394,91.81,67.9599999633789,41.733333272298175
5395,90.84,65.05999998779296,35.89999986775716
5397,91.49,66.74000002441406,38.366666564941404
5398,86.62,58.91999998168945,28.000000015258788
5399,88.85,61.420000006103514,32.33333329264323
5400,86.62,58.05999996948242,27.633333287556965
5401,79.3,50.13999995727539,21.266666687011718
5403,88.95,61.51999998168945,32.799999888102214
5404,92.52,69.02000001220703,42.066666575113935
5405,87.7,58.419999963378906,33.066666697184246
5406,88.4,61.499999963378905,33.5999999593099
5407,73.38,44.58000001831055,14.899999979654948
5408,87.7,57.27999999389648,28.16666660563151
5409,10.0,0.9999999996185303,0.8333333314259846
5410,91.43,68.24000004882812,37.46666664632161
5411,92.54,68.11999995117188,39.16666654459635
5412,58.08,32.29999997558594,12.533333330790201
5413,92.21,66.83999992675781,38.36666670735677
5414,91.18,64.65999999389649,36.9333332417806
5415,88.75,61.85999998779297,33.03333329264323
5416,90.17,64.7999999267578,35.86666665649414
5417,84.68,54.57999995117188,25.799999959309897
5418,72.87,35.89999996948242,16.566666661580403
5419,86.85,58.36000000610352,28.699999974568684
5420,90.83,66.43999998779297,36.89999992879232
5421,91.51,69.09999997558593,37.13333333333333
5422,84.97,50.06,23.133333363850912
5423,93.21,70.53999997558594,43.599999979654946
5424,92.8,69.89999993896484,43.26666665649414
5425,87.12,59.52000002441406,28.599999954223634
5426,89.73,64.31999998168945,34.26666665649414
5427,90.79,67.67999992675782,41.000000030517576
5428,75.85,46.47999995727539,16.36666663869222
5429,92.44,67.68000002441406,39.60000001017253
5430,92.65,67.35999993896485,41.133333201090494
5431,89.27,64.58000000610352,35.49999985758463
5432,67.94,38.319999981689456,15.866666633605957
5433,82.66,54.65999995727539,18.133333302815757
5434,88.4,63.81999998779297,33.96666659545898
5435,88.11,60.62,32.79999999491374
5437,91.45,67.03999995117188,38.99999993896484
5438,89.12,62.36,31.833333318074544
5439,88.66,59.26000001831055,30.633333363850912
5440,92.85,69.05999993896485,43.76666662597656
5441,92.16,67.25999991455078,38.99999984741211
5442,90.37,66.11999998168945,38.066666697184246
5443,89.2,63.059999877929684,33.433333231608074
5444,92.67,67.66000001220704,40.19999990844727
5445,91.28,65.42000003662109,35.83333330281575
5446,90.75,66.55999992675781,37.49999986775716
5447,91.97,68.6799999633789,42.033333180745444
5448,91.53,66.81999992675782,37.366666564941404
5449,83.57,49.140000018310545,22.63333327738444
5450,88.25,61.95999997558594,30.633333241780598
5451,71.99,34.539999975585935,16.933333315531414
5452,75.85,46.12,15.799999989827475
5453,91.88,67.69999993896485,39.36666670735677
5454,92.11,67.04000004882812,39.499999969482424
5455,88.7,61.76000003662109,32.76666664632162
5456,91.68,67.75999991455078,38.36666660563151
5457,91.09,65.8200000366211,34.46666664632161
5458,91.79,68.11999987792969,41.09999989827474
5459,89.97,64.23999986572265,35.36666665649414
5460,73.46,38.81999997558594,17.599999982198078
5461,76.25,46.89999994506836,15.866666648864745
5462,88.4,61.539999963378904,20.699999989827475
5464,56.83,10.94000000152588,12.733333302815755
5465,88.74,64.30000004882812,32.79999995422363
5466,92.84,69.06000000610352,43.2333332417806
5467,91.98,67.21999998168945,40.06666659545898
5468,88.84,62.519999951171876,30.233333333333334
5469,82.54,54.71999993286133,21.399999989827474
5470,91.57,66.76000006103516,39.09999986775716
5471,93.35,70.56000000610352,42.89999994913737
5472,68.51,40.02000002441406,13.166666633605956
5473,73.14,44.81999993286133,14.866666615804036
5474,92.07,68.2,40.49999984741211
5475,88.72,61.96000000610351,32.63333339436849
5476,88.23,59.08000000610352,35.56666653442383
5477,91.68,67.58000003662109,38.699999857584636
5479,89.17,64.71999995117187,36.1999999593099
5480,86.61,57.21999996948242,26.26666657511393
5482,92.45,66.9599999633789,40.23333334350586
5483,91.43,64.03999995117188,25.633333333333333
5484,92.3,68.36,39.66666663614909
5485,88.73,62.25999996337891,32.599999979654946
5486,92.91,68.69999993896485,44.16666662597656
5487,90.27,67.27999987792968,38.43333339436849
5488,91.6,68.82000002441406,42.59999986775716
5489,86.04,57.9,27.466666646321613
5490,90.21,66.73999998779297,37.20000003051758
5491,91.79,66.92,38.93333327229818
5492,88.73,62.619999987792966,34.23333328755697
5493,91.27,66.75999998168945,39.033333363850915
5494,92.26,67.67999997558594,41.166666534423825
5495,88.65,63.86,33.29999991861979
5496,91.03,64.85999991455078,35.56666662597656
5498,79.58,49.55999995727539,17.20000002034505
5499,10.0,0.9999999996185303,0.8333333333333334
5500,92.59,68.23999997558593,41.366666544596356
5501,80.73,50.89999995117188,21.100000010172526
5502,86.65,58.60000001220703,28.433333282470702
5503,92.03,68.30000002441406,42.000000020345055
5504,75.15,47.65999995727539,15.566666620890299
5506,89.41,64.04000001220703,33.76666665649414
5507,86.51,58.15999995727539,28.53333329772949
5508,73.9,45.27999992675781,14.799999966939291
5509,92.38,68.24000000610351,41.2666665649414
5510,92.21,67.84000000610351,40.59999993896484
5511,91.53,65.82000002441406,35.56666665649414
5512,92.47,70.13999990234375,44.19999991861979
5513,90.18,64.15999996337891,33.60000003051758
5514,90.5,65.57999996948242,34.0999999593099
5515,79.8,50.41999998168945,20.599999928792318
5516,92.0,67.70000002441407,38.699999867757164
5517,91.63,65.37999998168945,37.599999908447266
5518,91.29,65.89999995117188,34.29999996439616
5519,88.58,60.51999998779297,31.433333267211914
5520,88.49,61.71999995727539,31.499999888102213
5522,90.76,67.33999995117188,39.26666663614909
5523,79.81,49.880000012207034,19.33333327738444
5527,75.3,45.880000012207034,15.333333287556966
5528,86.07,56.22000000610352,24.09999997965495
5529,90.83,65.57999992675781,37.66666654459635
5530,92.51,69.65999995117187,41.86666651407877
5531,75.35,46.74,15.366666633605957
5532,91.86,67.60000002441406,39.33333337402344
5533,92.8,69.13999998779298,41.66666650390625
5534,86.5,58.94,27.999999984741212
5535,91.27,63.97999992675781,36.700000061035155
5536,88.65,62.02,31.166666651407876
5537,88.39,61.759999938964846,31.833333333333332
5538,75.62,46.36000002441406,15.89999998474121
5539,93.83,69.63999998779298,44.099999928792315
5540,85.17,56.90000000610352,23.63333327738444
5541,88.61,62.899999926757815,33.36666664632161
5542,92.25,67.91999987792968,39.533333241780596
5543,73.96,44.880000006103515,14.966666676839193
5545,92.92,69.41999997558594,42.833333170572914
5546,74.02,44.03999993896485,15.399999994913737
5547,92.03,67.15999995117187,39.366666676839195
5548,91.36,67.63999998779298,39.933333231608074
5549,88.34,59.67999993896484,33.466666600545246
5550,88.71,62.48,32.49999998982747
5551,84.98,52.19999995727539,22.69999994913737
5552,86.8,58.55999998168945,27.666666676839192
5553,93.09,69.57999992675781,42.3666667175293
5554,92.21,65.67999997558594,38.86666659545899
5555,92.18,67.71999993896485,41.16666670735677
5556,93.2,69.94000000610352,42.79999998982748
5558,89.29,62.759999865722655,33.96666650390625
5559,75.97,46.45999995117187,14.99999993387858
5560,90.68,67.36000006103515,33.53333332316081
5561,90.38,66.88000004882812,38.4666665242513
5562,92.66,67.75999986572266,39.266666605631514
5564,82.11,50.359999963378904,20.966666585286458
5565,90.95,64.97999995117188,31.099999989827474
5566,88.27,61.31999999389649,29.333333302815756
5567,92.14,67.88000002441406,38.86666659545899
5568,93.24,70.47999997558594,44.63333333333333
5569,69.8,40.999999975585936,13.73333331298828
5570,91.89,67.1800000366211,40.066666575113935
5571,91.98,68.71999999389648,43.03333332316081
5572,89.42,64.47999998779297,33.43333322143555
5573,89.12,63.61999998168945,32.900000020345054
5574,91.72,67.60000006103516,38.59999994913737
5575,92.48,67.54000006103516,39.5
5576,93.53,70.43999995117187,43.400000010172526
5577,91.43,66.89999997558594,38.73333317057292
5578,89.74,65.1799999633789,36.06666659545898
5579,89.14,62.83999998779297,32.83333332316081
5580,88.82,64.01999992675782,33.49999998982747
5581,89.0,62.58,32.266666605631514
5582,92.12,67.6200000366211,39.59999988810221
5583,68.61,39.140000024414064,13.199999972025553
5585,84.18,54.77999995727539,25.633333363850912
5586,91.42,67.51999987792969,39.73333326721191
5587,91.56,68.0599999633789,40.70000004069011
5588,90.74,66.61999991455077,38.16666656494141
5589,92.33,67.74000001220703,39.83333329264323
5591,91.93,67.61999996948242,38.133333272298174
5592,78.67,51.08000001831055,18.63333326212565
5593,91.8,65.98000001220703,39.89999997965495
5594,89.65,64.88000006103516,35.2666665242513
5595,79.84,44.159999993896484,26.966666631062825
5597,91.07,66.19999993896485,37.80000003051758
5598,86.54,58.03999995117187,27.13333331298828
5599,90.84,65.80000000610352,36.66666658528646
5600,92.44,66.93999998168945,40.29999990844727
5601,92.12,67.9399998779297,40.06666663614909
5602,92.47,69.03999987792969,42.03333334350586
5603,88.89,63.55999997558594,33.26666665649414
5604,90.74,65.89999986572266,39.733333221435544
5605,87.29,59.81999993896484,35.233333333333334
5606,88.75,62.71999996948242,33.599999989827474
5607,82.45,55.40000002441406,21.33333327738444
5608,87.32,58.33999997558594,31.76666665649414
5610,88.36,63.31999989013672,33.83333339436849
5611,92.34,67.38000001220703,40.79999997965495
5612,89.11,64.56000006103515,37.46666650390625
5613,90.78,65.88,34.23333330281576
5614,88.46,62.759999987792966,29.966666631062825
5615,86.39,53.69999996948242,28.433333272298178
5616,92.21,69.71999986572266,43.033333180745444
5618,90.15,64.29999995117187,36.000000020345055
5619,92.68,69.15999986572265,43.03333321126302
5620,91.18,66.20000003662109,38.99999989827474
5621,92.26,67.17999991455078,39.233333394368486
5622,90.39,64.27999993896485,34.366666600545244
5623,92.69,67.99999996337891,40.5999999593099
5624,73.24,44.83999996948242,14.533333315531413
5625,90.93,65.42000001220703,38.033333374023435
5626,75.52,47.05999996337891,15.366666666666667
5627,92.08,67.52000000610352,38.93333334350586
5628,10.0,0.9999999992370605,0.8333333333333334
5629,90.16,65.03999998779297,36.36666663614909
5630,88.4,62.319999963378905,30.43333326212565
5631,91.65,67.71999996337891,38.033333302815755
5632,91.73,68.10000002441406,42.86666660563151
5633,93.04,70.26000006103516,45.00000001017253
5634,91.0,66.68000002441406,38.999999979654945
5635,91.94,67.32000000610351,39.39999987792969
5636,93.06,68.93999989013672,43.29999995930989
5637,89.36,62.96000001220703,34.13333329264323
5638,88.4,63.43999996948242,33.633333190917966
5639,88.17,63.3,33.26666655476888
5640,86.96,57.57999998779297,27.999999928792317
5641,92.43,69.41999997558594,44.13333339436849
5642,92.3,68.09999999389649,40.666666534423825
5643,79.29,49.259999938964846,19.1333333307902
5644,89.82,63.76000001220703,33.79999998982748
5645,93.51,70.67999995117188,42.33333331298828
5646,92.97,68.79999996337891,41.199999938964844
5647,88.97,63.19999998168945,33.09999999491374
5648,60.62,33.57999996948242,13.2
5649,91.68,66.44,38.69999989827474
5650,84.86,57.69999992675781,20.86666664123535
5651,89.54,65.25999996948242,33.566666646321615
5653,91.7,67.65999998779297,39.20000001017252
5654,87.65,61.31999998779297,29.73333332824707
5656,91.15,66.74000000610351,38.99999993896484
5657,89.41,62.93999996337891,32.933333282470706
5658,91.16,66.50000001220702,39.29999997965495
5659,75.47,47.05999993286133,15.899999954223633
5660,92.19,66.01999995117187,38.39999997965495
5661,91.94,66.56000003662109,39.73333325195313
5662,89.77,64.66,35.666666656494144
5663,87.89,58.139999963378905,32.93333326212565
5665,73.64,44.43999995117188,15.499999997456868
5666,85.41,56.73999999389648,15.066666681925456
5667,92.43,67.74000000610351,43.000000020345055
5668,92.08,67.41999991455079,38.63333329264323
5669,92.04,67.94000006103515,40.69999983723958
5670,89.99,64.08000000610352,33.16666661580404
5671,92.05,68.26000006103516,39.83333321126302
5672,84.77,52.94000001831055,25.433333277384442
5673,92.05,68.13999998779298,37.8666665242513
5674,92.26,68.04000004882812,39.36666662597656
5675,88.24,59.32000001220703,32.76666655476888
5677,91.15,65.85999991455078,36.633333251953125
5678,10.0,0.9999999996185303,0.8333333333333334
5679,92.2,67.58000001220704,40.46666653442383
5680,86.6,58.019999993896484,27.233333333333334
5681,57.67,11.960000006103515,13.633333315531413
5683,73.75,44.319999969482424,14.8
5684,90.17,65.56000006103515,38.13333329264323
5685,85.03,49.27999997558594,23.133333307902017
5686,91.92,67.01999998779297,38.79999983723958
5687,89.32,64.13999997558594,32.699999954223635
5688,92.08,67.97999997558594,41.099999989827474
5689,92.65,68.32000001220703,42.23333330281576
5690,58.77,32.41999997558594,14.333333330790202
5691,89.53,63.359999914550784,33.566666585286455
5692,76.01,46.67999995727539,15.199999972025553
5693,90.85,66.86000004882813,33.43333331298828
5694,91.36,67.96000000610351,41.166666524251305
5695,73.34,38.55999996948242,15.899999969482423
5696,91.64,67.07999998779297,38.16666662597656
5697,92.34,67.13999993896485,38.53333326212565
5699,92.43,68.53999993896484,43.76666664632162
5700,85.8,57.54,24.566666625976563
5701,91.11,67.32,39.133333190917966
5702,88.85,61.799999938964845,30.099999857584635
5703,91.69,67.83999997558594,38.93333322143555
5704,87.18,57.61999995727539,25.433333323160806
5705,92.53,67.42000002441407,38.699999938964844
5706,89.49,62.69999998779297,32.066666585286455
5707,91.1,65.36000003662109,37.03333321126302
5708,92.86,70.39999997558594,41.19999989827474
5709,90.94,65.02000002441406,37.366666554768884
5710,89.35,63.18,34.599999857584635
5711,93.82,70.37999991455078,45.43333338419596
5712,91.58,66.55999991455079,38.03333331298828
5713,90.12,64.47999991455079,35.49999986775716
5714,87.55,58.39999995727539,31.56666655476888
5715,86.03,55.280000018310545,28.233333323160807
5716,92.1,67.32000002441406,39.866666564941404
5717,88.27,59.139999963378905,35.26666650390625
5718,93.0,69.51999992675782,45.033333241780596
5720,91.69,67.73999986572265,38.73333331298828
5722,88.4,64.54000000610351,33.599999908447266
5723,92.86,70.08000006103515,43.23333335367838
5724,86.7,58.08000002441406,28.733333312988282
5725,93.46,69.75999990234375,43.26666658528646
5726,92.96,69.29999993896485,43.83333318074544
5727,73.59,40.81999993286133,18.700000005086263
5728,92.42,67.66,39.13333337402344
5729,89.51,63.420000061035154,35.89999992879232
5730,92.07,68.09999987792969,38.73333325195313
5731,93.79,70.15999996337891,42.99999987792969
5732,88.9,63.53999998779297,32.03333320109049
5733,79.15,43.59999999389648,26.533333333333335
5735,85.41,57.55999993286133,16.766666648864746
5736,93.54,70.28000001220703,44.69999984741211
5737,87.01,55.979999993896485,29.09999994913737
5738,91.64,66.80000001220704,40.43333334350586
5739,86.27,53.31999994506836,26.099999964396158
5740,92.49,70.11999995117188,42.33333336385091
5741,92.48,68.0200000366211,40.199999928792316
5742,91.1,65.57999993896485,37.299999877929686
5743,92.08,67.69999991455079,39.23333337402344
5744,87.2,57.09999997558594,31.566666595458983
5746,87.55,57.31999993896484,30.9666666208903
5747,90.92,67.15999986572265,28.833333328247072
5748,87.57,61.25999995727539,30.366666600545248
5750,91.19,68.35999997558594,38.56666656494141
5751,91.82,67.15999989013672,39.96666666666667
5752,92.08,67.70000003662109,39.500000040690104
5753,10.0,0.9999999992370605,0.8333333333333334
5754,91.85,66.3200000366211,38.133333201090494
5755,88.23,61.40000001220703,30.49999996439616
5756,88.46,62.520000006103515,32.533333251953124
5757,90.86,65.46000006103516,37.266666544596355
5758,88.97,61.65999997558594,34.06666663614909
5759,34.91,10.199999996185303,9.86666663869222
5760,89.89,63.30000001220703,33.433333292643226
5761,89.67,64.62,33.166666524251305
5762,67.83,38.499999969482424,13.233333315531413
5763,86.43,58.26000001220703,28.400000030517578
5764,86.73,57.70000002441406,27.66666659037272
5765,91.74,68.71999997558594,40.26666670735677
5766,91.17,65.45999991455078,37.966666636149085
5767,88.71,62.11999994506836,33.166666666666664
5768,88.38,57.29999996337891,30.06666660563151
5769,91.52,66.10000004882812,27.76666663614909
5770,89.86,64.18,34.46666670735677
5771,92.83,69.53999995117188,43.63333322143555
5772,91.85,67.6199999633789,39.2666667175293
5773,88.95,61.46000001220703,30.13333331298828
5774,92.59,67.72000002441406,39.19999989827474
5775,91.38,66.75999997558594,37.66666655476888
5776,93.53,70.53999991455078,43.59999994913737
5777,85.37,50.27999998779297,27.26666660563151
5778,92.94,70.34000002441407,43.93333338419596
5779,86.62,58.059999951171875,27.03333334350586
5780,93.98,69.77999998779296,43.59999994913737
5781,90.44,64.77999998779296,36.53333326212565
5782,80.51,50.55999992675781,17.36666667683919
5783,91.93,67.8799999633789,41.29999994913737
5784,86.57,57.36000002441406,27.633333302815757
5785,91.52,67.89999993896484,41.56666662597656
5786,92.63,68.7600000366211,41.400000020345054
5787,92.3,68.39999996948242,40.23333321126302
5788,88.95,61.45999998168946,32.766666631062826
5789,91.86,66.72000002441406,40.73333321126302
5790,89.05,62.37999996948242,31.63333332824707
5792,90.24,63.41999997558594,35.533333302815755
5793,89.8,64.47999998779297,35.03333317057292
5794,90.84,65.81999998168945,33.36666662597656
5795,89.75,60.66000001220703,34.60000006103515
5796,88.35,63.19999996337891,31.499999979654948
5797,93.36,69.38,45.2666665242513
5798,87.54,60.099999951171874,29.633333287556965
5799,91.38,67.60000004882812,38.89999996948242
5800,80.25,50.89999993896485,21.599999933878582
5802,10.0,0.9999999988555908,0.8333333314259846
5803,91.87,67.61999997558594,39.9
5804,92.94,68.79999991455078,43.133333180745446
5806,86.24,58.21999995727539,28.066666610717775
5807,66.1,36.69999997558594,13.266666651407878
5808,90.45,64.50000002441406,36.233333394368486
5809,88.42,61.63999997558594,32.46666659545898
5810,91.05,64.42000004882813,35.66666658528646
5811,92.18,69.23999986572265,43.600000040690105
5812,89.57,63.25999996337891,34.866666564941404
5813,89.14,63.12000003662109,35.76666665649414
5814,92.49,67.87999999389649,40.9666667175293
5815,92.19,68.91999998779296,42.63333329772949
5816,86.57,57.83999996337891,23.999999908447265
5817,92.53,69.13999990234375,42.79999983723958
5818,80.76,48.699999945068356,16.699999994913735
5819,91.75,68.09999998779297,38.66666656494141
5820,92.44,67.61999991455077,41.866666564941404
5822,92.19,68.61999986572266,40.70000003051758
5823,93.79,70.81999998779297,43.93333333333333
5824,92.29,68.43999998779297,40.66666663614909
5825,92.16,66.55999995117187,38.8000000406901
5826,93.33,69.76000006103516,44.36666658528646
5827,88.98,64.93999991455078,34.766666666666666
5828,92.23,66.85999992675781,39.766666727701825
5829,84.6,57.23999993896484,19.19999994913737
5830,76.03,46.32000001220703,15.166666676839192
5831,93.01,67.92000003662109,42.766666615804034
5832,92.26,68.02,41.066666575113935
5833,89.36,65.60000000610351,36.09999987792969
5834,92.41,67.51999999389649,41.86666657511393
5835,92.71,68.69999998168946,43.433333353678385
5837,90.35,64.10000004882812,34.366666727701826
5838,89.81,63.89999991455078,33.19999988810221
5839,92.57,67.60000006103516,40.79999986775716
5841,92.12,68.01999992675782,38.26666663614909
5842,86.29,58.31999999389649,27.666666661580404
5843,10.0,0.9999999992370605,0.8333333320617676
5844,87.1,56.759999981689454,30.3666665242513
5845,91.02,66.01999992675782,36.466666697184245
5846,84.99,57.23999998168945,15.733333315531413
5847,84.78,57.68000001220703,23.7
5849,89.13,61.72000002441406,31.699999908447264
5850,91.9,67.28000001220703,36.033333267211916
5851,92.17,67.01999992675782,38.99999989827474
5852,92.18,68.77999989013672,41.86666658528646
5853,90.18,64.81999995117188,35.29999989827474
5854,92.96,69.67999992675782,43.73333319091797
5855,89.99,65.05999991455079,37.63333321126302
5856,93.55,70.80000001220704,44.33333319091797
5857,92.38,67.97999992675781,40.16666656494141
5858,92.27,68.0399999633789,41.09999988810221
5859,69.44,40.759999975585934,13.899999954223633
5860,75.75,46.39999993896485,15.066666633605957
5861,92.2,68.14000004882813,40.0999999593099
5862,89.38,63.09999994506836,35.166666717529296
5863,91.66,67.28000002441406,39.099999918619794
5864,88.37,62.19999995727539,30.5666666208903
5865,68.98,40.09999998168945,13.166666664123536
5866,91.96,68.16000004882812,39.69999996948242
5867,87.79,59.59999991455078,33.0666665242513
5868,88.4,60.17999999389649,31.866666697184243
5869,76.1,46.740000024414066,15.9666666208903
5870,85.08,53.88000002441406,25.899999954223635
5871,91.01,65.79999998168945,37.699999964396156
5872,92.28,68.9399998779297,40.86666658528646
5873,92.25,68.02,38.033333374023435
5874,89.0,61.759999981689454,31.600000010172526
5875,83.68,57.39999995117188,23.300000030517577
5876,92.99,69.49999998779298,43.83333319091797
5877,84.95,52.33999992675781,23.53333327738444
5878,93.52,69.99999992675781,44.5
5879,91.45,67.08000001220704,37.39999992879232
5880,91.49,66.39999997558594,38.59999989827474
5881,89.39,63.73999993896484,32.433333282470706
5882,90.22,64.41999997558594,36.19999996948242
5884,93.36,70.05999990234375,43.16666662597656
5885,87.64,59.26000002441406,29.399999923706055
5886,93.02,69.28000001220703,43.933333353678385
5888,88.92,63.52,31.566666727701822
5889,91.99,67.05999986572266,39.53333327229818
5890,88.66,64.53999997558594,33.63333326721192
5891,90.62,64.57999991455078,37.79999992370605
5892,88.45,62.46,30.699999938964844
5893,75.47,46.45999998779297,15.666666681925456
5894,10.0,0.9999999992370605,0.8333333333333334
5895,92.6,69.71999987792968,42.96666650390625
5896,90.05,66.04000006103516,36.03333334350586
5897,89.42,64.27999991455079,35.166666534423825
5898,92.8,69.07999998779297,43.53333333333333
5899,90.7,63.97999997558594,26.333333333333332
5900,90.98,65.45999993896484,35.76666660054525
5901,88.29,62.599999957275394,30.43333334859212
5903,88.87,63.79999992675781,33.966666636149085
5904,87.14,56.69999998168945,28.79999994913737
5905,10.0,0.9999999992370605,0.8333333326975505
5906,88.89,63.560000024414066,34.000000020345055
5907,91.8,67.87999998779297,38.19999984741211
5908,92.5,66.95999999389649,38.633333201090494
5909,91.39,66.87999997558593,39.96666661580404
5910,92.09,67.51999993896484,38.766666544596355
5911,88.37,58.95999995117187,30.399999938964843
5912,86.97,57.23999996337891,31.39999994913737
5913,86.94,57.7,27.699999994913735
5914,92.3,66.93999996337891,39.23333318074544
5915,86.82,58.499999975585936,27.366666666666667
5917,92.35,69.62000002441407,43.133333251953125
5918,91.3,65.18000002441406,38.76666655476888
5919,88.59,61.52000002441406,30.099999974568686
5920,89.31,61.8,34.26666665649414
5921,91.1,65.57999996337891,26.30000001525879
5922,92.58,69.91999990234375,40.96666660563151
5923,92.3,68.90000001220703,41.366666687011715
5924,92.35,68.87999993896484,43.09999988810221
5925,86.03,54.08000001831055,26.400000010172526
5926,92.28,66.95999993896484,39.39999992879232
5927,79.92,50.58000000610352,21.36666668701172
5928,92.28,68.95999997558594,41.93333338419596
5929,82.98,55.399999993896486,22.26666664123535
5930,90.84,65.29999993896485,36.2
5931,89.58,63.93999991455078,37.500000040690104
5932,92.31,67.69999997558594,43.70000005086263
5933,80.1,44.199999951171876,26.16666663614909
5934,82.72,55.37999997558594,24.36666659037272
5935,74.08,44.399999975585935,15.36666663614909
5936,85.07,51.43999995117188,25.633333287556965
5937,79.59,51.26000000610352,20.93333326212565
5938,92.39,69.29999995117187,41.6999999593099
5939,86.87,58.11999991455078,27.166666615804036
5940,90.71,68.07999997558593,38.69999988810221
5942,73.02,39.12000001831055,18.599999964396158
5943,79.89,50.059999951171875,21.266666625976562
5944,80.5,50.15999996948242,21.633333272298177
5945,91.77,68.35999989013672,40.599999928792315
5946,89.13,62.019999993896484,31.499999994913736
5947,92.37,67.16000002441406,37.03333319091797
5948,89.03,65.21999995117187,36.10000006103515
5949,87.61,55.93999995727539,32.033333302815755
5950,81.25,43.439999938964846,23.60000001525879
5951,85.49,56.420000024414065,25.299999908447266
5952,89.09,63.40000000610352,31.833333262125652
5953,62.88,33.95999998474121,13.799999987284343
5954,92.65,69.79999986572265,42.79999990844727
5955,86.74,58.67999998779297,30.06666655476888
5956,93.43,69.99999990234375,44.13333337402344
5957,90.31,65.77999993896485,35.83333329772949
5958,88.65,63.820000036621096,33.36666659545899
5959,92.22,68.27999998168946,40.56666666666667
5960,90.78,65.3,35.93333327229818
5961,89.64,64.79999999389648,34.699999989827475
5963,51.56,11.119999995422363,11.666666625976562
5964,83.17,53.31999993896484,18.19999996439616
5965,82.28,53.479999993896485,21.999999989827472
5966,93.17,69.27999989013672,44.06666667683919
5967,92.0,67.30000002441406,40.83333323160807
5968,89.7,65.28000000610352,35.366666727701826
5969,88.29,61.439999987792966,30.1
5970,92.89,68.35999987792968,42.299999888102214
5971,89.97,65.21999995727539,34.133333312988285
5972,89.02,62.10000004882812,30.36666659037272
5973,92.03,67.14000001220703,39.566666514078776
5974,90.18,64.28000000610352,36.83333336385091
5975,92.47,70.31999986572265,44.133333272298174
5976,92.84,67.80000004882812,43.26666658528646
5977,89.59,63.79999995117188,33.1666666615804
5979,93.71,71.13999997558594,45.133333272298174
5980,70.27,48.219999975585935,19.199999994913735
5981,91.95,66.50000003662109,38.466666697184245
5983,88.78,63.05999999389648,33.133333323160805
5984,88.39,61.259999926757814,34.333333353678384
5985,92.54,68.05999998779296,40.066666575113935
5986,90.88,65.77999992675781,37.56666653442383
5987,82.97,54.38,20.266666633605958
5988,10.0,0.9999999992370605,0.8333333320617676
5989,92.81,67.6799999633789,40.26666667683919
5990,90.77,66.22000003662109,38.600000040690105
5991,92.34,67.08000003662109,39.233333262125655
5992,87.16,60.71999999389649,27.36666659037272
5993,85.83,50.94,24.999999989827472
5994,86.79,56.79999996337891,26.066666610717775
5995,76.16,47.89999995117188,16.19999998219808
5996,53.71,30.340000003051756,12.066666676839192
5997,86.69,53.17999993896484,28.53333332824707
5998,90.94,63.64000001220703,36.33333323160807
5999,76.05,47.25999996948242,15.900000010172526
6000,76.05,47.26000001220703,15.166666600545247
6001,73.59,45.179999963378904,15.466666636149089
6002,79.07,44.619999987792966,21.333333323160808
6003,79.94,44.880000006103515,25.13333325703939
6004,84.75,57.57999995117188,17.03333330790202
6005,86.87,56.87999993896484,30.366666697184243
6006,93.28,70.00000006103515,41.966666514078774
6007,91.91,67.05999999389648,38.36666660563151
6008,91.59,66.45999995117188,39.133333312988285
6010,80.42,48.05999992675781,18.60000000508626
6011,91.69,67.70000002441407,39.8333332010905
6012,90.19,64.43999995117187,34.69999991861979
6013,92.41,68.86000001220702,41.59999983723959
6014,86.73,58.05999996337891,28.49999996948242
6015,92.45,68.03999986572266,38.16666669718425
6016,93.72,70.87999997558593,44.10000005086263
6017,90.6,63.73999996337891,36.06666656494141
6018,88.44,58.85999995727539,32.09999988810221
6020,92.2,67.48000006103516,40.966666564941406
6021,76.07,46.83999996948242,16.066666631062827
6023,91.37,65.85999992675781,39.29999984741211
6024,86.7,54.13999993286133,30.999999959309896
6025,86.93,61.15999996948242,27.63333325703939
6026,91.87,67.36000002441406,40.06666660563151
6027,90.83,65.61999991455077,35.933333302815754
6028,92.47,68.94,36.4333332010905
6029,75.32,46.840000006103516,15.166666646321614
6031,91.94,67.32000001220703,38.20000003051758
6032,90.45,63.06,35.23333336385091
6033,92.55,66.60000000610351,36.76666669718424
6034,92.02,66.69999998779296,39.4333332417806
6035,89.13,63.68000000610351,33.36666662597656
6036,89.99,64.5,38.16666669718425
6037,75.69,46.99999994506836,16.499999959309896
6040,10.0,0.9999999996185303,0.8333333326975505
6041,89.49,64.89999992675781,34.266666605631514
6042,91.66,67.76000004882812,41.099999908447266
6043,80.76,54.21999999389649,20.099999982198078
6044,92.02,68.66000004882812,42.933333353678385
6045,92.64,68.17999989013671,41.73333325195313
6046,90.97,65.76000000610351,36.49999991861979
6047,72.24,36.380000006103515,17.19999996439616
6048,89.01,64.79999993896485,33.3333332417806
6050,91.29,64.54000000610351,32.69999992370605
6051,92.79,68.31999995117188,42.666666534423825
6052,91.18,65.83999997558594,35.833333333333336
6053,92.14,67.22,40.63333334350586
6054,88.33,63.53999995117187,33.69999991861979
6055,92.61,69.95999997558594,43.999999959309896
6056,91.08,64.79999996337891,28.99999996948242
6059,91.67,67.06000001220703,38.533333231608076
6060,87.61,59.139999969482425,26.233333257039387
6061,92.78,68.91999987792968,42.63333335367839
6062,87.34,61.15999998779297,27.900000030517578
6064,90.49,66.4400000366211,37.900000030517575
6065,90.05,64.80000006103515,37.43333333333333
6066,91.18,66.26000006103516,38.13333322143555
6067,93.25,69.84000001220703,44.49999987792969
6068,91.97,69.1800000366211,43.06666650390625
6069,86.99,60.77999993896484,28.13333332824707
6070,89.11,63.13999995117187,33.166666631062824
6071,75.91,47.17999998779297,14.999999994913736
6072,90.26,62.72,35.43333319091797
6073,92.73,70.33999986572266,42.299999938964845
6074,93.26,68.75999993896484,43.56666659545898
6075,71.07,40.51999992675781,12.933333302815756
6076,86.71,53.740000012207034,27.499999923706056
6077,89.95,64.74000002441406,36.899999837239584
6078,93.36,69.5999999633789,42.79999994913737
6079,55.33,31.03999998474121,12.19999998219808
6080,92.03,68.63999993896485,40.4333332010905
6081,88.92,62.759999938964846,32.733333394368486
6082,92.85,69.88000001220703,43.36666653442383
6083,75.47,46.93999995117188,16.066666631062827
6084,77.54,44.299999993896485,26.099999954223634
6085,92.59,69.75999991455078,44.00000006103516
6086,89.02,64.3800000366211,33.933333353678385
6087,88.95,60.939999975585934,32.76666664632162
6088,89.71,63.63999998779297,33.46666663106283
6089,88.59,61.860000036621095,33.03333329264323
6090,75.34,46.84000001220703,15.166666648864746
6091,91.51,66.57999998779297,37.39999993896485
6092,91.82,67.21999999389648,38.69999984741211
6093,92.24,67.77999986572266,40.09999993387858
6094,89.25,62.560000024414066,31.299999964396157
6095,91.84,68.11999995117188,39.59999987792969
6096,92.42,66.95999997558594,36.89999991861979
6097,68.26,38.38000001831055,13.799999991099039
6098,91.41,66.25999995117188,37.73333325195313
6099,92.46,69.59999998779297,41.56666654459635
6100,91.94,67.4599999633789,39.2333332417806
6101,70.81,36.55999998779297,16.09999991861979
6102,86.4,56.019999938964844,30.266666625976562
6103,89.49,64.4400000366211,36.36666670735677
6104,86.76,55.08000000610352,25.83333327738444
6106,90.13,65.77999995117187,37.13333333333333
6107,89.0,64.10000001220703,32.79999998982748
6108,92.06,66.86000000610352,40.06666654459635
6109,91.9,66.76000002441407,39.833333282470704
6110,92.75,69.27999996337891,42.7666667175293
6112,10.0,1.0,0.8333333314259846
6113,92.42,68.21999997558594,40.86666653442383
6114,87.45,60.179999926757816,29.099999923706054
6115,92.15,67.40000000610351,42.43333332316081
6116,92.95,68.15999997558593,42.23333331298828
6117,92.8,69.89999986572266,44.6999999593099
6119,93.69,71.73999992675782,44.99999998982747
6120,92.59,69.33999991455079,44.499999979654945
6121,86.2,58.45999994506836,28.299999959309897
6122,90.34,65.76000001220703,36.83333337402344
6123,70.52,33.65999998474121,16.066666600545247
6124,91.81,68.0399999633789,39.933333302815754
6125,67.37,38.54000001220703,13.666666615804036
6126,92.85,71.11999986572266,43.8666667175293
6127,80.76,51.759999926757814,20.833333333333332
6128,91.74,65.57999995117187,37.53333326212565
6129,92.0,68.51999992675782,40.60000002034505
6130,87.19,61.26000003662109,28.03333332824707
6131,87.42,58.35999995727539,29.633333221435546
6132,89.39,65.41999995117187,34.49999993896484
6133,92.61,67.89999995117188,42.066666717529294
6135,91.0,66.04000000610351,38.0666665242513
6136,86.92,58.37999996337891,27.499999994913736
6137,85.38,57.72000000610352,24.333333282470704
6138,88.81,61.359999963378904,29.399999979654947
6139,90.96,66.30000002441406,40.13333317057292
6140,58.55,31.759999990844726,13.966666636149089
6141,92.23,68.41999986572266,41.999999908447265
6142,91.56,66.50000000610352,38.99999987792969
6143,89.3,63.75999996337891,34.099999918619794
6144,73.54,43.87999994506836,14.599999954223632
6145,89.65,65.45999991455078,33.2333332824707
6146,92.14,69.40000004882812,41.4000000406901
6147,89.66,64.4399999267578,35.93333333333333
6148,91.11,63.99999993896484,24.100000030517577
6150,86.65,54.88000002441406,27.79999996948242
6151,89.21,62.01999995727539,32.899999888102215
6152,89.38,63.56,35.79999998982748
6153,91.56,66.84000006103516,38.26666667683919
6155,91.11,65.89999997558594,38.033333302815755
6156,90.87,67.81999995117188,40.63333330281576
6157,84.18,54.59999998168945,25.266666590372722
6158,91.18,65.25999992675781,37.89999986775716
6159,89.17,62.919999951171874,31.699999888102212
6160,92.28,68.53999993896484,41.333333333333336
6161,79.92,50.69999996948242,20.933333323160806
6162,92.23,67.63999993896485,39.19999990844727
6163,92.11,68.36000001220702,39.16666656494141
6164,91.71,66.60000004882812,39.10000001017253
6165,91.91,67.64000001220703,39.99999984741211
6166,87.6,57.0799999633789,28.3666666208903
6167,90.04,64.39999991455078,34.39999985758463
6168,92.36,68.44000001220704,39.13333339436849
6169,82.11,52.93999996948242,21.79999997965495
6171,93.25,70.14000000610352,44.69999997965495
6172,91.44,68.23999986572265,39.33333336385091
6173,88.91,61.65999996337891,31.666666631062824
6174,90.84,63.99999999389649,31.29999996948242
6175,87.56,54.920000006103514,26.566666681925454
6176,90.04,64.87999997558593,33.83333325195313
6177,88.86,62.00000004882813,31.833333282470704
6178,89.23,64.97999998779297,34.99999986775716
6179,92.03,67.53999986572266,39.59999994913737
6180,92.96,68.85999993896485,42.33333323160807
6181,87.47,60.93999995117188,30.366666615804036
6182,92.6,69.92000006103515,42.7666667175293
6183,80.85,50.02000001831055,20.266666625976562
6184,91.33,67.28000001220703,39.9333332417806
6185,91.98,66.98000001220703,39.299999938964845
6186,93.12,69.58000006103515,40.56666653442383
6187,89.77,64.50000001220702,32.133333323160805
6190,87.81,59.14000004882813,23.23333327229818
6191,69.03,41.69999996948242,13.733333315531413
6192,92.95,69.27999989013672,44.79999998982748
6193,92.18,67.6200000366211,40.06666663614909
6194,79.35,50.83999998779297,21.20000002034505
6195,92.55,68.98000000610351,41.166666646321616
6196,81.46,51.079999938964846,19.29999994913737
6197,91.25,64.59999998779297,36.63333321126302
6198,10.0,0.9999999996185303,0.8333333333333334
6199,80.11,50.34000001831055,21.799999928792317
6200,91.19,65.23999995117188,37.36666662597656
6201,54.11,11.08,13.666666648864746
6202,90.33,65.32000002441406,37.099999989827474
6203,82.5,49.119999987792966,18.499999918619793
6204,92.61,70.34000003662109,42.299999888102214
6205,75.83,40.89999993286133,18.766666697184245
6206,91.53,67.04,39.86666653442383
6207,91.3,62.10000004882812,35.43333328755697
6208,92.47,69.5400000366211,42.8666667175293
6209,92.87,69.45999992675782,42.6333332417806
6210,90.42,67.84,38.99999992879232
6211,76.3,46.94000001220703,15.49999998219808
6212,65.41,13.779999963378906,14.699999954223633
6213,89.65,63.94000002441406,33.10000006103515
6214,79.59,42.65999998779297,22.166666610717773
6215,88.05,63.01999991455078,31.299999918619793
6216,87.0,58.799999993896485,27.99999993387858
6217,92.6,69.11999995117188,43.333333353678384
6218,92.44,68.29999997558593,40.69999996948242
6219,89.05,63.700000061035155,34.83333339436849
6220,87.12,54.879999951171875,30.333333328247072
6222,10.0,0.9999999988555908,0.8333333326975505
6223,87.58,58.319999981689456,31.666666631062824
6224,88.75,63.29999991455078,34.46666657511393
6225,93.28,68.9599999633789,43.86666658528646
6226,52.68,10.640000006103516,11.866666656494141
6227,92.6,69.10000006103516,42.89999985758463
6228,90.73,67.03999991455078,37.799999938964845
6229,68.23,41.06000001831055,13.666666666666666
6231,93.4,69.48000006103516,45.50000001017253
6232,62.42,34.13999997558594,13.99999998474121
6234,89.45,63.3,36.199999989827475
6235,92.27,68.09999995117188,41.2333332824707
6236,86.5,57.739999957275394,26.399999944051107
6238,85.07,56.199999945068356,26.166666671752928
6239,88.51,62.13999997558594,31.73333326212565
6240,91.69,66.45999998779297,39.39999991861979
6241,90.57,66.01999996948243,28.89999996439616
6242,74.77,40.340000006103516,18.733333315531414
6243,92.44,69.28000000610352,43.933333231608074
6244,89.54,64.42000002441407,33.56666661580404
6245,91.75,67.82000001220703,37.666666534423825
6246,85.26,57.519999993896484,23.89999994913737
6247,88.71,61.88000003662109,32.56666660054525
6248,89.28,63.98000003662109,34.46666665649414
6249,72.55,45.03999996948242,15.199999972025553
6250,93.28,70.18000001220703,42.50000005086263
6251,92.18,67.41999989013672,40.23333321126302
6252,79.07,49.60000001220703,18.500000010172528
6253,73.24,44.31999997558594,14.8666666208903
6254,87.59,58.159999932861325,31.766666590372722
6255,90.98,66.17999991455078,37.00000001017253
6256,93.64,70.47999993896484,45.23333325195313
6257,86.97,58.100000006103514,28.299999923706054
6258,92.55,67.91999997558594,40.33333319091797
6259,86.27,58.01999991455078,27.499999954223632
6260,91.67,65.84000003662109,36.96666654459636
6261,92.04,67.11999993896484,40.69999994913737
6262,92.38,70.14000003662109,43.36666651407877
6263,75.89,47.899999926757815,15.600000010172526
6264,91.85,67.51999990234376,40.66666669718425
6266,87.39,56.40000000610352,31.599999959309894
6267,92.69,68.77999986572266,45.066666514078776
6268,85.68,53.13999993896484,26.699999938964844
6269,93.22,69.28000006103515,41.43333338419596
6270,76.08,46.13999999389648,15.833333348592122
6272,86.28,56.99999998779297,24.000000015258788
6273,92.1,68.78000006103515,43.66666672770182
6274,86.9,58.91999998779297,27.90000001525879
6275,89.53,64.14000002441406,34.50000001017253
6276,92.05,68.19999997558594,41.933333282470706
6277,88.66,61.99999994506836,30.66666665649414
6278,90.24,66.43999998779297,37.733333201090495
6279,86.45,58.4,28.499999918619793
6280,86.53,58.37999998779297,27.733333282470703
6281,91.92,67.64000004882813,39.99999989827474
6282,92.09,67.81999995117188,41.49999991861979
6283,90.44,62.45999991455078,29.96666655476888
6284,89.07,63.279999969482425,33.56666661580404
6285,92.26,67.72000001220704,39.09999984741211
6286,91.27,65.86000006103515,36.633333190917966
6287,92.02,68.54000002441406,39.766666605631514
6288,93.0,69.54000004882812,44.96666658528646
6289,88.18,63.19999995727539,31.46666668701172
6290,92.5,67.04000002441406,42.33333329264323
6291,90.61,64.67999992675782,26.666666595458985
6292,91.81,67.45999987792969,39.63333333333333
6293,92.01,68.52000000610352,43.20000004069011
6294,90.45,67.11999992675781,38.26666653442383
6295,78.57,45.31999999389649,22.06666658528646
6296,86.95,59.3999999633789,27.8666666208903
6297,89.89,65.68000002441406,35.43333326212565
6298,90.6,63.95999986572266,36.46666663106283
6299,92.52,67.98000004882813,34.933333282470706
6300,88.43,61.359999963378904,22.36666665649414
6301,92.5,67.69999995117188,39.33333336385091
6302,92.72,68.95999992675782,41.49999984741211
6303,79.59,50.91999998779297,20.56666663360596
6305,93.53,69.04000006103516,44.93333322143555
6306,89.84,64.13999996337891,35.66666668701172
6307,92.7,67.69999991455079,40.36666653442383
6308,91.22,66.87999992675782,36.93333326212565
6309,91.5,65.98000000610351,39.56666662597656
6310,91.21,65.20000001220703,36.899999959309895
6311,92.16,66.9399999267578,38.99999985758463
6312,89.05,62.61999996337891,32.53333325703939
6313,91.07,63.45999997558594,37.499999959309896
6314,87.76,59.539999981689455,31.800000010172525
6316,92.3,68.10000001220703,42.73333337402344
6317,89.58,64.53999991455078,35.63333317057292
6318,83.9,53.39999995727539,22.89999996439616
6319,91.97,67.95999993896484,41.73333318074544
6320,91.58,66.51999995117187,38.76666667683919
6321,90.28,64.05999993896485,35.69999988810221
6322,85.01,51.919999963378906,24.83333336385091
6323,91.49,67.04000000610351,39.69999989827474
6325,75.3,46.279999951171874,15.700000010172525
6326,87.98,57.67999995117187,33.26666665649414
6327,91.64,66.88000006103516,38.599999928792315
6328,90.42,66.19999999389648,37.13333323160807
6330,94.02,70.18,44.566666697184246
6331,90.54,63.51999997558594,35.866666564941404
6332,87.12,60.159999993896484,26.60000000508626
6333,91.28,66.80000002441406,39.233333201090495
6334,85.59,52.4,23.5666666208903
6335,86.78,57.29999995117188,23.966666697184245
6336,92.02,66.63999995117187,39.366666615804036
6337,10.0,0.9999999996185303,0.8333333320617676
6339,75.66,46.11999995117188,15.366666633605957
6340,88.67,62.43999994506836,31.59999989827474
6341,92.56,69.64000004882813,41.899999959309895
6342,86.92,58.29999996337891,23.13333332316081
6343,91.35,65.5200000366211,36.99999991861979
6344,76.28,46.93999996337891,15.299999966939291
6345,74.19,43.89999998779297,15.43333334350586
6346,91.62,68.06000002441407,39.599999908447266
6347,88.83,63.82,33.96666655476888
6348,89.86,65.48000006103516,36.26666660054525
6349,88.75,61.179999969482424,33.99999998982747
6350,87.58,57.93999995117188,30.733333267211915
6351,92.83,68.43999999389648,40.26666658528646
6352,92.05,68.53999987792969,40.099999979654946
6353,89.66,65.48000001220703,38.23333337402344
6354,88.13,60.079999993896486,29.66666668701172
6355,92.2,68.67999992675782,41.13333334350586
6356,89.01,63.31999993896484,31.83333334350586
6357,89.26,61.6,34.73333323160807
6358,91.77,66.57999998779297,39.23333321126302
6359,85.01,58.17999993896484,22.03333330790202
6360,91.16,68.25999986572266,38.033333267211916
6362,89.59,62.119999993896485,33.66666663614909
6363,89.01,62.120000048828125,32.89999990844726
6364,92.59,67.36000002441406,41.16666654459635
6365,88.92,62.33999998168945,31.09999994913737
6366,10.0,0.9999999992370605,0.8333333320617676
6367,91.82,67.64000004882813,41.23333321126302
6368,91.63,68.13999995117187,38.600000040690105
6369,89.77,63.43999989013672,35.09999999491374
6370,78.97,50.07999995727539,18.766666620890298
6371,78.37,44.27999993286133,22.166666595458985
6372,91.86,67.51999995117187,38.933333292643226
6373,89.55,64.42000006103515,35.39999989827474
6374,80.89,50.579999993896486,21.466666697184245
6376,82.44,54.86000000610352,20.46666660054525
6377,87.57,59.71999998779297,17.299999964396157
6378,85.55,55.85999996948242,25.299999984741213
6379,87.14,57.13999993896484,28.033333267211916
6380,92.29,64.98000001220703,41.96666659545898
6381,91.81,66.5999999633789,39.53333338419596
6382,93.44,69.25999991455078,43.13333330281576
6383,89.7,65.11999986572266,39.06666660054525
6384,88.61,62.839999993896484,33.96666655476888
6385,90.61,63.67999995117187,37.399999837239584
6386,92.03,69.39999990234375,42.2666665242513
6387,92.69,68.68,39.33333327229818
6388,93.19,69.22000001220704,43.000000040690104
6389,88.65,63.82000001220703,33.366666651407876
6390,86.52,57.28,24.833333221435545
6391,87.94,57.35999993286133,32.23333334350586
6392,90.99,66.03999996948242,39.56666650390625
6393,87.77,57.77999998168945,31.133333353678385
6394,91.93,67.31999993896484,38.79999983723958
6395,82.64,51.79999996948242,21.699999979654947
6396,93.13,69.92000002441407,43.366666676839195
6397,92.34,67.30000006103515,40.33333326212565
6398,91.72,68.72000001220704,42.79999983723958
6399,91.61,64.46000001220703,38.56666663614909
6400,89.51,64.15999998779297,33.766666631062826
6401,90.07,62.85999995727539,34.13333326212565
6402,93.25,70.11999990234375,42.33333332316081
6403,86.62,57.54,26.69999998474121
6404,89.59,64.61999992675781,32.633333190917966
6405,91.97,68.32000004882812,38.89999993896485
6406,80.5,51.58000001220703,20.899999979654947
6407,88.97,62.259999981689454,31.83333329264323
6408,92.13,67.11999998168945,39.199999989827475
6409,79.84,51.16000001220703,21.866666631062827
6410,91.94,67.29999986572265,38.96666654459636
6411,86.6,52.79999994506836,26.066666681925454
6412,93.1,70.46000006103516,42.4333332010905
6413,92.29,69.33999987792969,44.19999996948242
6414,75.88,47.00000001220703,15.73333332824707
6415,88.85,63.01999991455078,21.500000020345052
6417,74.32,42.339999951171876,19.33333329264323
6418,91.33,65.93999999389648,37.50000005086263
6419,92.99,69.33999998168946,41.93333336385091
6421,92.19,68.03999986572266,39.93333331298828
6422,92.88,69.86000004882813,45.00000006103516
6424,91.05,65.91999986572266,36.56666667683919
6425,92.81,68.70000004882813,41.76666655476888
6426,87.81,57.819999963378905,26.233333282470703
6427,92.1,67.05999992675781,38.53333319091797
6428,90.96,65.43999999389648,36.50000006103516
6429,75.97,46.81999995117187,15.666666641235352
6431,93.17,69.1000000366211,43.033333363850915
6432,89.28,63.82000004882813,32.79999990844727
6434,90.95,67.05999987792968,39.26666657511393
6435,89.32,64.48,33.433333267211914
6436,92.36,69.39999995117188,42.29999984741211
6437,89.03,61.67999994506836,32.69999992370605
6438,86.99,57.54000002441406,28.433333302815754
6439,84.48,56.57999993286133,23.0
6440,89.73,65.63999992675781,35.766666595458986
6441,91.09,67.34000002441407,35.29999994913737
6442,67.11,39.57999995727539,13.299999984741211
6443,76.3,45.49999995117187,15.066666666666666
6444,92.18,69.04000004882812,42.16666655476888
6445,91.67,66.73999992675782,40.833333170572914
6446,93.01,68.49999993896485,42.10000002034505
6447,89.18,62.76000002441406,33.26666655476888
6448,10.0,0.9999999996185303,0.8333333326975505
6449,93.3,69.29999986572265,43.26666650390625
6450,10.0,0.9999999992370605,0.8333333326975505
6451,90.75,63.77999999389648,39.29999985758464
6452,93.02,68.83999995117188,42.133333190917966
6453,86.33,58.159999932861325,28.400000010172526
6454,78.91,44.359999975585936,16.766666600545246
6455,91.08,65.46000004882812,37.066666707356774
6456,91.86,66.61999992675781,38.63333339436849
6457,89.52,63.56,33.23333331298828
6458,91.06,65.69999994506836,36.46666650390625
6459,93.02,69.43999986572265,44.83333326212565
6460,90.97,66.22000006103515,31.63333334350586
6461,91.69,67.87999998779297,39.49999991861979
6462,76.19,46.70000001831055,15.666666664123536
6463,89.12,62.319999981689456,33.599999857584635
6464,92.31,67.49999986572266,40.93333334350586
6465,92.03,68.07999993896485,39.86666663614909
6466,86.51,54.83999992675781,27.66666659037272
6467,92.53,68.8000000366211,37.96666667683919
6468,85.44,57.259999938964846,25.166666625976564
6469,75.62,46.83999998168945,15.69999998219808
6470,92.29,66.96000004882812,38.233333201090495
6471,67.13,39.39999993896485,13.599999997456868
6472,91.17,66.05999986572266,35.06666666666667
6473,91.66,66.56000000610352,39.1333332417806
6474,91.57,67.70000004882813,39.6
6475,91.25,66.49999995117187,39.49999993896484
6476,75.67,46.499999975585936,15.566666585286459
6477,48.88,10.07999998626709,10.666666625976562
6478,10.0,0.9999999996185303,0.8333333333333334
6479,91.47,65.62,36.33333331298828
6480,67.82,38.039999963378904,15.466666651407877
6481,89.24,62.84,33.699999928792316
6482,75.53,47.21999995117187,15.8666666208903
6483,93.15,69.06000004882813,42.933333292643226
6484,89.63,64.45999998779297,35.06666663106282
6485,89.13,61.72000002441406,32.366666687011715
6486,85.7,55.200000012207035,28.966666727701824
6487,92.54,69.31999986572265,42.699999877929685
6488,88.52,62.03999993896485,30.066666600545247
6489,93.71,69.79999995117187,41.799999888102214
6490,86.73,58.11999995117188,27.99999993387858
6491,89.89,64.63999992675781,33.23333335367838
6492,88.88,63.51999998779297,33.96666660563151
6493,84.18,54.62000002441406,26.266666610717774
6494,90.49,65.46000006103516,36.233333272298175
6496,93.18,69.47999991455079,44.266666615804034
6498,88.86,62.33999998779297,32.23333326721191
6499,93.67,70.94000006103515,44.966666625976565
6500,74.22,43.55999994506836,14.76666665649414
6501,91.16,64.30000000610352,38.333333170572914
6502,86.88,57.47999996948242,31.266666646321614
6503,92.21,67.46000004882812,39.13333317057292
6504,89.9,64.15999998779297,34.29999989827474
6505,92.97,71.06000006103515,43.7333332417806
6506,92.52,69.50000006103515,41.2333332824707
6507,89.34,65.76000002441407,37.500000040690104
6508,90.42,66.32000001220703,37.86666653442383
6509,91.77,67.85999992675781,40.59999989827474
6510,86.08,52.3999999633789,27.39999999491374
6511,89.89,65.83999997558594,38.33333331298828
6513,79.95,50.599999963378906,21.13333327738444
6514,91.95,65.23999993896484,36.46666665140788
6515,93.45,70.63999995117187,42.73333337402344
6517,90.6,64.83999992675781,25.966666595458985
6518,92.78,68.29999996337891,39.99999985758463
6519,92.16,66.8799999633789,40.83333327229818
6520,89.03,62.520000006103515,32.23333323160807
6521,91.31,66.35999998168946,38.26666651407878
6522,85.87,51.76000001831055,26.83333331298828
6523,90.89,66.10000004882812,36.79999998982748
6524,89.97,63.799999993896485,35.53333322143555
6525,92.04,67.55999993896485,38.199999938964844
6527,87.55,58.059999951171875,32.600000040690105
6528,91.21,66.07999996948242,38.4666665242513
6529,92.99,69.81999990234375,44.9666667175293
6530,93.99,72.05999995117187,45.20000001017252
6531,89.51,64.72000000610352,33.79999991861979
6532,91.01,64.57999996948242,32.23333336385091
6533,92.55,67.09999998779297,39.19999983723958
6534,91.04,68.08000001220704,41.43333322143555
6535,88.99,64.09999992675782,34.10000002034505
6536,90.96,64.99999995117187,36.666666534423825
6537,90.84,64.58000004882813,18.83333330790202
6538,92.45,67.51999990234376,35.56666655476888
6539,91.87,67.05999997558594,39.533333374023435
6540,93.53,70.16000004882812,42.86666670735677
6541,92.22,65.67999999389649,39.8333332010905
6542,91.32,65.08,38.066666585286455
6543,92.44,67.71999998779297,40.56666667683919
6544,92.98,69.78000000610352,43.86666663614909
6545,92.05,67.59999999389649,39.56666667683919
6546,92.22,67.15999993286133,41.433333170572915
6547,92.02,67.9599999633789,40.53333331298828
6548,10.0,1.0,0.8333333333333334
6549,75.39,46.97999992675781,15.599999979654948
6550,86.77,57.57999998779297,29.499999954223632
6551,79.05,50.37999997558594,20.699999989827475
6552,92.07,68.53999995117188,41.23333336385091
6553,79.84,43.05999996948242,25.899999938964843
6554,92.37,67.51999987792969,39.56666666666667
6555,92.54,67.06000000610352,39.199999938964844
6557,61.52,13.379999978637695,14.69999998219808
6558,89.88,64.04000000610351,36.63333330281576
6559,10.0,1.0,0.8333333326975505
6560,75.46,46.4,15.466666676839193
6561,88.6,61.23999992675781,31.833333262125652
6562,89.51,65.86000001220702,34.766666631062826
6564,90.36,64.61999999389649,36.1
6565,87.09,55.64000001220703,27.899999969482423
6566,75.74,46.25999996948242,15.466666671752929
6567,92.93,70.47999987792969,43.86666651407877
6568,84.2,55.13999995727539,25.766666666666666
6569,79.99,51.25999996948242,20.933333307902018
6570,92.15,68.47999992675781,40.56666654459635
6572,88.96,63.540000036621095,32.89999997965495
6573,92.27,67.97999995117188,38.83333329264323
6574,92.03,68.68000004882812,43.100000040690105
6576,10.0,0.9999999988555908,0.8333333326975505
6577,10.0,0.9999999992370605,0.8333333333333334
6578,92.15,68.34000004882813,35.799999888102214
6579,87.29,57.320000036621096,23.933333318074546
6580,91.42,67.41999996337891,40.76666653442383
6581,90.36,63.939999993896485,38.333333333333336
6582,93.05,69.3999999633789,43.733333384195966
6583,88.86,61.99999992675781,32.666666534423825
6584,93.87,70.44000004882813,43.53333321126302
6586,88.24,63.419999951171874,32.89999996439616
6587,91.2,66.84000002441407,38.400000030517575
6588,91.34,65.48000006103516,36.699999928792316
6589,91.54,67.43999993896485,39.033333302815755
6590,92.44,68.56000006103515,43.400000030517575
6591,92.11,67.64,39.96666660563151
6592,91.27,66.19999992675781,37.833333170572914
6594,92.59,66.87999987792969,38.6
6595,90.69,64.15999991455078,37.03333339436849
6596,89.84,63.83999998779297,36.16666655476888
6597,89.67,64.20000001220703,35.10000003051758
6600,92.15,66.55999999389648,38.766666666666666
6601,75.42,46.999999975585936,15.733333267211915
6602,89.55,63.259999926757814,35.33333325195313
6603,88.95,61.99999995117187,30.133333221435546
6604,90.89,64.8200000366211,37.36666663614909
6605,86.63,57.83999994506836,23.36666667175293
6606,92.46,68.37999995117187,39.33333337402344
6607,75.71,46.93999995117188,15.633333315531413
6608,89.45,64.8,36.36666670735677
6609,92.11,67.41999996337891,38.69999984741211
6610,84.81,50.73999996948242,25.933333333333334
6611,91.79,67.59999995117188,39.36666660563151
6613,89.52,63.559999951171875,33.89999993896485
6614,84.18,57.83999996948242,23.499999928792317
6615,91.23,64.48000000610351,37.23333332316081
6616,91.88,67.54000004882812,39.36666664632161
6617,89.39,62.93999995117188,33.56666665649414
6618,90.61,65.47999998168946,36.89999990844726
6619,91.64,63.759999926757814,39.43333336385091
6620,79.3,44.68000002441406,21.36666665649414
6621,92.96,69.90000006103516,44.86666651407877
6622,92.43,69.36000006103515,43.06666656494141
6623,89.17,62.45999991455078,33.80000003051758
6624,89.12,62.920000006103514,32.63333335367839
6625,86.9,57.97999994506836,25.433333318074546
6626,92.47,69.09999997558593,40.3333332010905
6627,88.59,60.999999975585936,32.1666666208903
6628,92.2,69.31999987792969,42.833333170572914
6629,91.18,67.05999993896485,30.999999979654948
6630,84.47,57.41999996948242,17.200000010172527
6631,92.59,69.04000004882812,41.69999997965495
6632,92.52,69.61999989013673,42.60000001017253
6633,88.8,63.320000036621096,32.866666600545244
6634,86.41,57.61999996948242,28.56666657511393
6635,75.6,46.77999999389648,16.29999996693929
6636,92.04,66.64000001220703,39.89999993896485
6637,92.19,68.20000006103515,39.29999998982748
6638,89.87,64.50000004882813,35.7666665242513
6639,69.32,40.65999994506836,13.499999954223632
6641,91.04,65.42000003662109,36.96666665649414
6642,86.07,52.819999981689456,26.599999928792318
6643,90.29,66.69999993896485,37.60000003051758
6644,92.07,67.26000002441407,41.26666657511393
6645,92.0,68.31999997558594,40.69999990844727
6646,91.54,66.81999993896484,38.799999877929686
6647,91.23,68.47999997558594,42.099999979654946
6648,91.08,63.100000006103514,33.99999993896484
6649,91.41,65.55999992675781,36.29999991861979
6650,91.65,66.64000006103515,40.83333321126302
6652,92.13,68.21999998779297,42.23333337402344
6653,92.78,69.3199999633789,43.50000006103516
6654,91.33,67.74000004882812,40.66666661580404
6656,75.61,46.50000000610351,16.033333338419595
6658,85.85,52.35999993896484,26.366666681925455
6659,84.22,49.21999998779297,19.29999997965495
6660,88.75,63.54000002441406,33.266666727701825
6661,88.55,62.920000006103514,31.96666662597656
6662,85.16,56.679999975585936,17.333333338419596
6663,91.93,68.14,43.73333318074544
6664,88.6,62.30000000610352,32.56666665649414
6665,92.74,68.53999995117188,42.13333321126302
6666,92.55,67.81999989013671,42.566666717529294
6667,83.76,54.719999975585935,27.16666660054525
6668,10.0,0.9999999984741211,0.8333333326975505
6669,89.59,61.04000000610352,35.16666662597656
6670,90.41,65.67999991455078,36.83333329264323
6671,91.53,65.34000003662109,32.866666564941404
6672,86.54,58.15999998168945,27.86666660563151
6673,89.36,63.19999992675781,33.96666658528646
6674,91.7,67.25999998779297,39.79999990844727
6675,91.94,67.06,39.36666670735677
6677,84.18,49.0,22.499999984741212
6678,90.86,64.98000003662109,35.29999998982748
6680,87.09,57.65999998168945,29.699999969482423
6681,79.94,49.22,16.76666658528646
6682,86.89,58.95999994506836,27.399999954223635
6683,88.54,61.700000012207035,34.19999999491374
6684,86.44,56.02000001220703,22.866666610717772
6685,88.87,62.01999997558594,32.59999994913737
6686,92.09,66.96000000610351,38.733333201090495
6688,82.52,49.96,21.29999994913737
6689,93.29,70.35999998779297,44.699999867757164
6690,86.96,57.05999996948242,28.73333329772949
6691,91.48,64.93999998168945,36.49999985758463
6692,88.72,64.61999995117188,33.86666665649414
6693,93.4,69.20000003662109,43.39999992879232
6694,92.18,67.97999991455079,39.43333339436849
6695,89.6,63.78000000610351,34.36666658528646
6696,93.05,68.20000002441407,43.399999837239584
6698,92.22,69.51999991455078,43.39999984741211
6699,91.31,67.1000000366211,38.199999928792316
6700,90.14,66.38000004882812,34.16666663614909
6701,87.16,56.420000006103514,30.899999959309895
6703,93.16,69.71999993896485,45.66666658528646
6704,92.14,68.01999997558593,39.26666669718424
6705,86.92,54.68000002441406,27.366666631062827
6706,89.55,64.61999993896484,36.233333262125655
6707,79.71,50.579999981689454,20.366666625976563
6708,84.58,55.73999996337891,16.96666662597656
6709,92.45,67.2599999633789,40.333333170572914
6710,75.95,46.35999998779297,15.366666625976562
6711,92.69,69.49999993896485,41.76666667683919
6712,86.23,56.31999998779297,30.299999954223633
6713,90.58,62.74,35.599999989827474
6714,89.45,63.17999993896484,31.500000010172528
6715,91.22,65.5599999633789,38.83333337402344
6716,93.06,70.22000004882813,42.699999867757164
6717,93.37,70.51999995117187,44.366666727701826
6718,51.89,11.059999993896485,13.799999994913737
6719,93.08,68.9399998779297,44.43333325195312
6720,89.32,64.26,33.433333267211914
6721,92.64,68.18000006103516,40.20000001017252
6723,91.72,68.53999997558594,41.366666615804036
6725,92.22,67.27999995117187,39.400000010172526
6726,89.2,62.51999996948242,32.56666668701172
6727,91.45,67.37999995117187,37.499999908447265
6728,93.08,68.52000006103516,42.599999908447266
6729,92.92,69.49999995117187,40.36666663106283
6730,86.84,58.619999993896485,28.099999964396158
6731,91.0,66.84000002441407,38.26666662597656
6733,84.61,57.77999997558594,23.633333318074545
6734,92.27,68.01999998779297,41.86666651407877
6735,91.17,65.09999998779297,38.33333318074544
6736,90.28,65.28000002441406,35.53333319091797
6737,92.01,68.53999990234375,41.76666664632162
6738,92.31,67.0,38.96666667683919
6739,93.18,69.20000004882813,43.499999908447265
6740,91.36,63.919999963378906,35.36666663106283
6741,91.32,65.87999998779297,36.09999986775716
6742,91.64,67.84000004882813,39.13333335367839
6743,89.66,64.53999986572266,36.0
6744,10.0,0.9999999996185303,0.8333333326975505
6745,92.58,69.52000004882812,42.60000001017253
6746,91.61,67.37999999389649,40.0999999593099
6747,93.74,70.53999995117188,43.366666615804036
6748,90.78,66.80000001220704,38.79999996439616
6749,92.01,67.56000001220703,38.06666655476888
6750,89.15,65.16000004882812,34.666666656494144
6751,85.66,54.31999999389649,25.066666646321615
6752,89.66,63.73999992675781,33.43333329772949
6753,91.32,65.07999996337891,36.933333231608074
6754,92.07,69.45999997558594,45.03333332316081
6755,86.72,58.97999996948242,26.999999928792317
6756,91.02,65.11999999389649,37.29999998982748
6757,90.31,64.84000003662109,36.233333272298175
6758,88.94,63.619999993896485,32.29999999491374
6760,86.78,61.25999995727539,27.6
6761,91.27,66.04,37.13333337402344
6762,88.67,63.60000001220703,32.700000061035155
6763,92.55,68.01999999389649,42.39999986775716
6764,89.23,64.98000004882813,34.83333327229818
6766,92.42,68.33999998779296,41.26666663614909
6767,88.95,61.95999997558594,32.76666655476888
6768,91.34,66.65999993896484,38.60000001017253
6769,88.87,64.3,33.466666697184245
6770,86.32,53.01999993286133,27.26666657511393
6771,92.52,70.10000004882812,43.20000004069011
6772,89.66,65.37999992675782,34.23333335367838
6773,92.01,67.61999992675781,38.399999959309895
6774,80.6,45.27999998168945,17.69999994913737
6775,87.42,59.13999999389648,26.233333302815755
6776,89.83,65.08000001220704,35.03333317057292
6777,87.43,55.999999981689456,25.933333257039386
6778,79.9,48.359999963378904,19.333333251953125
6779,90.87,64.55999992675781,37.59999986775716
6780,91.16,64.88,38.96666666666667
6781,89.88,66.50000001220702,38.13333322143555
6782,86.86,58.66000001220703,28.399999923706055
6783,86.72,59.31999992675781,28.533333257039388
6784,89.84,64.80000002441406,37.69999989827474
6785,73.22,45.01999996948242,14.833333300272624
6786,89.94,64.97999995117188,35.899999888102215
6787,93.32,70.72000003662109,44.633333272298174
6788,80.39,50.51999996948242,21.366666633605956
6789,92.06,67.16000004882812,40.166666666666664
6790,75.87,46.25999995117188,15.466666687011719
6791,88.41,59.69999998168945,21.366666666666667
6792,86.6,52.27999994506836,25.80000001525879
6793,92.26,68.79999995117187,39.000000040690104
6794,60.16,33.19999997558594,12.899999969482423
6795,87.56,58.240000024414066,25.86666665140788
6796,86.73,58.560000006103515,29.066666636149087
6798,88.58,62.72000001220703,33.0333332824707
6799,91.38,65.41999995117187,37.033333363850915
6800,89.03,63.49999999389649,32.33333323160807
6801,90.86,65.27999990234375,35.733333297729494
6802,93.07,70.11999989013673,45.233333394368486
6803,91.99,66.93999996948243,40.83333337402344
6804,93.75,70.5400000366211,45.16666669718425
6805,92.19,67.62000004882813,40.86666660563151
6806,79.64,49.33999998168945,20.39999999491374
6807,86.49,52.93999998168945,27.66666660563151
6808,88.78,63.76000003662109,33.83333326721191
6809,91.99,67.70000002441407,38.59999983723959
6810,59.36,31.619999963378906,13.166666646321614
6811,92.17,69.95999987792969,43.26666664632162
6812,88.87,63.31999998779297,32.566666575113935
6813,92.1,67.9399999267578,40.29999989827474
6814,85.34,52.57999996948242,27.166666681925456
6815,89.0,62.91999999389648,31.69999995422363
6816,89.99,66.07999995117187,37.233333262125655
6817,91.42,66.6599999267578,38.19999989827474
6818,92.24,68.40000000610351,39.63333336385091
6819,88.48,62.22000002441406,32.06666666666667
6820,92.62,69.01999989013672,44.33333337402344
6821,92.29,67.47999992675781,41.93333318074544
6822,86.1,57.99999993896484,27.1666666208903
6823,87.03,55.54000001220703,29.2
6824,90.47,63.83999992675781,35.10000006103515
6825,89.96,64.22000001220704,32.53333335367839
6826,10.0,1.0,0.8333333307902018
6827,90.13,66.45999995117188,39.33333327229818
6828,80.18,51.439999993896485,21.466666697184245
6829,92.49,68.06000000610352,40.499999969482424
6830,93.71,71.00000004882813,43.1333332824707
6831,91.7,67.10000001220703,28.699999938964844
6832,90.68,65.89999993896484,35.96666658528646
6833,92.01,67.36000004882813,39.56666660563151
6834,91.15,64.10000001220703,35.43333336385091
6835,93.06,70.22000000610352,42.70000003051758
6836,90.6,64.84000006103516,36.7666665242513
6837,75.79,46.839999932861325,15.333333302815754
6838,75.98,46.93999995117188,15.766666633605958
6839,85.27,56.76000002441406,19.633333300272625
6840,93.06,68.2999999267578,40.80000002034505
6841,91.61,67.46000000610351,38.53333326212565
6842,89.47,62.73999999389648,34.36666669718424
6843,88.89,63.45999992675781,33.89999986775716
6844,74.18,45.12000000610352,14.43333334350586
6845,91.85,67.90000006103516,39.39999990844726
6846,51.78,11.62,12.199999954223633
6847,90.26,65.57999992675781,29.0333332417806
6848,88.85,62.56,31.766666676839193
6849,91.46,65.61999998779297,40.16666667683919
6850,91.77,67.70000004882813,39.19999984741211
6851,92.53,67.32000002441406,40.233333201090495
6852,89.43,65.63999995117187,34.83333319091797
6853,91.01,63.97999998779297,31.599999908447266
6854,90.83,67.26000001220703,40.79999990844727
6855,93.0,69.77999996337891,42.33333330281575
6856,91.75,67.22000004882813,38.39999984741211
6857,89.05,62.53999999389649,34.83333329772949
6858,91.74,66.93999996337891,39.36666669718424
6859,91.37,67.48000003662109,40.13333336385091
6860,75.71,47.25999996948242,15.066666646321615
6861,89.68,63.75999994506836,34.03333319091797
6862,92.54,69.39999993896484,42.366666615804036
6863,87.15,57.95999997558594,28.433333257039386
6865,92.13,66.87999987792969,40.566666575113935
6866,87.64,58.01999992675781,29.333333287556965
6867,88.97,61.85999993896484,33.03333322143555
6868,90.88,66.07999995117187,38.999999979654945
6869,91.26,65.08000001220704,36.466666697184245
6870,91.16,67.56000003662109,40.7333332417806
6871,86.93,57.85999993286133,29.43333331298828
6873,92.08,67.71999995117187,39.86666659545899
6874,90.72,63.23999999389648,37.5
6875,89.68,64.05999992675781,33.299999938964845
6876,91.79,66.95999998168945,40.8
6877,89.04,62.520000061035155,33.99999989827474
6878,87.08,56.51999993286133,31.633333287556965
6879,80.14,51.13999998779297,21.266666600545246
6880,93.25,68.77999989013672,43.499999837239585
6881,78.25,42.51999998779297,22.066666625976563
6882,73.25,44.31999997558594,15.43333332824707
6883,88.29,62.019999938964844,30.09999997965495
6884,73.71,44.7199999633789,15.533333251953126
6885,87.14,56.69999995727539,28.466666585286458
6886,92.94,68.17999990234375,42.7666667175293
6887,90.34,64.75999999389649,35.866666615804036
6888,92.01,67.73999993896484,38.33333323160807
6889,68.17,39.89999995727539,13.533333318074543
6890,88.59,63.740000006103514,33.43333325195312
6892,91.56,65.79999996948243,37.800000010172525
6893,61.21,34.280000018310545,14.433333348592122
6894,89.92,64.65999993896484,35.96666670735677
6896,90.28,66.01999998779297,37.033333363850915
6897,88.06,62.48000003662109,29.800000010172525
6898,79.84,43.05999996948242,26.066666697184246
6899,90.9,67.27999989013672,37.966666514078774
6900,92.35,68.44,41.699999938964844
6901,86.87,57.81999997558594,27.766666631062826
6902,87.75,57.77999999389648,34.49999985758463
6904,92.9,69.4399998779297,40.933333282470706
6905,81.18,49.01999996948242,16.69999996693929
6906,91.78,68.40000006103516,42.066666707356774
6907,92.35,68.42000001220703,41.433333170572915
6908,91.71,67.7999999267578,40.83333332316081
6909,91.56,67.69999991455079,38.899999959309895
6910,89.37,60.960000018310545,32.866666615804036
6911,90.95,66.17999992675782,35.39999990844726
6912,89.24,64.45999992675782,33.26666660054525
6913,92.45,68.72,42.96666650390625
6915,88.71,61.65999996948242,31.933333287556966
6916,91.05,64.13999998779298,28.033333257039388
6917,92.01,68.21999993896485,41.699999989827475
6918,87.0,57.96,28.333333267211913
6919,10.0,0.9999999992370605,0.8333333320617676
6920,91.18,65.63999992675781,35.89999998982747
6921,51.52,10.179999981689454,10.033333305358887
6922,89.97,64.84000000610351,37.96666659545898
6923,93.25,69.44000004882813,44.89999997965495
6924,92.27,67.09999995117188,39.96666661580404
6925,93.45,71.21999996337891,44.13333326212565
6926,91.88,69.34000004882813,42.93333334350586
6927,76.86,38.939999938964846,18.766666600545246
6928,92.96,69.37999998779297,44.066666575113935
6930,89.13,61.720000036621094,32.299999888102214
6931,93.61,70.8999999633789,44.833333221435545
6933,91.74,68.24,40.23333336385091
6934,92.27,68.1000000366211,41.233333272298175
6935,91.3,65.61999998168945,36.63333333333333
6936,86.61,59.560000024414066,27.233333302815755
6937,92.04,67.12000001220703,40.299999888102214
6938,88.4,63.82,33.366666687011715
6939,92.21,67.89999989013671,39.96666666666667
6940,76.82,48.53999995727539,18.999999994913736
6941,92.64,68.5200000366211,43.43333336385091
6942,66.1,36.69999998474121,12.16666663869222
6943,88.96,63.819999981689456,33.966666625976565
6944,84.85,56.68000000610351,23.566666666666666
6945,92.67,68.61999998779297,42.49999989827474
6946,92.1,66.56000006103515,38.89999984741211
6947,88.13,62.37999997558594,34.33333326721191
6948,89.08,63.72,33.96666668192545
6949,87.7,58.019999951171876,31.833333267211913
6950,91.82,67.55999992675781,38.699999928792316
6951,93.34,69.03999986572266,44.46666654459636
6952,88.63,62.839999993896484,34.199999989827475
6953,92.3,67.70000001220703,38.7666665649414
6954,79.97,47.539999963378904,26.23333326212565
6955,92.38,67.85999991455078,40.36666660563151
6956,92.18,69.15999995727539,42.03333333333333
6957,90.73,66.40000002441407,37.800000010172525
6958,91.8,67.69999993896485,37.23333337402344
6959,86.57,57.26000002441406,23.366666636149088
6960,92.28,67.69999986572266,39.56666659545898
6961,91.89,66.48000003662109,39.299999938964845
6962,91.55,68.11999986572266,40.166666646321616
6963,87.95,63.28000001220703,30.66666660054525
6965,90.15,63.19999998168945,36.36666666666667
6966,91.47,68.10000002441406,40.43333334350586
6967,90.67,65.23999995117188,37.033333231608076
6968,86.78,57.159999993896484,31.23333339436849
6969,89.51,64.41999996337891,36.36666669718424
6970,10.0,0.9999999996185303,0.8333333326975505
6972,90.22,64.13999999389648,32.999999959309896
6973,91.04,64.88000000610351,36.399999837239584
6974,88.95,62.200000006103515,32.89999989827474
6975,84.88,57.919999951171874,24.29999996948242
6976,92.96,71.13999986572266,45.06666660563151
6977,89.11,61.95999998779297,31.73333336385091
6978,54.74,30.099999978637694,12.166666659037272
6979,92.01,67.63999990234375,40.46666661580404
6980,92.75,68.81999995117188,42.43333325195312
6981,80.1,47.87999992675781,18.466666664123537
6982,93.3,69.31999992675782,44.999999908447265
6983,92.6,67.78000000610352,41.39999991861979
6984,73.97,40.660000006103516,18.199999969482423
6985,89.75,64.1599999267578,32.89999985758463
6986,91.82,67.18000002441406,38.733333384195966
6987,92.6,68.98000004882813,43.000000030517576
6988,76.43,47.33999997558594,15.8666666208903
6990,89.82,64.72000006103515,35.666666534423825
6991,91.12,67.20000000610352,39.93333337402344
6992,91.16,65.63999992675781,35.0999999593099
6993,93.57,70.06000001220703,44.63333321126302
6994,92.32,67.70000004882813,39.49999989827474
6996,91.2,63.659999993896484,33.76666660054525
6998,91.09,65.45999995727539,38.23333329264323
6999,93.34,69.8199999633789,44.799999888102214
7000,81.61,43.240000024414066,26.03333334350586
7001,10.0,0.9999999996185303,0.8333333307902018
7002,92.29,67.87999991455078,39.73333336385091
7003,91.89,66.31999991455078,40.33333338419596
7004,89.69,65.85999991455078,36.3666665242513
7005,91.03,65.83999997558594,37.33333321126302
7006,78.28,50.05999993896484,19.49999993387858
7007,88.99,61.88000002441406,31.599999923706054
7008,89.91,63.65999991455078,34.1
7010,89.05,63.51999998779297,34.76666665649414
7011,85.92,54.45999999389648,26.46666667175293
7012,89.23,64.71999991455078,36.333333170572914
7013,92.31,67.80000001220704,40.06666653442383
7014,89.4,62.839999951171876,32.06666662597656
7015,79.86,51.019999993896484,21.16666668701172
7016,92.0,67.18000001220703,38.53333332316081
7017,86.97,58.279999951171874,28.133333318074545
7018,78.45,44.39999998779297,21.39999994913737
7019,90.43,64.27999999389648,33.933333170572915
7020,86.4,56.279999963378906,27.43333334859212
7021,91.14,65.30000000610352,37.63333339436849
7022,86.83,57.62000001831055,27.833333272298177
7024,91.06,66.17999999389649,36.83333326212565
7025,79.12,49.13999999389648,19.199999918619792
7026,91.62,68.09999993896484,39.76666664632162
7027,88.68,62.44,32.26666665649414
7028,57.37,11.439999992370605,14.566666615804037
7029,92.15,67.86000000610352,39.43333326212565
7030,93.14,69.43999993896485,42.06666654459635
7031,93.05,69.15999995117187,42.566666575113935
7032,91.84,66.62000004882813,39.66666662597656
7033,92.42,67.35999997558594,41.50000001017253
7034,92.12,67.86000004882813,39.49999984741211
7035,90.8,65.55999999389648,34.39999993387858
7037,92.06,68.16000000610352,40.300000061035156
7039,92.28,68.92000003662109,42.20000005086263
7040,89.82,63.479999938964845,36.00000006103516
7041,88.2,62.179999981689456,33.900000020345054
7042,85.61,57.71999993896485,24.19999998474121
7043,91.94,66.88000001220703,39.96666664632161
7044,91.58,67.11999986572266,36.29999992879232
7045,89.85,63.43999991455078,34.766666666666666
7046,86.66,61.03999999389649,27.4666666208903
7047,91.98,67.27999993896485,39.866666615804036
7048,92.71,69.97999992675781,41.13333323160807
7049,73.86,43.85999993896484,15.19999994913737
7050,10.0,0.9999999992370605,0.8333333314259846
7051,87.31,56.839999951171876,32.26666663614909
7052,90.24,64.8000000366211,36.666666534423825
7053,88.5,62.05999998168945,30.26666663614909
7055,90.92,64.12000001220703,37.56666654459635
7056,92.81,69.32000006103516,41.96666658528646
7057,93.02,69.63999993896485,40.266666727701825
7058,91.96,67.49999997558594,37.733333262125655
7059,92.39,69.08000001220704,42.766666727701825
7061,74.94,41.22000001831055,19.699999994913735
7062,53.84,28.139999981689453,10.466666669209799
7063,92.31,67.03999993896484,39.96666667683919
7065,87.04,57.40000000610352,29.266666600545246
7066,59.19,31.13999995727539,12.566666666666666
7067,90.94,64.69999998779296,31.46666665649414
7068,88.89,64.71999993896485,36.133333384195964
7069,92.3,69.62,42.833333343505856
7070,88.94,63.86000000610352,33.50000006103516
7071,90.02,66.23999994506836,37.433333292643226
7072,89.76,62.66000001220703,34.199999989827475
7073,90.69,66.13999993896485,36.133333272298174
7074,90.3,66.91999999389648,38.366666600545244
7075,92.62,68.70000004882813,42.66666658528646
7076,91.15,65.35999991455078,39.10000005086263
7077,91.69,67.45999987792969,36.699999928792316
7078,75.51,46.51999992675781,15.799999966939291
7079,93.08,68.95999993896484,45.29999992879232
7080,10.0,0.9999999996185303,0.8333333320617676
7081,75.38,46.88,15.400000015258788
7082,91.1,65.22000004882813,37.13333321126302
7083,78.08,44.739999951171875,22.93333334859212
7084,81.88,50.18000001220703,20.466666631062825
7085,89.94,65.45999991455078,36.4
7086,92.36,67.28000002441406,41.7666667175293
7087,92.39,68.42000003662109,39.43333327229818
7088,86.75,60.90000002441406,28.366666631062827
7089,91.44,68.05999993896485,38.66666672770182
7090,79.62,50.759999975585934,20.06666658528646
7091,89.22,65.79999997558593,36.66666658528646
7092,89.0,64.75999993896484,35.66666658528646
7093,91.91,67.66000002441406,39.93333337402344
7094,87.93,59.619999987792966,33.79999992879232
7095,89.17,64.39999999389649,34.80000003051758
7096,10.0,1.0,0.8333333333333334
7097,88.75,62.51999998168945,33.899999959309895
7098,92.68,68.65999996337891,41.833333282470704
7099,88.49,61.8999999633789,31.933333353678385
7100,70.2,40.72000001831055,13.399999972025553
7101,92.52,67.74,40.63333333333333
7102,92.65,69.37999990234376,42.26666667683919
7103,92.11,68.83999993896484,42.066666646321615
7104,75.36,46.560000024414066,16.133333297729493
7105,90.8,67.37999987792969,36.26666668701172
7106,92.02,67.0399999633789,39.399999837239584
7107,92.61,69.33999993896484,42.36666660563151
7108,92.18,67.47999991455079,41.06666662597656
7109,89.87,64.85999991455078,36.03333326212565
7110,86.56,57.94000001220703,27.90000001525879
7111,91.96,67.72000002441406,39.00000006103516
7112,92.27,69.25999987792969,42.93333331298828
7113,89.23,64.55999991455079,33.06666659545898
7114,93.17,69.8,43.46666658528646
7115,91.33,67.89999999389649,39.73333331298828
7116,75.37,46.68,16.133333315531413
7117,92.75,69.45999997558594,45.133333323160805
7118,86.28,57.73999993286133,28.199999994913735
7119,91.88,66.91999986572266,40.133333312988285
7120,75.62,48.019999945068356,15.699999954223633
7122,80.9,49.63999997558594,17.766666620890298
7123,86.89,57.73999997558594,28.699999969482423
7124,90.85,66.97999990234375,37.83333319091797
7125,92.5,68.41999987792968,41.633333312988285
7126,10.0,0.9999999996185303,0.8333333326975505
7127,92.13,67.78000003662109,41.3666667175293
7128,87.02,58.04,23.633333287556965
7130,86.6,57.839999993896484,15.69999999745687
7131,91.24,66.43999991455078,38.13333334350586
7132,89.58,65.46000000610351,36.0
7133,91.2,65.83999993896484,36.86666657511393
7134,93.56,69.85999998779297,44.86666669718424
7136,93.21,70.11999993896484,43.79999994913737
7137,90.26,64.05999993286133,37.0666665242513
7138,80.43,51.04000001831054,17.166666631062824
7139,92.68,68.53999993896484,41.3333332010905
7141,87.2,58.29999996948242,31.333333297729492
7142,89.24,62.91999998779297,26.83333331298828
7143,87.1,58.659999993896484,32.399999994913735
7144,93.11,69.10000001220703,43.033333363850915
7145,90.92,62.59999993896484,34.46666657511393
7146,91.87,67.61999991455077,41.36666665649414
7147,87.12,56.03999996948242,28.23333332824707
7148,88.2,59.69999998168945,32.7666665242513
7149,93.22,68.1000000366211,43.70000005086263
7150,88.94,60.639999981689456,32.46666665649414
7151,87.88,59.16,29.5333332417806
7153,90.15,63.98000003662109,34.233333333333334
7154,87.21,56.75999996337891,29.733333267211915
7155,74.82,42.64,18.89999998219808
7156,87.52,58.02000002441406,31.766666646321614
7157,92.4,65.90000004882812,40.666666595458985
7158,91.58,67.69999989013672,38.96666667683919
7159,89.95,63.78,36.000000040690104
7160,92.18,69.49999998779298,33.46666658528646
7161,10.0,0.9999999992370605,0.8333333301544189
7162,91.64,68.24000001220703,39.766666605631514
7163,88.61,60.41999997558594,33.23333331807454
7164,88.09,57.55999995727539,31.1666665242513
7165,84.28,54.41999993896484,26.19999998474121
7166,93.2,69.53999986572266,43.49999994913737
7167,92.12,68.17999998779297,40.16666655476888
7168,79.56,51.139999969482425,20.299999918619793
7169,92.57,68.37999992675782,41.099999969482425
7170,92.11,67.90000001220703,38.566666646321615
7171,87.04,60.58000001220703,26.666666595458985
7172,85.69,53.54000001220703,24.266666697184245
7173,73.34,44.47999998168945,14.499999964396158
7174,89.03,62.68000002441406,33.69999991861979
7175,92.17,68.37999995117187,44.133333201090494
7177,87.41,57.73999996948242,29.23333329772949
7178,91.29,67.51999998168945,37.73333317057292
7179,92.47,69.48000000610351,38.499999969482424
7180,90.19,66.54000000610351,40.03333319091797
7181,91.4,66.35999997558594,37.36666653442383
7182,88.09,59.58000002441406,33.433333170572915
7183,89.3,63.37999996337891,33.19999991861979
7185,78.43,46.45999993286133,17.79999996948242
7186,87.52,59.179999926757816,33.533333251953124
7187,86.87,57.500000024414064,28.999999928792317
7188,90.87,65.35999987792968,37.900000020345054
7189,92.7,69.11999997558594,42.599999969482425
7190,92.77,68.3399999633789,40.999999979654945
7191,91.2,65.07999989013672,30.433333287556966
7192,90.83,66.06,35.49999989827474
7193,88.85,61.85999998779297,33.06666655476888
7194,92.19,67.50000003662109,38.69999997965495
7195,92.56,70.42000002441407,43.86666664632161
7196,89.34,64.10000002441406,32.93333326212565
7197,90.27,64.89999992675781,35.66666656494141
7198,75.29,45.499999975585936,14.99999998219808
7199,92.27,68.63999996337891,42.9333332417806
7200,92.15,68.36000001220702,38.96666659545898
7201,91.05,65.51999998779297,39.133333180745446
7202,92.88,70.0400000366211,41.933333282470706
7203,92.74,69.07999992675781,43.09999993896484
7204,89.11,63.139999981689456,33.16666658528646
7205,84.38,50.7199999633789,22.966666676839193
7206,10.0,0.9999999988555908,0.8333333326975505
7207,90.01,63.98000003662109,33.233333221435544
7208,10.0,0.9999999996185303,0.8333333326975505
7210,92.19,67.86000003662109,39.93333336385091
7211,76.27,47.25999995727539,16.399999979654947
7212,86.75,54.19999996337891,26.799999928792317
7213,86.27,57.43999995117188,28.066666615804035
7214,73.87,37.43999996337891,18.29999997965495
7215,92.43,69.85999996337891,44.133333251953125
7216,86.48,56.99999995117187,22.4666666208903
7217,77.88,42.319999981689456,22.266666681925457
7218,91.99,67.25999991455078,40.800000010172525
7219,90.53,64.89999986572266,37.70000004069011
7220,88.58,62.91999999389648,31.90000002034505
7221,88.65,61.77999999389648,30.133333221435546
7222,91.94,66.43999993896485,38.16666669718425
7223,92.3,66.83999986572266,38.56666656494141
7224,79.84,51.200000012207035,21.066666661580403
7225,91.0,65.49999995117187,28.433333374023437
7226,90.16,65.09999989013671,37.69999989827474
7227,88.6,62.29999990234375,32.43333325195312
7228,91.81,67.91999999389648,39.26666664632162
7229,89.75,63.26000001220703,33.56666665649414
7230,10.0,1.0,0.8333333326975505
7231,91.31,65.21999996948242,37.09999989827474
7232,89.05,62.71999999389649,30.9333332417806
7233,92.36,67.96000004882812,41.399999888102215
7234,88.96,62.91999991455078,32.03333327229818
7235,92.59,69.02000000610352,41.23333334350586
7236,92.94,68.55999992675781,43.20000004069011
7237,93.19,69.18000002441406,44.23333332316081
7238,93.05,69.83999993896484,42.499999908447265
7239,86.72,57.299999987792965,27.90000001525879
7240,91.46,67.5999999633789,38.96666666666667
7241,86.04,58.79999997558594,27.966666585286458
7242,90.47,62.11999996337891,32.2333332824707
7244,91.97,68.14000006103515,39.13333333333333
7245,60.76,33.19999995727539,12.899999989827474
7246,88.9,62.579999981689454,32.899999959309895
7247,75.4,46.83999994506836,15.466666661580403
7248,92.48,69.42000000610352,41.7333332417806
7249,75.22,46.83999995727539,16.366666633605956
7250,91.93,67.35999993896485,38.866666676839195
7251,87.54,57.81999999389649,31.29999993387858
7252,92.35,68.50000003662109,43.833333221435545
7253,90.52,65.6000000366211,36.933333170572915
7255,91.74,64.1200000366211,34.33333331298828
7256,90.9,64.62,37.96666670735677
7257,88.36,58.719999975585935,30.63333334350586
7258,75.91,47.019999938964844,16.266666676839193
7259,88.72,62.099999963378906,31.56666668701172
7260,92.29,69.19999991455079,41.43333318074544
7261,92.27,68.91999993896485,40.233333221435544
7262,80.98,48.77999998779297,18.166666631062824
7263,92.39,69.23999991455078,41.60000001017253
7264,88.14,61.13999991455078,29.599999857584635
7265,88.8,65.03999992675782,34.03333331298828
7266,80.55,50.53999996948242,17.166666615804036
7267,88.52,61.51999998168945,33.09999983723959
7268,89.15,61.95999991455078,32.933333282470706
7269,92.08,69.34000006103516,43.29999990844727
7270,88.97,62.53999998779297,34.19999989827474
7271,92.39,67.92000001220703,39.86666662597656
7272,90.24,64.5599999633789,36.29999991861979
7273,92.5,69.63999991455078,41.63333333333333
7274,87.17,57.39999993896485,30.49999994913737
7275,91.95,67.27999993896485,39.36666650390625
7276,84.75,51.8,27.766666646321614
7278,92.53,68.36000002441406,40.499999837239585
7279,92.2,68.39999998779297,41.66666662597656
7280,90.59,66.09999992675782,36.56666656494141
7281,89.97,66.98000006103516,37.80000003051758
7282,91.98,67.42000006103515,42.16666657511393
7283,86.01,55.99999999389649,8.96666665649414
7284,75.99,47.319999969482424,15.666666633605956
7285,88.22,57.63999993896484,33.46666657511393
7286,90.27,66.08000006103515,39.46666653442383
7287,90.63,64.13999993896485,40.66666656494141
7289,82.2,54.33999994506836,20.66666665649414
7290,91.92,67.72000006103515,37.90000006103516
7291,89.42,63.859999926757816,33.13333334350586
7292,92.73,69.60000004882812,41.33333326212565
7293,93.14,70.85999995117187,44.96666655476888
7295,86.54,58.45999995727539,28.199999908447264
7296,88.51,61.439999993896485,30.533333272298176
7297,90.25,64.24000001220703,33.366666727701826
7298,89.52,62.41999993896484,31.099999923706054
7299,80.14,51.23999997558594,20.633333297729493
7300,93.67,69.68000006103516,43.900000010172526
7301,91.55,64.8199999633789,39.23333318074544
7302,88.18,62.119999926757814,32.499999908447265
7303,88.4,59.01999995727539,22.533333348592123
7304,93.04,70.2599999633789,43.700000061035155
7305,88.41,62.62000001220703,32.366666615804036
7306,91.79,67.88000006103516,38.39999992879232
7307,89.16,64.21999993286133,34.93333319091797
7308,87.87,59.23999993896484,29.233333257039387
7309,10.0,0.9999999988555908,0.8333333314259846
7310,90.89,66.48000002441407,35.533333302815755
7311,55.96,30.979999978637697,11.566666664123535
7312,88.07,57.19999996948242,30.033333302815755
7314,88.52,59.63999992675781,34.70000001017252
7315,91.11,65.03999998168945,35.7666665649414
7316,87.16,58.17999993896484,27.56666667175293
7317,91.28,66.77999992675781,39.099999918619794
7318,91.6,66.23999997558593,38.69999997965495
7319,75.55,46.85999993286133,16.333333251953125
7320,86.44,53.600000006103514,28.199999994913735
7321,10.0,0.9999999992370605,0.8333333326975505
7322,75.13,46.76000001220703,16.066666648864746
7323,79.92,50.939999987792966,20.833333353678384
7324,75.25,47.09999993286133,16.06666663360596
7325,92.34,68.18000002441406,41.86666665649414
7327,91.65,67.43999999389648,41.23333337402344
7328,76.61,46.35999993896484,15.833333335876464
7329,90.2,65.4400000366211,36.400000020345054
7330,10.0,1.0,0.8333333326975505
7331,86.73,58.219999926757815,27.899999938964843
7332,85.64,51.17999998779297,26.26666663614909
7333,10.0,0.9999999980926514,0.8333333320617676
7334,72.56,44.81999993896484,14.999999994913736
7336,78.9,50.34,20.53333330790202
7338,90.62,65.50000002441406,37.099999908447266
7339,88.63,63.060000024414066,31.79999997965495
7340,92.35,69.54000002441406,43.13333334350586
7341,86.39,58.299999987792965,26.96666659037272
7342,86.72,54.39999993896485,28.266666615804038
7343,91.72,67.48000004882813,39.5999999593099
7344,89.14,65.42000003662109,36.26666670735677
7345,75.73,46.31999997558594,15.966666648864747
7346,90.29,64.36,34.33333332316081
7347,92.33,69.00000001220702,42.80000005086263
7348,88.95,62.91999991455078,33.900000010172526
7349,92.25,70.27999986572266,44.19999997965495
7350,61.36,34.43999996948242,13.633333305358887
7351,75.62,46.63999995727539,15.266666681925456
7352,92.22,66.68000004882812,38.76666653442383
7353,93.73,70.72000004882813,43.433333353678385
7354,92.83,68.18000002441406,41.13333334350586
7355,84.4,57.659999993896484,17.000000015258788
7356,91.33,66.26000004882812,37.933333170572915
7357,92.52,68.27999989013672,43.066666575113935
7358,88.92,64.30000001220704,33.16666655476888
7359,90.03,65.45999993896484,37.23333337402344
7360,92.33,67.9599999633789,40.86666659545899
7361,92.58,70.50000006103515,44.099999857584635
7362,69.54,40.37999994506836,14.033333333333333
7364,91.31,66.53999989013671,38.066666707356774
7365,10.0,1.0,0.8333333314259846
7366,85.12,56.999999963378905,23.966666651407877
7367,92.04,67.07999997558593,39.833333221435545
7368,80.55,47.72,26.6
7369,90.57,63.76000002441406,36.13333329264323
7370,91.15,65.67999993896484,36.53333332316081
7371,10.0,0.9999999992370605,0.8333333314259846
7373,92.03,66.56000002441407,39.566666646321615
7374,89.62,66.28000006103515,35.49999989827474
7375,86.78,55.53999998779297,28.86666665649414
7376,93.24,68.29999993896485,44.833333221435545
7377,87.0,56.499999963378905,28.69999993387858
7378,70.44,41.80000000610352,13.466666651407877
7379,89.06,63.53999999389649,32.53333332824707
7380,89.5,64.61999989013673,34.2666665649414
7381,91.3,67.13999986572266,38.63333330281576
7382,91.23,67.26000004882812,39.866666554768884
7383,91.99,67.52000004882812,41.03333334350586
7384,93.88,70.12,44.76666657511393
7385,89.68,64.23999998779297,33.20000003051758
7386,86.74,59.03999993896485,26.89999996439616
7387,89.49,65.50000001220702,35.73333326721191
7388,91.44,66.72,39.366666727701826
7389,92.91,69.12000006103516,40.06666666666667
7390,75.73,46.91999993286133,15.966666651407877
7391,91.75,66.61999995117188,38.83333338419596
7392,86.55,57.98000001220703,28.1666666208903
7393,91.17,65.13999989013672,37.46666667683919
7394,83.02,55.719999926757815,19.83333330790202
7395,89.31,62.50000000610351,33.46666667683919
7396,92.25,67.15999995117187,39.33333330281575
7397,52.51,10.599999995422364,11.466666653951009
7398,92.2,66.97999993896484,39.2666665649414
7399,92.59,67.72000006103515,40.26666668701172
7400,91.59,67.27999987792968,38.366666564941404
7401,86.39,58.520000006103515,28.599999989827474
7402,75.69,47.21999995117187,15.333333287556966
7404,86.42,57.88,28.433333282470702
7405,93.28,69.71999996337891,42.96666655476888
7406,91.03,64.59999991455078,33.8666666615804
7407,93.41,70.41999997558594,42.19999983723958
7409,89.02,62.35999989013672,29.133333272298177
7410,90.59,65.33999991455079,37.66666663614909
7411,89.2,63.940000048828125,32.86666662597656
7413,89.32,61.15999998779297,34.86666659545899
7414,79.18,49.939999987792966,18.266666631062826
7415,71.72,44.70000002441406,14.866666648864745
7416,91.51,67.7600000366211,41.96666670735677
7417,92.61,67.81999986572265,39.16666660563151
7418,90.72,65.0399999633789,36.833333333333336
7420,92.81,68.97999987792969,43.43333326212565
7421,90.95,66.09999993896484,36.66666672770182
7422,86.7,58.259999987792966,27.699999944051108
7423,88.15,60.219999926757815,21.099999928792318
7424,90.8,65.89999992675781,32.03333327229818
7425,92.64,68.41999992675781,40.16666663614909
7426,79.81,46.57999995727539,17.833333338419596
7427,66.93,39.01999996948242,16.733333312988282
7428,91.02,65.67999999389649,33.66666668701172
7429,85.35,54.90000001220703,30.06666658528646
7431,88.99,61.83999998779297,33.066666697184246
7432,73.79,38.600000006103514,17.299999918619793
7433,82.64,51.11999995727539,20.633333353678385
7434,89.26,63.90000002441406,33.46666668701172
7435,91.05,63.09999992675781,28.799999954223633
7436,93.1,69.05999993896485,42.79999986775716
7437,88.52,61.66000002441406,31.533333292643228
7438,90.07,64.75999998779297,35.19999994913737
7439,91.35,62.98,31.53333336385091
7440,86.13,55.86000001220703,26.266666661580405
7441,67.96,39.62000001831055,13.199999984741211
7443,87.99,61.679999975585936,36.60000006103515
7444,91.55,65.95999999389649,37.46666660563151
7445,87.76,57.84000003662109,31.233333353678386
7446,91.76,67.11999991455077,40.699999857584636
7447,75.92,47.140000024414064,15.566666631062825
7448,88.22,61.899999926757815,32.999999933878584
7449,89.21,63.30000000610352,33.73333335367838
7450,92.22,67.81999993896484,40.433333170572915
7451,87.2,54.759999981689454,28.499999979654948
7452,93.07,68.99999986572266,40.26666670735677
7453,90.44,64.25999990234375,36.13333323160807
7454,92.43,68.9599999633789,43.19999991861979
7455,92.58,69.65999993896484,41.59999989827474
7456,92.1,67.5200000366211,41.76666657511393
7457,87.31,56.41999993896484,32.13333329772949
7458,89.82,64.63999997558594,34.9
7459,84.74,56.83999997558594,23.999999974568684
7460,80.16,51.52000002441406,16.366666631062827
7461,90.89,66.34000006103516,35.7666665649414
7462,88.74,61.87999996337891,32.73333332824707
7464,91.81,67.16000000610352,41.06666668701172
7465,88.84,60.83999996337891,30.86666668701172
7466,89.59,61.61999994506836,32.233333394368486
7467,87.79,58.399999926757815,31.499999979654948
7468,89.58,63.67999993896484,34.79999997965495
7469,90.77,62.999999981689456,31.13333326212565
7470,91.18,66.09999991455078,35.999999933878584
7471,87.08,56.67999999389649,28.46666659037272
7472,88.5,62.559999951171875,30.299999888102214
7473,88.09,59.75999995727539,32.43333325195312
7474,80.5,48.07999998779297,18.33333327738444
7475,80.53,49.23999998168945,16.83333334350586
7476,86.32,58.33999996948242,27.666666646321616
7477,89.87,67.03999998168945,38.20000001017252
7478,89.21,64.50000002441406,35.4
7479,91.14,65.62000004882813,36.53333326212565
7480,82.44,54.099999969482425,20.50000003051758
7481,87.79,58.85999995117187,32.000000030517576
7482,93.58,70.39999987792969,44.566666646321615
7483,92.11,67.6000000366211,39.06666662597656
7484,90.79,66.02000000610352,30.600000030517577
7485,75.65,46.91999997558594,16.266666633605958
7486,89.2,62.55999997558594,32.833333170572914
7487,90.94,62.319999981689456,38.79999986775716
7488,75.58,46.91999993286133,15.666666595458985
7489,93.32,69.7399999633789,42.7666665649414
7490,78.67,43.87999997558594,22.899999974568686
7491,86.42,56.880000006103515,22.866666610717772
7492,92.61,69.58000001220704,43.19999989827474
7493,79.82,50.97999996337891,21.566666697184246
7494,92.86,69.35999990234374,42.86666664632161
7495,89.11,62.1,32.73333323160807
7496,76.38,46.81999992675781,15.399999972025553
7497,92.58,67.97999993896484,38.96666664632161
7498,87.51,58.52000001220703,32.066666661580406
7499,91.86,67.5799998779297,39.96666670735677
7500,93.25,69.33999993896484,43.53333331298828
7501,10.0,0.9999999996185303,0.8333333314259846
7502,92.12,69.0399999633789,44.03333338419596
7503,86.54,58.93999995727539,27.266666590372722
7504,88.67,60.179999975585936,20.56666663360596
7505,92.7,68.8799999633789,44.33333318074544
7506,79.63,50.54000001831054,21.233333251953123
7507,92.29,67.45999999389649,39.79999983723958
7508,92.24,68.68000001220703,41.16666660563151
7509,87.68,56.97999991455078,27.36666658528646
7510,91.12,66.38000006103516,35.73333323160807
7511,84.53,54.81999994506836,26.633333302815757
7512,89.94,63.640000036621096,37.500000040690104
7513,91.78,66.95999997558594,39.89999986775716
7514,92.2,69.24000002441406,44.56666667683919
7515,79.46,50.96,20.866666697184243
7516,75.44,46.68,16.599999954223634
7517,88.7,60.44,31.666666625976564
7518,87.28,59.05999992675781,30.50000003051758
7519,78.91,49.179999969482424,18.766666600545246
7520,90.88,66.40000000610351,36.56666662597656
7521,85.62,53.01999997558594,27.699999888102212
7522,91.99,67.45999987792969,38.89999986775716
7523,91.31,67.12000004882813,38.83333336385091
7526,78.74,50.78000000610351,21.266666600545246
7527,91.19,66.2,38.933333292643226
7528,75.32,46.46000000610351,15.566666633605957
7529,92.1,67.1000000366211,38.3000000406901
7531,93.31,68.82000004882812,42.79999998982748
7532,91.9,66.8399999633789,39.16666672770182
7533,86.79,59.15999996948242,27.26666665649414
7535,70.49,40.17999993286133,13.69999998219808
7536,80.07,49.71999994506836,20.966666585286458
7537,90.97,65.21999997558594,36.56666662597656
7538,90.47,64.41999996337891,36.399999837239584
7539,88.76,62.01999993286133,32.199999938964844
7540,84.9,57.979999938964845,23.199999918619792
7541,91.92,68.35999991455078,40.066666707356774
7542,86.44,58.69999996948242,28.299999908447266
7543,85.79,51.09999999389648,25.133333333333333
7544,93.0,68.10000001220703,42.633333272298174
7545,82.77,50.419999951171874,20.499999918619793
7546,90.87,67.01999995117187,30.733333251953123
7547,91.26,61.53999995117187,32.900000010172526
7549,92.33,68.11999993896484,40.199999857584636
7550,92.58,68.43999997558593,42.23333336385091
7551,90.75,67.69999997558594,38.499999908447265
7552,89.6,65.6200000366211,34.39999994913737
7553,72.45,37.96000001220703,17.53333334350586
7554,91.67,66.29999998168945,40.79999996948242
7556,93.85,72.19999986572266,45.033333363850915
7558,87.49,57.81999995727539,31.566666656494142
7559,88.01,58.30000001220703,30.799999959309897
7560,92.63,69.57999986572266,44.200000061035155
7561,91.43,65.60000006103516,36.13333330281576
7562,80.85,41.20000001831055,21.333333338419596
7563,92.62,68.59999989013671,39.46666650390625
7564,85.43,52.339999932861325,27.26666657511393
7565,92.84,70.32000001220703,43.39999993896485
7566,90.97,64.5200000366211,32.166666681925456
7567,92.19,68.23999998779297,43.199999857584636
7568,84.97,56.05999993896484,26.23333330790202
7569,91.77,67.20000002441407,39.69999996948242
7571,88.54,62.219999981689455,32.6666666615804
7572,82.55,49.53999995117187,19.69999993387858
7573,90.99,65.45999995117188,36.86666670735677
7574,91.96,66.88000000610351,39.13333337402344
7575,92.1,67.48,40.833333170572914
7576,88.43,61.160000006103516,21.966666615804037
7577,91.43,65.13999997558594,36.13333322143555
7578,90.28,66.1599999267578,38.49999985758463
7579,92.9,69.54000004882812,41.599999979654946
7580,91.85,68.75999997558594,43.76666663614909
7581,49.63,10.079999981689452,9.733333348592122
7582,75.76,46.25999995117188,15.466666664123535
7583,86.83,58.76,28.86666660563151
7584,76.06,46.799999932861326,15.733333315531413
7585,88.66,61.89999991455078,32.39999998982747
7586,86.35,58.259999938964846,22.39999991861979
7587,91.3,65.61999997558594,36.633333251953125
7588,89.67,64.28000003662109,33.43333325195312
7589,91.73,67.23999993896484,40.83333338419596
7590,92.14,67.67999987792969,39.36666670735677
7591,92.22,68.68000006103516,41.8000000406901
7592,91.89,66.85999989013672,38.53333326212565
7593,91.51,66.42,38.56666660563151
7594,86.1,58.79999991455078,28.36666658528646
7595,92.16,67.56000003662109,40.39999996948242
7596,86.43,57.83999994506836,29.533333282470704
7597,92.45,68.51999998779297,42.90000006103516
7598,80.97,51.53999995117187,18.69999996439616
7599,89.54,64.76,34.83333329264323
7600,93.46,69.96000006103516,42.500000030517576
7601,92.91,70.03999987792969,41.566666646321615
7602,94.06,71.80000002441406,44.83333336385091
7603,92.72,69.77999998779296,41.166666646321616
7604,88.86,63.17999998779297,33.13333335367839
7605,89.48,64.67999992675782,36.39999992879232
7606,68.9,38.419999957275394,16.099999964396158
7607,86.21,51.079999981689454,26.06666665140788
7609,92.13,66.77999993896485,38.79999989827474
7610,92.1,67.98000003662109,41.099999918619794
7611,92.25,69.23999998779297,42.39999994913737
7612,89.86,64.48000006103516,33.29999985758464
7613,92.8,68.19999989013672,42.833333221435545
7614,92.06,66.61999997558594,38.86666660563151
7615,92.91,68.7599999633789,43.66666660563151
7616,79.37,48.5799999633789,19.466666661580405
7617,89.35,63.76000003662109,34.233333394368486
7618,93.15,70.23999995117188,43.99999994913737
7620,91.85,67.4599999633789,39.433333302815754
7621,92.15,68.09999995117188,39.59999983723959
7622,86.79,59.13999993286133,28.166666661580404
7623,92.3,69.17999993896484,42.69999994913737
7624,86.77,58.69999995727539,21.999999959309896
7625,92.13,68.08000004882813,39.499999979654945
7626,56.34,11.959999981689453,15.166666633605956
7627,90.06,66.39999999389649,37.79999989827474
7628,83.13,54.719999981689455,26.733333257039387
7629,90.22,62.17999994506836,33.999999933878584
7630,88.41,58.579999975585935,32.5666665242513
7631,92.5,69.35999998779297,42.366666676839195
7633,92.73,68.89999989013671,41.96666658528646
7634,86.5,52.239999957275394,27.366666666666667
7635,92.02,67.51999993896484,39.39999989827474
7636,92.09,67.38000001220703,39.36666669718424
7637,91.99,67.91999989013672,37.86666660563151
7638,88.63,62.77999993896484,30.46666660563151
7639,86.7,56.419999963378906,28.133333297729493
7640,89.69,63.999999975585936,36.26666662597656
7641,92.15,67.91999996337891,40.69999983723958
7642,90.22,63.37999992675781,36.866666676839195
7643,10.0,0.9999999996185303,0.8333333326975505
7644,85.17,51.47999996948242,25.23333336385091
7645,88.88,61.76000001220703,32.96666667683919
7646,90.55,64.08000000610352,35.8
7647,88.67,63.51999992675781,33.56666660054525
7648,88.0,61.15999998168945,29.06666660563151
7649,88.88,61.12000000610352,30.633333251953125
7650,80.61,48.219999981689455,20.300000020345053
7651,73.08,37.539999975585935,17.43333331298828
7652,91.37,67.73999999389649,40.13333321126302
7653,92.04,67.15999996337891,41.10000001017253
7654,89.78,62.980000061035156,35.26666655476888
7655,92.56,69.58,38.599999989827474
7656,87.03,55.55999996948242,27.366666610717772
7657,89.91,66.08000003662109,35.23333329264323
7658,92.37,68.4399999267578,41.70000005086263
7659,89.07,63.29999995727539,31.833333302815756
7660,92.06,66.54000002441406,39.89999996948242
7661,92.06,67.43999997558593,39.66666657511393
7662,75.14,46.500000024414064,15.033333315531413
7663,86.7,58.76000002441406,27.86666659037272
7665,93.19,69.89999990234375,43.59999994913737
7666,92.68,69.63999998779298,42.56666659545898
7667,86.98,56.91999993896484,28.53333329772949
7668,78.35,45.019999938964844,15.699999979654947
7669,88.91,62.40000000610352,32.96666665649414
7670,92.34,67.74,39.96666667683919
7671,91.7,66.59999997558593,39.633333272298174
7672,92.54,69.85999996337891,42.866666687011715
7673,87.73,58.80000000610352,30.399999954223635
7674,75.24,46.47999995117188,15.666666646321614
7675,89.13,62.62000000610352,33.033333267211916
7676,91.84,67.51999996337891,40.033333374023435
7677,85.8,57.53999993896485,25.299999989827473
7678,89.9,64.01999992675782,33.96666667683919
7679,87.13,60.400000036621094,27.199999974568684
7680,89.58,65.13999999389648,36.53333339436849
7681,91.73,66.96000004882812,39.26666655476888
7682,86.21,57.77999998779297,28.56666657511393
7683,91.82,67.38000001220703,38.83333326212565
7684,90.23,63.499999963378905,32.599999918619794
7685,90.65,66.55999991455079,37.39999994913737
7686,92.32,68.84000006103516,42.29999990844727
7687,75.09,46.840000006103516,15.19999994913737
7688,92.47,66.47999993896484,39.00000006103516
7689,91.22,65.10000006103516,37.60000003051758
7690,85.86,58.27999997558594,27.566666631062827
7691,90.12,64.98000000610351,36.70000003051758
7692,90.3,64.74000001220703,35.99999998982747
7693,90.71,65.94,37.79999983723958
7694,92.58,67.43999995117187,41.13333337402344
7695,92.37,68.45999993896484,43.66666668701172
7696,92.37,69.27999992675781,42.833333221435545
7697,90.27,64.83999995117188,35.800000061035156
7698,88.55,62.26000002441406,29.499999959309896
7699,79.25,48.87999992675781,19.39999999491374
7700,88.61,62.76000000610352,31.699999928792316
7702,91.97,66.51999991455078,40.16666669718425
7703,92.07,68.20000006103515,39.79999990844727
7704,89.97,64.85999991455078,34.6333332417806
7705,89.54,64.33999991455079,34.23333336385091
7706,91.98,67.5599999633789,41.39999987792969
7707,91.7,67.32000006103516,38.800000010172525
7708,91.9,67.27999990234375,39.46666664632161
7709,82.42,53.36000002441406,19.76666663614909
7710,90.34,64.88000006103516,35.4333332010905
7711,75.58,46.86,15.966666664123535
7712,92.98,68.36000001220702,40.49999987792969
7713,85.17,57.97999998779297,21.833333338419596
7714,91.47,66.2999998779297,36.79999985758464
7716,92.28,67.65999986572265,41.99999984741211
7717,91.96,67.45999992675782,38.999999959309896
7718,91.63,65.72000003662109,37.70000004069011
7719,88.25,60.75999995727539,29.366666631062827
7721,91.49,65.46,36.83333323160807
7722,92.05,67.59999993896484,39.56666655476888
7723,86.52,58.45999997558594,28.833333333333332
7724,85.87,55.55999999389648,26.433333282470702
7725,94.15,71.60000004882812,45.26666665649414
7726,92.94,70.49999998779298,41.366666615804036
7727,89.04,62.579999993896486,30.59999994913737
7728,83.82,55.35999995117187,26.733333353678386
7729,91.15,65.59999997558593,36.43333334350586
7730,55.01,29.059999963378907,10.966666657765707
7731,92.48,67.57999991455078,39.266666615804034
7732,78.68,43.41999992675781,25.69999996439616
7733,75.51,47.13999993896484,15.333333348592122
7734,88.88,63.47999996948242,34.06666655476888
7735,92.37,67.18,38.633333190917966
7736,88.96,62.30000002441406,32.8666665242513
7737,92.05,66.38000000610351,38.59999987792969
7738,92.1,68.2399999633789,40.766666727701825
7739,62.54,35.19999993286133,13.866666646321615
7740,92.37,68.37999992675782,40.26666668701172
7741,90.51,64.48,35.66666662597656
7742,92.57,67.69999993896485,39.73333321126302
7743,89.06,63.060000006103515,33.53333332824707
7744,10.0,1.0,0.8333333326975505
7745,75.71,46.93999998168945,15.93333334350586
7746,91.69,67.16000004882812,39.36666670735677
7747,77.67,43.87999994506836,22.500000015258788
7748,85.68,52.04,25.333333262125652
7749,93.14,69.59999995117188,42.53333338419596
7750,92.44,69.22000003662109,43.06666654459635
7751,92.0,67.26000006103516,39.33333331298828
7752,77.34,44.159999951171876,22.63333331298828
7753,88.88,62.13999992675781,32.800000010172525
7754,89.32,64.67999991455078,35.39999998982747
7755,91.86,69.09999995117188,42.99999992879232
7756,87.6,58.78000006103515,32.26666668701172
7757,90.2,63.640000024414064,33.7666666615804
7758,90.62,65.58000001220704,29.500000010172528
7759,79.11,44.79999995117188,23.16666668701172
7760,91.79,67.41999991455079,39.10000003051758
7761,81.27,50.39999993286133,20.466666646321613
7762,55.09,11.959999998474121,15.166666641235352
7763,91.38,67.27999992675781,39.366666687011715
7764,92.65,67.57999998779297,40.89999994913737
7765,92.07,67.39999993896484,39.8000000406901
7766,78.22,42.43999996337891,19.63333332824707
7767,92.96,68.36000001220702,42.899999837239584
7768,92.9,69.77999986572266,43.166666656494144
7769,92.22,69.00000003662109,43.2666667175293
7770,92.65,66.88000004882812,38.16666654459635
7771,92.37,69.01999992675782,42.099999918619794
7772,92.12,67.91999999389648,38.79999997965495
7773,90.38,63.859999926757816,35.96666664632161
7774,62.91,33.75999998474121,13.233333320617676
7775,92.82,69.21999993896485,43.46666654459636
7776,87.69,56.699999951171876,28.366666661580403
7777,90.28,65.37999992675782,38.79999985758464
7778,89.02,62.52,33.899999959309895
7779,75.7,46.100000006103514,15.666666661580404
7780,90.21,64.54000002441406,34.8666665242513
7781,86.3,58.70000002441406,28.30000001525879
7782,88.37,62.799999987792965,32.06666666666667
7783,92.53,67.34000006103516,39.39999996948242
7784,92.25,67.19999992675781,37.86666651407877
7785,92.28,68.11999989013673,42.400000020345054
7786,92.44,68.29999997558593,41.933333231608074
7787,89.64,65.39999991455078,35.26666670735677
7788,88.9,61.54000000610352,34.666666595458985
7789,84.87,57.340000006103516,16.833333282470704
7790,91.56,66.93999995117187,39.633333180745446
7791,91.68,68.23999995117188,38.499999959309896
7792,88.92,62.759999938964846,32.66666672770182
7793,91.85,67.48000002441407,39.766666727701825
7794,91.15,66.46000002441406,38.83333336385091
7795,92.43,67.64000003662109,39.93333334350586
7796,86.4,58.51999995727539,28.233333282470703
7797,10.0,0.9999999992370605,0.8333333307902018
7798,73.85,44.679999969482424,15.666666646321614
7799,92.48,68.73999995117188,42.69999989827474
7800,92.55,67.51999993896484,41.63333317057292
7803,70.48,40.2199999633789,13.066666625976563
7805,88.14,61.579999938964846,35.46666665649414
7806,85.5,55.41999998168945,25.73333336385091
7807,91.0,65.28000000610352,36.16666658528646
7808,90.77,65.20000003662109,37.56666666666667
7809,84.26,54.959999963378905,26.66666665649414
7810,10.0,0.9999999992370605,0.8333333301544189
7811,91.04,67.88000001220703,39.66666650390625
7812,79.9,45.33999996337891,26.3333332417806
7813,91.35,65.3800000366211,36.89999997965495
7814,88.72,62.87999994506836,34.766666727701825
7815,79.59,49.77999993286133,20.43333326212565
7816,86.66,56.30000001831055,30.8666666208903
7817,89.93,63.25999996337891,34.90000006103516
7818,90.1,63.259999926757814,36.400000010172526
7820,92.29,68.53999992675782,39.69999994913737
7821,92.9,69.72000002441406,41.36666658528646
7822,88.36,61.97999998168945,31.13333339436849
7823,89.74,64.91999991455079,35.299999938964845
7824,92.66,69.08,42.30000002034505
7825,75.44,46.159999938964845,16.266666633605958
7827,92.61,67.99999992675781,35.43333329772949
7828,86.75,58.26000001831055,30.16666660054525
7829,76.58,37.339999938964844,19.533333292643228
7830,91.69,68.34,40.966666514078774
7831,90.71,65.56000000610352,39.133333312988285
7833,92.08,66.95999995117188,38.766666605631514
7834,91.34,65.22000000610352,35.5666665242513
7835,83.78,55.840000006103516,27.0
7836,86.79,55.71999995117187,27.7333332417806
7837,88.49,61.91999991455078,32.03333331298828
7838,92.1,67.11999986572266,39.53333320109049
7839,91.96,68.13999986572266,37.83333330281575
7840,92.73,69.30000006103515,43.099999908447266
7841,85.79,53.63999992675781,26.233333287556967
7842,92.2,67.31999986572265,39.699999938964844
7846,85.72,52.600000018310546,24.99999994913737
7847,92.35,68.73999992675782,42.03333327229818
7848,92.54,68.91999995117187,40.4666667175293
7849,92.19,67.2599999633789,38.86666657511393
7850,92.84,68.93999986572265,43.633333384195964
7851,91.6,66.71999995117187,38.899999959309895
7852,84.89,57.01999992675781,17.633333333333333
7853,86.73,54.26000001220703,29.39999998474121
7854,89.95,63.759999938964846,36.26666658528646
7856,90.45,66.68000006103516,37.23333332316081
7857,89.63,64.34000001220703,34.39999992879232
7858,88.98,63.839999993896484,33.4666666208903
7859,88.7,61.85999999389649,32.39999997965495
7860,93.3,70.53999989013671,43.13333337402344
7861,88.74,62.50000004882813,31.700000010172527
7862,91.41,65.76000002441407,35.533333241780596
7863,83.85,52.83999996337891,23.299999959309897
7864,91.97,67.34000003662109,39.39999990844726
7865,92.02,67.46000004882812,40.43333333333333
7866,90.41,62.69999996337891,36.300000061035156
7867,91.48,66.86000000610352,38.46666665649414
7868,92.37,67.61999991455077,40.76666653442383
7869,87.48,58.219999926757815,31.699999888102212
7870,92.78,69.3800000366211,43.50000005086263
7871,91.49,64.89999987792969,37.000000030517576
7872,76.11,46.57999995727539,16.09999999745687
7873,89.95,64.63999995117187,33.5666665242513
7875,89.09,62.68,33.36666666666667
7876,89.55,65.01999987792969,35.86666663106283
7877,93.23,69.51999990234376,44.43333327229818
7878,88.35,62.59999993896484,32.00000006103516
7879,90.09,63.579999993896486,35.83333329772949
7880,81.29,48.679999975585936,20.066666656494142
7881,72.22,36.31999995727539,16.166666631062824
7882,78.89,42.700000006103515,20.19999994913737
7883,92.4,68.27999987792968,42.13333323160807
7884,91.8,67.25999998779297,38.966666514078774
7885,89.91,64.91999999389648,35.666666534423825
7886,92.43,67.78000000610352,41.633333251953125
7887,89.49,61.539999865722656,33.36666665649414
7888,75.84,47.29999996948242,15.266666633605958
7889,79.45,50.36,21.36666664123535
7890,92.55,69.68000004882812,44.53333333333333
7891,90.96,67.4399998779297,38.80000005086263
7892,90.1,64.62000004882813,36.39999991861979
7893,84.17,54.85999998779297,26.7
7894,92.13,67.68000004882812,41.36666658528646
7895,92.48,67.81999999389649,39.033333363850915
7896,92.47,66.98000000610351,40.63333323160807
7897,93.81,71.19999995117188,44.69999983723958
7899,91.02,65.37999998779297,36.66666658528646
7900,92.44,67.95999998779297,40.66666667683919
7902,89.28,63.87999998779297,34.03333322143555
7903,92.01,68.7599999633789,41.16666669718425
7904,10.0,0.9999999988555908,0.8333333333333334
7907,89.17,63.87999999389648,35.13333333333333
7908,90.99,64.91999992675781,37.19999988810221
7909,92.91,68.90000000610351,41.2333332417806
7910,90.1,65.59999987792969,35.733333333333334
7911,92.37,68.13999986572266,40.96666650390625
7912,93.44,69.18,43.89999997965495
7913,92.22,67.16000006103516,40.16666650390625
7914,88.86,62.840000006103516,34.066666514078776
7915,84.99,56.740000024414066,16.933333302815754
7916,87.06,57.33999998779297,31.13333331298828
7917,87.43,60.399999993896486,27.499999989827472
7918,93.38,69.32000004882812,43.10000005086263
7919,90.68,65.26000004882812,36.63333326212565
7920,75.49,46.83999998779297,15.5
7922,68.73,39.539999981689455,12.800000015258789
7923,92.47,67.84000000610351,37.69999996948242
7924,90.05,63.8999999633789,33.89999994913737
7925,90.29,64.67999995117188,38.599999969482425
7927,90.2,64.86000004882813,37.29999992879232
7928,92.53,68.71999992675781,41.86666658528646
7929,91.37,65.42000001831055,36.29999983723958
7930,88.61,61.340000006103516,30.93333332824707
7931,85.65,53.37999994506836,25.699999974568684
7932,91.94,67.8199999633789,38.79999985758464
7933,88.6,60.81999995727539,21.433333333333334
7934,90.65,64.50000003662109,36.96666663106283
7935,91.17,65.32000001220703,36.133333201090494
7936,77.79,44.519999951171876,25.76666657511393
7937,89.13,62.01999997558594,31.966666676839193
7938,92.45,68.89999991455078,42.36666657511393
7939,92.24,66.82000006103516,38.966666514078774
7940,85.04,50.93999996337891,24.30000001525879
7941,87.9,59.14,32.13333322143555
7942,92.52,68.30000002441406,41.6333332824707
7943,86.53,58.11999997558594,28.89999993387858
7944,92.02,67.52000004882812,38.76666664632162
7945,91.34,64.68,37.733333333333334
7946,90.72,64.83999997558594,38.46666666666667
7947,91.92,68.91999991455079,43.06666667683919
7948,92.14,68.12000006103516,40.33333323160807
7949,91.13,66.50000003662109,38.933333292643226
7950,90.09,63.679999969482424,34.233333221435544
7951,91.97,65.5399999633789,39.23333330281576
7952,75.22,46.83999997558594,16.833333300272624
7953,92.92,68.94000004882813,41.366666615804036
7954,89.48,64.43999997558593,34.46666655476888
7955,91.91,68.05999991455079,40.46666650390625
7956,88.6,61.23999998168945,32.56666672770182
7957,89.01,63.539999981689455,32.89999991861979
7958,87.26,55.57999993286133,28.599999954223634
7959,84.71,56.97999996948242,24.199999974568684
7960,92.96,68.37999997558593,40.099999857584635
7961,87.39,58.85999996948242,31.533333292643228
7962,86.61,58.83999994506836,24.533333318074543
7964,92.9,69.90000006103516,44.43333322143555
7965,86.54,59.79999997558594,29.39999994913737
7967,86.24,53.13999995117187,26.166666681925456
7969,79.57,49.77999992675781,21.066666676839194
7970,89.53,63.30000001220703,32.833333221435545
7971,89.34,63.29999996337891,34.46666661580404
7973,89.9,65.17999999389649,36.10000002034505
7974,91.92,67.33999992675781,39.03333339436849
7975,90.95,67.17999992675782,39.29999997965495
7976,91.84,67.51999996337891,41.60000003051758
7977,89.07,63.240000024414066,34.73333326721191
7978,90.38,66.0799998779297,37.4333332010905
7979,88.17,58.47999992675781,31.89999993387858
7980,88.63,64.54000001220703,33.500000020345055
7981,90.4,64.01999992675782,37.599999989827474
7982,87.53,57.51999993286133,32.766666595458986
7983,75.94,46.95999992675781,15.533333330790201
7984,89.26,65.86,36.36666651407877
7985,92.97,69.27999999389648,43.26666668701172
7986,91.29,66.69999993896485,36.93333332316081
7987,93.04,68.88,42.96666657511393
7988,75.79,45.5,15.133333300272623
7989,92.96,69.02,42.06666668701172
7991,91.84,67.20000000610352,38.63333337402344
7992,86.56,56.66000001220703,28.70000003051758
7993,92.34,67.97999992675781,41.19999996948242
7994,55.78,10.57999998626709,13.000000005086264
7995,10.0,0.9999999992370605,0.8333333326975505
7996,85.83,52.899999926757815,26.066666646321615
7997,90.02,64.91999997558594,35.3
7998,90.53,66.99999993896485,38.03333334350586
7999,90.99,66.60000000610351,37.73333329264323
8000,89.51,63.47999991455078,33.899999994913735
8001,89.66,63.34000003662109,35.10000003051758
8003,89.18,63.56,32.93333336385091
8005,89.4,63.73999991455078,34.766666595458986
8006,90.99,65.08000002441406,36.099999979654946
8007,89.09,63.20000002441406,35.06666668701172
8008,92.97,69.81999990234375,43.500000020345055
8009,87.98,57.11999995727539,30.766666524251303
8010,88.97,61.799999932861326,31.699999979654947
8011,90.61,66.73999999389649,37.09999993896484
8013,89.36,62.73999996948242,31.399999908447267
8014,91.55,66.65999996337891,37.400000030517575
8015,84.17,49.41999993896484,22.999999989827472
8016,88.64,62.020000006103515,29.699999918619792
8017,92.08,67.37999998779297,39.53333327229818
8018,89.84,63.65999998779297,33.79999991861979
8019,89.53,66.27999991455079,38.36666659545899
8020,90.96,67.46000002441406,37.56666662597656
8021,92.59,69.64000003662109,41.23333331298828
8022,90.77,65.92000001220703,37.333333353678384
8023,88.53,61.76000001220703,29.699999908447264
8024,86.89,55.420000024414065,30.566666661580403
8025,91.94,67.73999999389649,39.70000001017252
8026,92.3,67.71999995117187,38.766666605631514
8027,91.31,65.3999999633789,36.99999996439616
8028,88.58,62.68000000610351,30.53333319091797
8029,89.86,64.34000000610351,33.899999959309895
8030,91.88,68.91999992675781,37.56666650390625
8031,91.98,67.13999998779298,38.699999857584636
8032,91.82,67.59999995117188,39.60000001017253
8033,76.13,46.76,16.36666667683919
8034,91.36,65.96,37.16666661580404
8035,91.41,66.08000003662109,35.366666564941404
8036,76.3,47.89999994506836,15.366666651407877
8038,78.96,44.28000001220703,22.433333282470702
8039,10.0,0.9999999992370605,0.8333333326975505
8040,82.52,54.58000001831055,20.66666665649414
8041,91.52,67.47999995117188,41.56666653442383
8042,91.29,65.03999999389649,37.10000003051758
8043,90.88,65.87999998779297,36.733333262125655
8044,75.38,47.060000012207034,15.699999984741211
8045,91.2,66.41999993896485,39.066666646321615
8046,91.17,65.24,39.233333262125655
8047,90.06,63.27999991455078,31.26666665649414
8048,86.62,58.05999994506836,27.466666651407877
8049,92.74,69.59999995117188,44.166666717529296
8050,92.22,67.61999993896484,41.633333201090494
8051,80.32,51.579999975585935,21.633333363850912
8053,92.05,66.61999992675781,40.13333335367839
8054,91.45,66.93999997558593,34.700000061035155
8055,92.16,67.47999998168946,39.20000004069011
8056,87.65,56.899999975585935,29.866666661580403
8057,88.59,61.080000048828126,31.399999989827474
8059,93.22,70.04000006103516,44.69999988810221
8060,88.58,62.060000012207034,31.73333332824707
8061,88.62,62.17999998779297,32.53333332316081
8062,86.29,58.53999998779297,28.233333318074543
8064,90.56,64.83999991455079,33.3666665242513
8065,82.06,50.33999996337891,21.566666631062827
8066,91.09,65.45999998168945,36.03333321126302
8067,75.7,46.919999963378906,15.8666666208903
8068,63.36,34.68,13.566666620890299
8069,86.19,53.96,26.399999969482423
8070,10.0,0.9999999996185303,0.8333333326975505
8071,87.76,58.03999995727539,27.89999998474121
8072,84.63,54.76000001831055,22.766666610717774
8073,88.08,61.499999969482424,32.333333282470704
8074,92.97,69.9399998779297,42.499999837239585
8075,90.19,64.63999998779298,36.466666697184245
8076,92.43,67.28000004882813,41.8333332010905
8077,92.68,70.21999986572266,41.36666670735677
8078,92.5,69.13999993896485,44.099999857584635
8079,91.7,66.47999991455079,38.66666650390625
8080,92.32,67.77999987792968,40.766666605631514
8081,90.85,63.15999991455078,35.43333325195312
8082,92.47,70.14000003662109,41.933333170572915
8083,87.91,61.27999992675781,29.300000010172525
8084,89.33,64.05999996948242,33.59999993387858
8085,92.95,70.78000000610352,43.69999997965495
8086,92.98,69.51999991455078,44.43333322143555
8087,91.52,66.60000000610351,37.39999992879232
8088,73.96,44.15999998779297,14.133333330790203
8089,92.25,68.5400000366211,41.53333317057292
8090,90.97,65.46,36.39999985758463
8091,91.38,66.69999995117188,40.13333326212565
8092,92.72,68.03999998779297,41.03333333333333
8094,92.45,68.88000006103516,41.93333321126302
8095,87.97,58.81999998779297,32.066666661580406
8096,80.14,50.62,20.633333272298177
8097,89.82,64.88,35.733333333333334
8098,92.15,67.34000003662109,40.2333332824707
8099,88.09,58.01999998168945,31.299999918619793
8100,88.5,62.03999998779297,31.899999888102215
8103,91.67,66.62000000610351,37.23333329264323
8104,93.41,70.22000004882813,44.20000003051758
8105,92.77,68.58000006103515,40.666666646321616
8106,84.38,50.27999992675781,21.59999991861979
8107,92.19,67.27999992675781,39.3333332417806
8108,89.18,63.83999995727539,33.666666656494144
8109,88.56,61.599999963378906,23.099999974568686
8111,89.16,64.16000004882812,34.033333231608076
8112,89.8,64.73999997558593,35.93333332316081
8113,92.69,69.83999995117188,41.73333317057292
8115,92.3,66.7999999267578,39.79999991861979
8116,89.93,64.31999993896484,33.499999959309896
8117,92.85,68.73999991455078,43.833333282470704
8118,89.77,62.73999998168945,34.299999877929686
8119,91.74,68.19999987792968,41.93333338419596
8120,93.63,70.9,43.566666514078776
8121,91.27,66.90000001220703,38.66666655476888
8122,10.0,0.9999999996185303,0.8333333326975505
8123,93.4,70.16000000610352,43.233333384195966
8124,92.97,68.75999995117188,41.13333322143555
8125,90.98,64.24000001220703,25.499999979654948
8126,86.85,58.22,28.899999938964843
8127,86.5,57.519999951171876,25.100000020345053
8128,84.51,56.97999997558594,16.09999994913737
8129,92.29,67.99999995117187,41.16666657511393
8130,88.61,61.44000002441406,32.23333335367838
8131,91.56,67.56000003662109,39.233333272298175
8132,91.61,67.02000004882812,38.36666669718424
8133,10.0,0.9999999988555908,0.8333333333333334
8136,89.47,65.50000002441406,34.3333332417806
8137,92.1,67.19999993896485,40.66666655476888
8138,73.72,44.360000018310544,14.199999984741211
8139,89.1,64.47999991455079,33.03333319091797
8140,86.66,58.259999938964846,28.06666657511393
8141,91.95,67.73999998779297,37.90000006103516
8142,91.33,66.86000004882813,37.76666653442383
8143,92.07,67.11999997558594,41.43333337402344
8144,89.72,64.80000001220704,37.16666668701172
8145,91.76,67.97999995117188,40.699999867757164
8146,86.64,58.59999997558594,28.066666661580403
8147,89.29,62.259999993896486,30.733333353678386
8148,86.02,59.63999991455078,22.833333287556965
8149,89.06,62.98000001220703,32.80000003051758
8150,90.46,65.00000003662109,36.39999989827474
8151,91.01,65.6800000366211,37.96666657511393
8152,89.0,60.91999999389648,33.26666658528646
8153,86.59,61.31999999389649,26.799999928792317
8154,89.98,62.060000006103515,35.0666665242513
8155,92.38,68.88000002441406,40.26666650390625
8156,87.24,55.859999981689455,30.899999989827474
8157,91.97,67.50000006103515,38.433333231608074
8158,92.61,69.19999987792968,41.66666668701172
8159,93.78,69.86000000610352,43.800000010172525
8160,91.63,67.19999991455079,40.033333363850915
8161,90.13,63.47999992675781,36.03333319091797
8163,92.69,67.24000001220703,40.199999867757164
8164,10.0,0.9999999996185303,0.8333333320617676
8165,69.78,40.66000001220703,13.733333315531413
8166,92.93,69.37999999389649,43.83333332316081
8167,91.88,67.71999992675781,37.83333332824707
8168,91.78,66.51999995117187,38.633333323160805
8169,80.64,48.199999945068356,18.333333287556965
8170,87.9,58.92000001220703,32.500000020345055
8171,89.16,63.68000002441406,33.93333336385091
8172,89.24,64.06000001220703,33.63333329772949
8173,87.66,58.65999994506836,33.03333319091797
8174,88.16,61.54000001831054,32.69999998474121
8175,92.71,69.11999989013673,44.599999979654946
8176,92.19,68.20000002441407,43.133333251953125
8177,86.23,58.579999926757814,28.166666595458985
8178,86.55,58.019999951171876,27.599999928792318
8179,89.76,64.72,37.233333272298175
8180,92.5,68.64000004882813,40.566666646321615
8181,89.59,64.51999993896484,33.39999994913737
8182,88.83,62.01999991455078,23.866666610717772
8183,10.0,1.0,0.8333333333333334
8184,91.85,67.98000004882813,39.23333334350586
8185,92.19,65.54000004882812,39.19999988810221
8186,84.75,57.17999995727539,15.999999994913736
8187,70.06,40.659999993896484,13.59999998219808
8188,92.84,69.84000002441407,43.29999991861979
8189,89.81,64.35999997558594,33.86666657511393
8190,92.27,67.86000006103515,39.39999986775716
8191,90.19,64.59999991455078,35.73333330281576
8192,93.02,69.74000006103516,42.13333337402344
8193,87.58,57.759999975585934,28.466666676839193
8194,92.76,67.84000004882813,43.533333251953124
8195,89.34,66.62000001220703,35.06666668701172
8196,79.73,48.45999992675781,18.966666633605957
8197,92.14,67.49999998779298,39.433333302815754
8198,91.38,66.18000004882812,38.60000002034505
8199,79.82,46.740000006103514,17.53333331298828
8200,89.22,63.80000002441406,33.8666665242513
8201,86.67,55.87999994506836,27.033333302815755
8202,89.83,65.66000000610352,26.99999994405111
8203,92.91,67.07999999389648,39.03333334350586
8204,84.17,54.55999999389648,25.866666595458984
8205,89.46,64.55999995117187,34.73333329264323
8206,88.9,59.25999996337891,32.633333190917966
8207,92.0,66.36000006103515,37.599999928792315
8208,91.08,65.98,35.76666650390625
8209,92.74,69.12000002441407,42.93333333333333
8210,92.38,67.0599999633789,39.23333318074544
8211,90.62,64.5400000366211,33.20000001017252
8213,87.11,57.57999996948242,31.499999938964844
8214,73.66,44.159999932861325,15.533333318074543
8215,88.54,61.23999992675781,20.66666665649414
8216,93.97,71.11999997558594,44.933333292643226
8217,91.83,66.47999999389648,38.666666595458985
8218,75.13,47.099999963378906,15.36666663614909
8219,91.7,66.77999998779296,40.63333337402344
8220,92.5,66.99999986572266,39.766666595458986
8221,92.51,68.41999991455079,41.09999988810221
8222,86.76,57.35999995727539,22.03333327738444
8223,90.53,63.98000003662109,38.39999989827474
8224,10.0,0.9999999992370605,0.8333333326975505
8225,88.96,63.82000006103516,34.23333329264323
8226,87.46,58.97999998779297,29.000000010172528
8227,86.88,59.21999995117187,27.1666666208903
8229,91.16,65.66,36.766666666666666
8230,91.69,66.17999998168945,40.26666657511393
8231,89.35,58.17999993896484,32.36666664632161
8232,10.0,0.9999999992370605,0.8333333307902018
8233,92.42,68.02000006103516,40.699999867757164
8234,91.53,66.94000002441406,42.53333338419596
8235,76.16,41.939999932861326,20.266666661580405
8236,92.12,66.65999991455078,38.93333327229818
8237,10.0,0.9999999996185303,0.8333333320617676
8238,92.16,67.4600000366211,39.7666665242513
8239,91.55,66.37999995117187,39.06666666666667
8240,87.77,57.27999998168945,32.166666646321616
8241,82.48,50.12000002441406,21.433333307902018
8242,91.95,65.65999986572265,39.13333326212565
8243,89.95,62.31999997558594,35.333333353678384
8244,89.64,62.520000006103515,33.83333325195313
8245,92.49,69.44000004882813,43.29999997965495
8246,92.31,67.71999997558594,40.79999990844727
8247,88.64,60.82000004882813,31.333333328247072
8249,91.08,65.20000006103515,38.30000002034505
8250,91.72,67.01999996337891,37.29999984741211
8251,91.19,63.03999998779297,26.79999997965495
8252,89.19,61.45999995727539,33.13333334350586
8253,93.63,70.63999997558594,43.433333353678385
8255,90.02,66.44000001220704,39.23333323160807
8256,90.58,65.75999992675781,38.09999994913737
8257,91.62,65.64,13.833333318074544
8258,87.08,55.41999993896484,30.39999996439616
8259,91.42,67.16000004882812,37.60000001017253
8260,93.18,68.71999996337891,42.73333330281576
8261,88.95,65.29999998779297,35.766666727701825
8262,85.64,57.75999994506836,18.43333329264323
8263,90.02,65.49999998779298,34.933333292643226
8264,89.46,64.01999996337891,33.63333322143555
8265,91.0,65.88000004882812,35.53333317057292
8266,91.25,67.09999992675782,32.699999867757164
8267,76.38,47.579999938964846,16.599999982198078
8268,86.27,56.63999993896484,22.999999989827472
8269,91.73,68.6800000366211,42.36666657511393
8270,89.12,63.63999986572266,32.66666672770182
8271,90.9,65.47999998779297,36.300000061035156
8272,92.1,68.14,40.866666687011715
8273,91.61,67.20000003662109,37.299999877929686
8274,10.0,0.9999999992370605,0.8333333320617676
8275,92.36,68.1800000366211,41.9666667175293
8276,92.97,68.6800000366211,42.166666524251305
8278,91.81,67.07999993896485,39.266666727701825
8279,91.92,66.99999992675781,40.16666651407878
8280,89.04,62.099999969482425,32.933333292643226
8281,83.71,57.37999993286133,23.599999944051106
8282,92.13,67.54000001220703,41.033333241780596
8283,92.3,67.6599999267578,40.16666660563151
8284,92.86,69.99999995117187,43.999999837239585
8285,93.96,70.11999989013673,43.766666544596355
8287,88.3,61.69999999389648,31.800000020345053
8288,93.88,70.99999986572266,43.00000001017253
8289,88.82,62.07999998779297,32.166666595458985
8290,93.85,71.30000006103515,46.56666668701172
8291,93.07,69.67999997558594,43.13333321126302
8292,91.35,65.29999990234376,36.36666650390625
8293,88.88,62.90000001220703,33.89999991861979
8294,89.36,64.31999992675782,31.466666676839193
8295,90.03,65.91999999389648,35.866666600545244
8296,92.97,69.9400000366211,44.43333326212565
8297,88.62,62.64000001220703,32.899999959309895
8298,84.92,57.84000001220703,24.06666665140788
8299,88.49,60.02,33.10000003051758
8300,92.46,67.77999996337891,42.633333272298174
8301,92.49,68.58000000610352,42.599999979654946
8302,92.22,69.73999990234375,42.76666670735677
8303,88.28,61.89999994506836,31.199999938964844
8304,88.38,60.30000002441406,33.733333262125655
8305,88.59,63.37999992675781,33.133333190917966
8306,92.9,70.55999992675781,43.133333312988285
8307,92.43,66.91999997558594,38.89999986775716
8308,92.15,66.48000004882813,40.09999989827474
8309,91.47,67.33999986572266,40.13333339436849
8310,79.93,47.23999999389648,17.79999996948242
8311,88.58,62.94000003662109,30.99999989827474
8313,90.97,64.09999999389649,33.833333221435545
8314,63.79,34.65999996337891,11.700000015258789
8315,82.52,55.51999998168945,22.89999992879232
8316,86.73,58.22000000610352,28.69999996439616
8317,10.0,0.9999999988555908,0.8333333314259846
8318,86.24,54.579999981689454,26.566666590372723
8319,92.11,67.52000001220703,39.366666554768884
8320,86.84,57.699999945068356,27.63333327738444
8321,92.08,68.74,40.29999985758464
8322,86.45,53.48000002441406,25.899999908447267
8323,90.87,67.07999992675781,37.79999993387858
8324,86.87,58.23999992675781,28.3666666208903
8325,88.54,61.69999996948242,35.00000006103516
8326,88.42,60.539999963378904,33.300000061035156
8327,88.04,58.77999991455078,22.466666681925457
8328,90.77,64.58000000610352,19.766666600545246
8329,55.51,29.819999963378905,11.600000002543132
8330,91.94,67.13999993896485,39.13333336385091
8331,91.8,67.30000006103515,42.20000004069011
8332,86.32,58.79999994506836,27.30000001525879
8333,90.11,66.43999991455078,38.53333319091797
8334,91.75,66.53999992675782,36.86666662597656
8335,87.5,59.75999996337891,31.63333326212565
8336,92.44,69.10000004882812,41.133333251953125
8337,88.91,63.439999926757814,33.36666650390625
8338,86.25,57.839999938964844,23.366666595458984
8339,88.7,62.999999981689456,32.366666687011715
8340,91.2,67.43999989013672,38.03333333333333
8341,92.24,67.75999997558594,40.49999986775716
8342,84.81,49.759999981689454,26.966666697184245
8344,90.84,66.27999998168946,37.26666662597656
8345,87.66,61.42000004882812,28.833333297729492
8346,91.91,67.33999992675781,39.69999989827474
8347,85.03,58.05999997558594,23.666666625976564
8348,76.08,46.819999981689456,15.833333300272624
8349,89.79,63.480000006103516,33.63333333333333
8350,73.01,45.17999994506836,14.9
8351,87.32,57.13999999389648,23.09999991861979
8353,89.06,63.41999998779297,34.29999995930989
8354,10.0,1.0,0.8333333307902018
8355,91.56,66.59999986572265,38.79999997965495
8356,91.61,68.48000003662109,39.100000040690105
8357,91.37,66.75999991455078,35.10000002034505
8358,92.07,68.28000000610352,40.93333337402344
8359,91.66,67.15999997558593,39.199999938964844
8360,92.21,68.23999998779297,39.49999998982747
8361,79.92,51.25999996948242,20.933333307902018
8362,88.99,62.44000000610352,32.96666661580404
8363,88.3,61.93999996337891,30.533333221435548
8364,90.63,65.97999993896484,32.09999993387858
8366,89.91,66.08000004882813,37.866666676839195
8367,88.37,61.98,30.16666668701172
8368,89.11,63.039999981689455,33.16666660054525
8369,89.57,64.7,33.533333241780596
8370,86.72,58.49999992675781,27.5666666208903
8371,86.41,55.63999997558594,28.799999908447266
8372,91.16,64.88000000610351,27.76666657511393
8373,84.93,57.499999963378905,23.300000005086265
8374,88.97,63.31999999389649,33.33333326212565
8375,92.01,68.03999991455078,39.23333329264323
8376,92.36,66.25999992675781,37.766666615804034
8377,92.2,67.83999998779296,43.56666653442383
8378,91.09,64.43999993896485,30.69999993387858
8379,91.15,65.07999993896485,30.399999938964843
8380,92.66,68.39999992675781,41.033333231608076
8381,10.0,0.9999999996185303,0.8333333320617676
8382,91.33,66.60000006103516,38.466666625976565
8383,88.77,62.64000000610351,30.533333267211916
8384,89.87,64.23999998168945,36.33333339436849
8385,90.13,63.559999951171875,33.69999983723958
8386,89.23,63.219999975585935,31.366666600545248
8387,92.93,70.37999995117187,44.60000002034505
8388,91.51,64.94000002441406,36.39999987792969
8389,91.84,68.11999993896484,39.59999994913737
8390,85.89,56.11999994506836,25.733333221435547
8391,88.96,62.079999993896486,31.366666615804036
8392,86.73,58.55999998168945,27.999999918619793
8393,86.68,58.659999932861325,28.900000010172526
8394,92.83,69.08000001220704,42.96666660563151
8395,91.34,65.41999998779296,37.46666670735677
8396,91.53,67.1199999633789,39.09999993896484
8397,91.59,68.11999998779297,38.5
8398,90.75,65.67999997558594,36.76666655476888
8401,93.49,71.0799998779297,43.60000005086263
8402,78.78,43.98000002441406,17.633333315531413
8403,89.61,64.09999999389649,33.66666669718425
8404,86.9,57.30000001220703,26.033333333333335
8405,91.99,66.59999999389649,38.800000010172525
8406,93.63,71.08000003662109,45.06666668701172
8407,75.47,46.93999996948242,15.733333330790202
8408,92.12,67.97999995117188,40.73333323160807
8409,90.97,65.42000004882813,36.46666668701172
8410,91.37,65.60000001220703,35.76666655476888
8411,92.85,68.64000002441406,42.966666564941406
8412,89.28,65.06000001220703,35.19999988810221
8413,93.65,70.88000006103516,43.633333180745446
8414,90.96,66.02000001220703,36.599999979654946
8415,93.08,70.02000006103516,45.03333326212565
8416,85.71,57.419999963378906,25.033333251953124
8417,88.97,61.76000000610352,31.933333297729494
8418,88.4,62.89999998779297,32.66666668701172
8419,89.14,63.30000002441406,33.99999992879232
8421,10.0,1.0,0.8333333326975505
8422,92.01,67.97999989013672,35.3666665242513
8425,91.66,67.82000002441406,37.99999992879232
8426,93.84,70.92000003662109,44.63333321126302
8427,87.43,54.39999993286133,25.93333326212565
8428,90.23,66.59999993896484,37.966666697184245
8429,91.29,61.83999991455078,36.09999989827474
8430,80.32,45.62000001831055,18.266666676839193
8431,90.31,65.81999992675782,37.099999969482425
8432,91.83,68.41999991455079,43.90000005086263
8433,75.79,45.49999998779297,15.599999997456868
8434,92.36,69.07999989013672,42.833333343505856
8435,90.04,65.23999992675782,36.13333335367839
8436,89.02,63.240000006103514,33.59999994913737
8437,89.14,61.49999993896484,32.16666660563151
8438,90.87,65.70000001220703,37.133333272298174
8439,84.02,55.35999995117187,25.899999908447267
8440,90.61,66.63999991455078,29.633333272298177
8441,85.62,52.51999993286133,27.233333353678386
8442,89.29,63.91999991455078,34.0
8443,86.98,60.30000002441406,27.666666641235352
8444,86.18,52.87999993896484,25.833333333333332
8445,69.42,40.619999932861326,13.799999964396159
8446,89.09,63.91999997558594,33.433333267211914
8447,91.99,67.59999996948243,39.33333325195313
8448,90.21,65.51999991455078,37.733333272298175
8450,92.31,69.09999992675782,41.266666605631514
8451,91.66,66.5999999633789,36.90000006103516
8453,87.59,57.87999994506836,30.799999964396157
8454,89.74,65.17999992675782,34.099999928792315
8455,92.36,69.2999999267578,40.79999994913737
8456,80.1,50.91999998779297,20.73333326212565
8458,91.8,66.99999993896485,36.53333334350586
8459,88.66,62.27999997558594,32.03333335367839
8460,85.72,51.279999951171874,24.999999974568684
8461,89.93,64.42000003662109,35.633333272298174
8462,86.41,58.199999945068356,28.433333297729494
8464,92.7,68.6600000366211,41.69999997965495
8465,90.98,63.28,35.93333331298828
8466,91.24,65.97999993896484,37.5999999593099
8467,73.4,44.740000006103514,14.99999998219808
8468,88.13,59.73999997558594,34.73333317057292
8469,88.15,61.45999998779297,30.766666615804038
8470,79.4,41.53999993286133,22.36666658528646
8471,92.46,66.78,40.56666653442383
8472,89.68,62.85999996948242,33.666666656494144
8473,89.0,62.82,33.26666658528646
8474,89.08,64.62,33.76666665649414
8475,72.99,44.05999998779297,14.699999969482421
8476,92.1,69.3200000366211,44.66666667683919
8477,73.94,43.77999999389648,14.999999954223632
8478,89.93,65.31999993896484,35.96666658528646
8479,91.08,65.47999993896484,38.46666665649414
8480,92.4,68.18,43.33333318074544
8481,52.65,29.68000000305176,11.599999987284342
8482,90.64,65.67999991455078,35.43333339436849
8483,92.59,69.68000004882812,42.933333292643226
8484,89.11,62.480000006103516,31.466666676839193
8486,92.16,67.21999999389648,39.39999996948242
8487,89.21,63.419999957275394,33.36666659545899
8488,88.7,61.71999991455078,29.79999994913737
8489,91.67,67.96000001220703,40.13333330281576
8490,91.83,66.77999993896485,39.83333327229818
8491,91.69,67.15999997558593,39.23333330281576
8492,89.63,63.41999993896484,33.69999992370605
8493,92.1,68.03999991455078,39.23333317057292
8494,92.42,68.16000004882812,39.86666665649414
8495,87.87,57.83999996337891,32.69999991861979
8496,92.23,67.16000002441406,40.63333321126302
8497,91.98,68.03999993896484,37.63333330281576
8499,86.85,59.97999992675781,29.466666646321613
8500,91.6,66.54,38.6
8501,76.11,47.09999999389648,15.799999933878581
8502,91.9,68.9799999633789,35.93333321126302
8503,89.01,64.09999998779297,32.79999996439616
8504,91.18,67.13999998779298,38.099999969482425
8505,90.0,64.83999992675781,36.2666665649414
8507,88.91,63.91999999389648,32.566666646321615
8508,88.98,64.25999991455078,36.266666727701825
8509,86.71,54.20000002441406,26.0
8511,86.66,57.13999994506836,27.13333331298828
8512,86.68,56.41999992675781,30.499999984741212
8513,88.21,61.87999995727539,31.9
8516,89.78,64.80000002441406,37.10000002034505
8517,10.0,1.0,0.8333333326975505
8518,91.55,66.50000002441406,41.26666664632162
8519,10.0,0.9999999992370605,0.8333333326975505
8520,89.3,64.78000000610352,33.43333326212565
8521,75.93,47.31999994506836,16.100000010172526
8522,91.57,68.13999991455078,33.10000006103515
8523,91.11,64.33999998779296,33.333333282470704
8525,89.32,61.65999991455078,32.466666625976565
8526,87.83,58.639999963378905,31.03333334350586
8527,87.84,61.44,21.099999974568686
8528,92.86,70.17999992675782,43.29999997965495
8530,92.55,69.29999998779297,42.133333190917966
8531,89.62,64.49999993896485,35.46666672770182
8532,93.46,69.76,43.59999983723959
8533,92.05,68.01999996337891,39.999999837239585
8534,92.05,68.10000000610351,41.66666654459635
8535,92.43,68.67999990234375,43.83333330281575
8536,92.73,69.52000000610352,43.833333343505856
8537,92.08,66.45999997558594,38.46666664632161
8538,92.5,69.26000004882812,43.0333332824707
8539,85.89,58.159999938964845,27.099999923706054
8540,92.11,67.25999998779297,40.199999867757164
8541,80.82,51.57999996948242,21.100000010172526
8542,88.8,63.540000036621095,33.96666660563151
8543,87.25,58.21999995117187,31.599999964396158
8544,81.6,49.98000002441406,20.133333297729493
8545,89.39,63.199999938964844,32.29999993387858
8546,89.14,60.44000002441406,30.333333348592124
8547,93.26,69.27999998779296,43.96666664632161
8548,89.33,64.47999992675781,32.800000010172525
8550,91.92,67.36000002441406,39.23333317057292
8551,89.62,63.41999998779297,32.93333322143555
8552,10.0,0.9999999992370605,0.8333333333333334
8553,91.8,68.43999995117187,42.86666663614909
8554,91.31,66.51999995117187,39.133333384195964
8555,87.27,56.83999994506836,29.633333297729493
8556,86.27,59.76000001220703,29.26666663614909
8558,87.6,58.119999926757814,32.03333325703939
8559,90.23,64.61999998779297,36.66666668701172
8560,91.77,67.13999992675781,39.83333337402344
8561,92.96,68.80000000610352,42.29999997965495
8562,87.06,55.16,27.800000005086265
8563,85.16,56.89999994506836,23.999999938964844
8564,89.31,64.06000000610352,33.566666697184246
8565,92.63,68.56000003662109,40.49999991861979
8566,93.1,69.70000002441407,42.79999992879232
8567,92.47,68.4600000366211,40.06666667683919
8568,92.01,69.6600000366211,41.800000061035156
8569,92.11,67.20000004882813,39.49999991861979
8570,84.88,56.79999995117188,27.966666681925457
8571,83.88,54.39999993896485,26.39999999491374
8572,94.12,71.35999996337891,45.66666656494141
8573,89.89,63.97999998168945,33.76666663614909
8574,86.0,58.09999998168945,27.79999996948242
8575,91.66,66.15999998779297,38.19999983723958
8576,80.42,49.419999963378906,17.7
8577,90.57,66.13999996337891,39.333333170572914
8578,73.91,42.359999975585936,18.89999996439616
8579,85.85,57.97999991455078,27.666666595458985
8580,74.42,43.599999957275394,13.966666664123535
8582,10.0,0.9999999984741211,0.8333333326975505
8583,92.18,67.77999998779296,41.99999991861979
8584,89.77,64.16000001220704,33.86666653442383
8585,91.28,63.65999996948242,28.599999923706054
8586,92.02,68.41999996337891,42.83333325195313
8587,90.97,65.72,38.39999997965495
8588,88.81,61.31999998779297,33.466666661580405
8589,89.0,62.85999993286133,31.699999857584636
8591,91.86,67.08,39.10000005086263
8592,93.74,71.03999991455078,44.00000005086263
8593,92.46,66.75999986572266,38.69999996948242
8594,91.77,66.51999999389649,36.633333323160805
8595,91.44,67.11999991455077,38.366666564941404
8596,73.24,43.239999951171875,14.866666625976562
8597,81.17,47.959999969482425,18.166666615804036
8598,92.36,68.96000002441406,43.066666514078776
8599,90.89,62.65999997558594,17.89999998219808
8600,85.35,52.060000006103515,23.933333323160806
8601,93.01,69.62000006103516,43.29999984741211
8602,90.97,65.41999996337891,37.3000000406901
8603,88.93,63.71999998779297,33.26666665649414
8604,84.53,56.07999993286133,26.000000005086264
8605,86.8,56.039999963378904,30.633333201090494
8606,93.68,69.91999996337891,43.80000005086263
8607,91.13,66.92000003662109,34.33333319091797
8608,87.34,60.58000000610352,29.599999964396158
8609,92.06,69.53999986572266,41.86666657511393
8610,93.37,71.3399999633789,44.699999877929685
8611,93.36,69.20000001220703,44.566666585286455
8612,91.27,66.13999993896485,37.66666658528646
8613,58.9,32.41999999389648,13.033333318074543
8614,58.1,31.739999978637695,12.799999987284343
8615,92.53,68.54000002441406,43.30000002034505
8617,92.36,67.91999993896485,40.0
8618,93.23,67.91999987792968,42.56666655476888
8620,88.19,59.80000000610352,33.70000003051758
8622,92.67,68.90000002441407,42.26666670735677
8623,92.04,67.01999997558593,37.866666676839195
8626,91.16,63.73999993896484,22.333333323160808
8627,93.2,68.36000004882813,43.49999987792969
8628,76.61,46.25999996948242,16.266666661580405
8629,90.84,64.74000004882812,33.366666615804036
8630,89.44,61.700000012207035,27.03333326212565
8631,89.22,59.80000001220703,34.06666659545898
8632,82.01,54.34000001831055,21.19999993387858
8633,90.24,67.17999987792969,40.13333329264323
8634,91.17,67.09999995117188,38.00000006103516
8635,85.43,56.899999993896486,26.466666610717773
8636,92.15,68.33999995117188,42.999999837239585
8637,87.34,61.159999932861325,27.599999938964842
8638,86.74,58.59999993896484,28.566666595458983
8639,91.26,67.09999998168945,37.46666672770182
8640,86.36,56.01999995727539,23.66666665649414
8642,75.71,47.179999975585936,15.733333330790202
8643,82.12,53.85999993896484,20.73333329264323
8644,92.37,69.33999987792969,42.56666660563151
8645,75.65,40.90000000610352,19.266666600545246
8646,73.0,45.279999969482425,14.133333318074545
8647,86.03,54.64,25.266666666666666
8648,75.71,47.18000002441406,15.733333287556967
8649,93.71,70.99999987792968,42.999999959309896
8650,90.96,67.47999992675781,37.43333332316081
8651,91.37,67.53999999389649,39.73333331298828
8652,79.61,51.299999938964845,20.33333330790202
8653,10.0,1.0,0.8333333326975505
8655,54.9,28.359999978637696,11.700000005086263
8656,91.19,65.58000000610352,38.066666707356774
8657,87.47,57.27999998168945,31.600000020345053
8658,92.37,68.0399999633789,38.40000006103516
8659,92.05,66.88000004882812,38.199999877929685
8660,87.27,57.43999994506836,28.666666585286457
8661,89.05,62.71999995117187,32.699999989827475
8663,92.29,67.31999998779297,39.633333180745446
8664,86.51,58.05999997558594,28.233333338419595
8665,92.04,68.14000002441406,43.16666660563151
8666,91.09,65.6,38.76666662597656
8667,92.45,68.71999991455078,42.033333251953124
8668,92.79,67.83999995117188,41.73333334350586
8669,92.84,69.49999986572266,44.19999991861979
8670,92.4,68.91999993896485,42.73333332316081
8671,86.35,57.95999992675781,27.36666665140788
8672,88.82,61.15999996948242,32.43333333333333
8673,89.02,62.51999996948242,31.233333282470703
8674,92.27,68.28,39.333333343505856
8675,90.56,64.81999997558594,33.03333329264323
8676,88.54,61.439999938964846,22.166666697184244
8677,89.79,63.679999926757816,34.73333325195313
8678,92.34,67.61999989013673,38.49999987792969
8679,92.36,68.76000000610351,43.76666657511393
8681,89.77,64.93999998779297,34.8333332010905
8682,87.48,59.03999995117187,28.33333336385091
8683,92.56,69.53999989013671,43.50000005086263
8684,90.06,64.45999992675782,34.93333322143555
8685,89.03,61.93999998168945,30.633333251953125
8686,85.71,57.11999995117188,25.6
8687,86.6,57.57999996948242,28.799999964396157
8688,89.66,64.84000000610351,34.83333319091797
8689,88.73,63.25999996948242,33.86666664632161
8690,88.69,61.51999996948242,29.466666651407877
8691,91.62,67.27999991455079,40.10000005086263
8692,84.67,57.980000006103516,23.599999928792318
8693,92.1,68.86000002441406,37.33333326212565
8694,88.75,63.260000048828125,34.30000003051758
8696,91.04,66.10000004882812,40.566666514078776
8697,88.95,62.52000001220703,31.29999994913737
8698,87.45,55.840000006103516,21.166666646321616
8699,10.0,1.0,0.8333333326975505
8700,87.78,60.05999998779297,23.13333332316081
8701,91.92,66.57999998779297,37.80000003051758
8702,92.13,68.70000003662109,36.5999999593099
8703,90.54,64.87999993896484,22.33333336385091
8704,92.03,67.56000001220703,41.099999908447266
8705,88.77,63.179999926757816,33.466666625976565
8706,76.31,46.55999996337891,15.39999996693929
8707,85.23,57.06000001831055,24.03333326212565
8708,93.82,70.81999987792969,43.56666672770182
8709,90.31,64.53999991455078,38.0333332824707
8710,87.43,61.28000004882813,30.39999993387858
8711,89.88,64.29999986572265,35.16666654459635
8712,83.28,53.54000001831054,20.766666615804038
8713,87.45,56.019999938964844,28.999999908447265
8714,91.14,65.8800000366211,39.23333334350586
8715,90.47,66.81999999389649,39.26666650390625
8716,75.9,45.50000001220703,15.933333282470704
8717,86.54,54.740000024414066,26.999999923706056
8718,92.67,68.09999996948243,40.83333332316081
8719,87.19,57.519999945068356,29.699999928792316
8720,89.44,64.28,32.83333319091797
8721,79.43,42.84000002441406,22.766666615804038
8722,73.37,44.39999993896485,14.933333318074544
8723,92.67,69.3999999633789,42.93333337402344
8724,92.66,67.51999987792969,43.73333317057292
8727,75.16,47.74,15.966666666666667
8728,87.91,62.01999998168945,30.099999989827474
8729,92.65,70.1800000366211,44.23333331298828
8730,92.28,68.45999995117188,41.30000003051758
8731,61.12,32.5799999633789,13.166666625976562
8732,92.09,67.98000006103516,37.53333332824707
8734,92.3,67.50000004882813,39.466666636149085
8735,91.88,67.53999998779297,38.899999837239584
8736,93.56,70.12000004882813,45.33333336385091
8737,86.56,58.19999998168945,28.16666659037272
8738,88.19,62.999999981689456,31.633333287556965
8739,91.41,65.26,36.56666661580404
8740,10.0,0.9999999996185303,0.8333333314259846
8741,86.72,58.75999996948242,27.96666659037272
8742,90.09,63.359999975585936,35.86666665649414
8743,88.9,63.27999999389648,33.400000020345054
8744,90.05,64.52,35.7666665242513
8745,91.28,66.58000002441406,36.7333332824707
8746,89.87,66.14,38.16666656494141
8747,57.2,30.81999998779297,13.066666676839192
8748,87.37,57.32000001220703,31.199999908447264
8749,92.11,66.49999996337891,39.16666661580404
8750,91.5,66.74000001220703,39.56666653442383
8751,92.53,67.96000006103516,43.000000040690104
8752,92.99,69.15999986572265,43.36666658528646
8755,89.91,63.49999995727539,33.000000020345055
8756,89.13,62.00000001220703,32.83333326212565
8757,88.71,62.67999998779297,33.33333319091797
8758,92.0,66.59999986572265,38.56666668701172
8759,88.08,60.3,33.59999993387858
8760,88.58,61.859999926757816,32.39999993387858
8762,10.0,0.9999999992370605,0.8333333326975505
8763,92.13,68.53999998779297,40.63333330281576
8764,86.73,57.81999994506836,27.999999984741212
8765,10.0,1.0,0.8333333333333334
8766,87.22,56.959999969482425,30.766666651407878
8767,92.14,67.09999995117188,36.733333262125655
8768,92.76,71.1199999633789,45.73333336385091
8769,78.89,42.699999951171876,20.800000020345053
8770,90.42,66.89999992675781,39.03333322143555
8772,92.42,68.85999992675781,42.566666575113935
8773,91.26,66.91999996948242,37.3
8774,93.25,69.97999993896484,44.1999999593099
8775,93.21,69.5200000366211,43.366666544596356
8776,91.41,63.89999991455078,32.86666663106283
8777,91.77,67.13999986572266,39.699999928792316
8778,87.09,56.91999993286133,29.099999908447266
8779,91.56,67.13999999389648,39.39999998982747
8780,88.48,62.80000002441406,31.599999888102214
8781,88.75,63.05999993896484,31.766666676839193
8782,86.7,57.43999996948242,28.366666631062827
8783,92.38,68.28000004882813,41.999999969482424
8784,92.59,69.18,43.06666654459635
8785,91.82,67.11999997558594,37.19999989827474
8786,89.66,62.599999963378906,33.29999995422363
8787,92.11,67.44000004882813,38.8
8788,88.55,61.29999994506836,31.63333334350586
8789,88.1,59.69999992675781,31.666666564941405
8790,10.0,0.9999999984741211,0.8333333320617676
8791,92.34,68.24000004882812,36.63333317057292
8792,10.0,0.9999999992370605,0.8333333333333334
8793,91.13,65.71999997558594,37.73333323160807
8794,91.14,66.17999992675782,37.33333336385091
8795,87.41,60.94,30.499999989827472
8796,91.78,66.35999991455078,39.13333333333333
8797,87.67,61.36000002441406,32.36666658528646
8798,91.37,67.66000004882812,40.09999984741211
8799,77.75,41.67999998779297,24.766666666666666
8800,84.67,49.500000024414064,22.26666667175293
8801,91.99,66.8999999633789,39.233333272298175
8802,91.1,67.25999995117188,39.2333332824707
8803,89.95,65.17999987792969,35.4333332010905
8805,91.25,64.90000002441407,36.900000020345054
8806,90.06,65.20000000610352,36.46666665649414
8807,89.25,64.16000002441406,33.599999918619794
8808,89.21,62.4200000366211,32.09999992370606
8809,88.56,61.62,32.366666554768884
8810,87.47,56.97999996337891,30.766666676839193
8811,75.71,46.46000001220703,15.76666663869222
8812,90.07,64.23999992675782,32.26666655476888
8813,91.96,68.03999993896484,39.166666631062824
8814,89.41,64.14000001220703,33.53333331298828
8815,76.24,42.81999994506836,21.39999992879232
8816,92.27,67.52000002441406,40.233333394368486
8817,92.59,67.48000006103516,39.199999867757164
8818,89.1,62.35999994506836,31.53333336385091
8819,92.5,67.24,37.96666672770182
8820,87.53,56.83999992675781,31.93333319091797
8821,92.07,67.4000000366211,39.16666667683919
8823,91.31,65.25999992675781,37.09999994913737
8824,93.33,69.77999995117187,42.79999991861979
8825,91.61,67.80000001220704,38.53333317057292
8826,89.21,63.539999963378904,31.53333334350586
8828,91.51,65.42000000610352,37.03333332316081
8829,72.95,44.41999998168945,15.466666664123535
8830,85.55,58.33999992675781,22.66666660563151
8831,91.23,64.67999991455078,36.53333329264323
8832,92.42,69.54000004882812,42.73333331298828
8833,92.53,66.99999999389648,38.69999983723958
8834,92.3,67.69999986572266,40.099999908447266
8835,91.84,67.35999990234374,40.70000001017252
8836,92.22,67.02000004882812,39.16666654459635
8837,89.62,64.79999993896485,36.60000003051758
8839,85.78,58.19999995727539,27.966666676839193
8841,92.8,68.90000002441407,42.966666697184245
8842,92.06,68.89999991455078,42.89999987792969
8843,91.29,67.08000000610352,41.29999998982748
8844,86.85,56.33999998779297,30.466666631062825
8845,93.51,69.7399999633789,43.70000004069011
8846,90.85,64.58000001220704,34.29999994913737
8848,92.88,69.96000001220703,42.80000002034505
8850,91.02,65.13999995117187,37.40000006103516
8853,93.3,71.22,46.299999888102214
8854,91.65,66.8800000366211,38.53333322143555
8855,93.89,70.07999992675781,45.133333312988285
8856,75.81,46.85999994506836,15.733333315531413
8857,93.1,69.89999986572266,43.33333331298828
8858,91.83,65.67999999389649,39.03333321126302
8859,92.57,68.7599999633789,41.39999993896485
8861,92.35,69.00000002441406,44.433333353678385
8862,92.22,68.00000004882813,40.73333325195313
8863,75.85,46.41999998168945,15.599999972025554
8864,87.6,58.119999938964845,31.66666653442383
8865,82.25,54.23999996948242,20.633333302815757
8866,88.09,59.17999995727539,33.433333267211914
8867,90.43,65.37999992675782,35.966666625976565
8868,91.79,68.67999992675782,41.09999984741211
8869,91.87,67.55999987792968,40.06666655476888
8870,87.39,60.179999963378904,29.53333334350586
8871,88.79,61.679999975585936,29.999999888102213
8872,89.3,61.71999998779297,32.266666605631514
8873,89.13,62.24,32.33333325195313
8874,90.32,65.23999991455078,36.666666595458985
8876,89.0,62.59999999389648,31.89999993387858
8877,93.58,70.97999997558594,44.50000005086263
8878,89.19,61.839999951171876,32.29999998982748
8879,85.22,57.079999975585935,16.066666600545247
8881,82.78,53.01999996337891,21.033333353678387
8882,90.48,67.27999995117187,40.26666650390625
8883,92.13,66.91999992675781,39.06666662597656
8884,93.75,69.92000002441407,43.00000001017253
8885,90.96,65.93999996337891,36.69999991861979
8886,92.26,67.87999991455078,41.56666662597656
8887,10.0,1.0,0.8333333320617676
8888,88.31,61.77999991455078,32.06666660563151
8889,88.38,63.45999999389648,33.19999994913737
8890,91.72,66.88000006103516,38.86666666666667
8892,90.11,64.55999993896485,34.43333322143555
8893,88.19,58.41999998168945,33.69999990844727
8894,93.05,70.15999993896484,43.066666575113935
8895,89.64,64.27999993896485,33.599999857584635
8896,89.56,63.240000024414066,35.93333326212565
8897,92.13,66.42,37.766666595458986
8898,84.23,54.73999992675781,26.733333287556967
8899,56.85,31.73999998779297,12.8
8900,92.54,68.51999995117187,40.29999990844727
8902,91.0,66.04000002441406,36.96666672770182
8903,75.78,47.37999997558594,15.866666615804036
8904,91.92,66.8399999633789,37.83333331298828
8905,89.47,64.92000000610352,37.36666663614909
8906,10.0,0.9999999996185303,0.8333333307902018
8907,92.45,69.23999997558593,40.09999986775716
8908,92.51,68.09999987792969,40.33333327229818
8909,78.12,44.35999995727539,21.89999999491374
8910,88.56,62.719999926757815,34.00000001017253
8911,75.75,47.79999992675781,15.466666664123535
8912,86.83,59.2,28.866666661580403
8913,90.84,64.49999995117187,35.400000020345054
8914,75.44,46.83999996948242,16.366666681925455
8915,88.43,61.76000002441406,32.76666669718424
8916,90.32,64.21999995117187,34.233333221435544
8917,88.93,63.30000001220703,34.0
8918,90.79,64.83999991455079,32.93333318074544
8919,92.37,64.35999991455078,38.16666661580404
8920,92.38,68.59999995117188,40.83333331298828
8921,82.82,50.33999996948242,21.299999974568685
8922,91.12,65.85999999389648,36.19999997965495
8923,88.4,62.87999998168945,32.79999996439616
8924,92.27,64.00000002441406,36.16666660563151
8925,87.07,60.93999996337891,27.166666651407876
8926,92.44,68.22000003662109,39.6333332417806
8927,10.0,1.0,0.8333333307902018
8928,82.14,53.600000018310546,19.43333329264323
8929,92.51,68.95999990234375,40.43333332316081
8930,88.62,62.47999996337891,34.399999888102215
8931,92.32,67.24000002441406,39.56666659545898
8932,77.92,41.83999998168945,20.766666681925457
8933,90.76,65.50000001220702,32.333333343505856
8934,92.51,68.25999995117188,40.633333180745446
8935,88.76,63.19999995727539,33.433333353678385
8936,92.5,66.59999987792969,40.59999984741211
8937,87.03,59.3999999633789,29.466666676839193
8939,91.37,65.53999992675782,37.599999928792315
8940,91.23,66.08,37.39999991861979
8942,91.69,66.64000001220703,38.46666668701172
8943,75.63,46.97999998779297,15.466666666666667
8944,91.78,67.6999999633789,38.266666666666666
8945,91.91,67.41999995117187,40.533333374023435
8947,76.39,46.48000001220703,15.133333330790203
8948,91.16,65.4,37.433333267211914
8949,91.86,66.59999999389649,38.300000061035156
8950,89.34,63.91999987792969,34.49999998982747
8951,87.43,57.839999932861325,29.599999888102214
8952,90.0,64.05999992675781,32.899999888102215
8953,79.81,50.099999951171874,19.46666667175293
8954,86.57,58.57999993286133,28.733333312988282
8955,92.03,66.56000001220703,40.833333343505856
8956,87.54,60.25999996337891,29.63333325703939
8957,89.62,61.29999998168945,33.99999992879232
8958,10.0,1.0,0.8333333326975505
8959,89.92,63.97999992675781,34.33333329772949
8960,91.79,67.59999992675782,37.96666667683919
8961,92.93,69.05999998168946,42.20000005086263
8962,88.18,61.54,29.433333302815754
8963,84.99,56.31999993896484,17.1333333307902
8964,89.62,63.90000001220703,33.1333332824707
8965,89.54,63.86000001220703,34.833333282470704
8966,88.8,63.59999998779297,34.06666668701172
8967,90.95,67.23999993896484,38.86666662597656
8968,90.32,67.84000000610351,40.76666668701172
8969,88.05,58.73999992675781,30.36666659037272
8970,89.32,62.51999998168945,30.00000003051758
8971,90.07,64.1600000366211,36.03333335367839
8972,87.79,58.140000018310545,32.89999991861979
8973,92.36,69.22000006103515,42.69999990844727
8974,85.21,57.04000000610352,16.466666666666665
8975,85.91,54.99999993286133,28.166666610717773
8976,92.21,68.19999995117188,41.73333330281576
8977,87.38,56.01999998779297,31.199999918619792
8978,85.63,52.86000001220703,28.33333334350586
8979,91.93,67.46000001220703,38.29999989827474
8980,90.95,66.33999995117188,38.8666666615804
8981,50.12,10.139999995422363,10.199999984741211
8982,91.98,67.88000006103516,38.36666665649414
8983,91.31,66.48000003662109,37.89999986775716
8984,88.51,61.39999991455078,26.000000015258788
8985,93.03,70.04000006103516,42.76666668701172
8986,88.67,61.00000000610351,34.833333333333336
8987,92.16,67.47999992675781,41.13333337402344
8988,88.11,62.65999995727539,31.59999994913737
8989,91.39,67.93999991455078,37.90000006103516
8990,89.09,64.61999999389649,34.73333323160807
8991,89.96,64.08000003662109,35.76666665649414
8994,79.05,50.28000000610351,20.166666631062824
8995,91.57,66.72000002441406,37.233333262125655
8996,91.33,65.58000006103515,36.10000006103515
8997,87.89,62.019999993896484,30.933333251953126
8998,73.68,45.01999997558594,14.8
8999,91.64,67.03999992675782,38.6999999593099
9001,91.19,66.5400000366211,38.399999837239584
9002,91.88,69.0400000366211,41.099999908447266
9004,92.2,68.31999992675782,41.69999989827474
9005,74.33,43.87999992675781,14.69999998219808
9006,80.67,50.04000001220703,16.666666664123536
9007,92.13,67.37999998779297,39.23333329264323
9008,88.45,63.679999981689456,33.199999857584636
9009,91.28,67.66,39.00000006103516
9010,90.22,66.01999991455078,38.06666672770182
9011,10.0,0.9999999996185303,0.8333333320617676
9012,75.96,46.07999998779297,15.733333330790202
9013,92.41,68.35999993896485,39.0333332824707
9014,70.18,39.79999995117188,13.633333348592123
9015,91.74,67.23999995117188,40.533333180745444
9017,88.54,59.699999951171876,34.03333335367839
9018,89.87,63.67999998779297,33.56666662597656
9019,79.45,50.30000002441406,20.566666625976563
9020,91.87,67.83999995117188,40.299999938964845
9021,92.67,69.76000006103516,42.56666666666667
9022,90.69,64.50000003662109,37.733333262125655
9023,80.15,50.579999981689454,21.133333307902017
9024,75.54,46.94000001220703,15.633333315531413
9025,91.8,69.44000001220704,42.79999997965495
9026,91.36,68.12000002441407,39.599999918619794
9028,91.6,65.72000003662109,38.20000001017252
9029,87.3,58.3,32.5
9030,88.42,61.04000000610352,21.49999994405111
9031,91.15,65.23999999389649,36.53333339436849
9032,90.73,66.40000004882812,38.23333321126302
9033,91.31,65.42000001220703,37.26666664632162
9034,92.86,68.57999998779297,39.500000040690104
9035,90.75,66.56000000610352,37.933333292643226
9036,91.14,66.78000001220703,37.29999994913737
9037,92.16,68.29999986572265,40.00000005086263
9038,92.32,68.75999993896484,41.39999992879232
9039,85.27,56.23999999389648,16.033333267211916
9040,86.63,58.75999995727539,28.23333329264323
9041,91.67,67.67999995117188,39.133333190917966
9042,89.7,65.73999998779297,34.6
9043,91.96,68.97999999389648,42.800000010172525
9044,92.11,66.95999992675782,39.36666658528646
9046,93.57,69.70000004882813,43.166666717529296
9047,89.51,65.85999998779297,35.09999999491374
9048,93.32,69.85999987792968,43.36666663614909
9050,90.57,65.20000000610352,37.53333329264323
9051,10.0,1.0,0.8333333314259846
9053,91.95,67.14000001220703,39.29999990844727
9054,56.05,31.03999997253418,12.4
9055,91.69,64.90000004882812,37.13333329772949
9056,90.3,65.06000001220703,37.76666669718424
9057,67.28,36.939999993896485,13.099999984741212
9058,89.84,63.00000001220703,33.46666667683919
9059,92.74,69.78000004882813,44.26666664632162
9060,91.22,66.44000002441406,38.566666697184246
9061,79.92,51.26000001220703,20.93333329264323
9062,91.18,64.50000003662109,38.16666656494141
9063,81.18,51.30000001831055,17.933333343505858
9064,90.28,66.03999995117188,37.73333317057292
9065,92.39,68.22000004882813,41.6333332824707
9067,88.95,62.19999995727539,31.36666658528646
9068,87.63,60.499999969482424,29.73333332824707
9069,92.06,67.4600000366211,39.33333337402344
9071,80.41,49.13999999389648,18.23333330790202
9072,92.14,68.03999993896484,42.36666658528646
9073,88.78,61.7,34.099999989827474
9074,92.15,66.72000003662109,39.266666595458986
9075,87.81,59.14,0.2999999974568685
9076,89.43,62.61999998168945,34.099999918619794
9077,92.23,67.64000006103515,39.499999969482424
9078,90.18,64.97999989013672,33.79999998982748
9079,92.0,67.98000004882813,41.63333337402344
9081,90.0,64.97999987792969,32.6333332417806
9082,79.78,42.31999998779297,21.466666610717773
9083,91.21,66.19999993896485,39.86666659545899
9084,88.96,62.62000001220703,34.10000006103515
9085,87.96,57.439999987792966,32.60000006103515
9087,79.73,50.240000024414066,20.73333326212565
9088,88.69,62.45999991455078,32.566666585286455
9089,91.22,66.75999992675781,37.100000040690105
9090,87.37,59.29999996948242,27.433333307902018
9091,91.92,66.26000001220703,37.499999969482424
9092,89.62,64.90000000610351,34.1999999593099
9093,87.77,59.439999938964846,30.33333334350586
9095,92.45,69.49999986572266,45.13333334350586
9096,73.91,41.45999998779297,19.46666667175293
9097,89.22,63.27999991455078,33.59999989827474
9098,92.53,68.69999995117188,41.29999991861979
9099,93.94,70.94,43.26666662597656
9100,91.24,68.21999995727539,38.79999992879232
9101,92.79,68.21999996337891,41.29999994913737
9102,75.79,47.160000006103516,16.166666671752928
9103,92.08,67.15999986572265,38.03333322143555
9104,90.03,64.98000006103516,36.36666669718424
9105,85.3,55.579999993896486,26.099999908447266
9107,90.52,65.52,38.13333336385091
9108,92.17,66.99999998779298,39.79999996948242
9109,91.82,66.46000004882812,38.16666668701172
9110,86.94,59.29999995727539,28.166666595458985
9111,92.48,66.55999991455079,39.46666650390625
9113,88.44,62.719999981689455,31.833333328247072
9114,91.22,64.36000006103515,36.16666669718425
9115,90.4,63.179999926757816,35.16666669718425
9116,92.35,67.47999986572266,38.96666670735677
9117,89.13,62.86,32.73333328755697
9118,91.97,66.99999998779298,39.23333321126302
9119,90.1,63.840000006103516,36.39999993896485
9120,92.29,67.3399999633789,38.66666660563151
9122,91.26,65.21999999389648,33.13333337402344
9123,89.74,65.18000001220703,34.0999999593099
9124,92.27,67.19999995117188,40.466666636149085
9125,81.22,49.43999998168945,17.366666600545248
9126,79.1,45.29999998168945,22.23333326212565
9127,88.02,59.31999993286133,32.0333332824707
9128,75.85,46.839999938964844,16.266666666666666
9129,93.33,70.05999990234375,43.499999969482424
9130,89.06,63.59999999389648,34.16666658528646
9131,73.11,44.58000001831055,15.199999994913737
9132,87.37,57.54,31.19999996439616
9133,92.57,68.80000004882812,41.799999877929686
9134,76.61,46.26000002441406,15.966666664123535
9135,88.72,61.800000061035156,32.766666666666666
9136,91.86,67.98000003662109,39.23333329264323
9137,92.25,67.55999986572266,39.16666667683919
9138,93.02,70.56,44.56666656494141
9139,89.71,64.15999998779297,34.29999995930989
9140,92.0,67.17999987792969,38.73333334350586
9142,89.56,65.55999998779296,34.699999867757164
9143,90.05,64.51999997558593,35.06666663614909
9144,91.92,67.08,38.56666660563151
9145,84.72,55.03999998779297,20.766666615804038
9147,86.79,57.000000018310544,28.699999923706056
9148,91.47,67.51999995117187,31.13333325703939
9150,89.16,61.71999998779297,32.79999993387858
9151,87.73,58.45999993286133,33.03333334350586
9152,86.87,58.79999998168945,28.366666636149088
9153,92.42,67.17999993896484,38.86666650390625
9154,91.82,67.24000000610351,38.16666657511393
9155,76.07,46.50000000610351,15.466666681925457
9156,93.26,70.14000002441406,44.23333318074544
9157,86.63,58.11999995727539,28.533333272298176
9158,92.0,67.36000001220702,39.06666666666667
9159,92.26,67.87999990234376,40.66666655476888
9160,92.27,68.05999993896485,37.93333321126302
9161,93.47,71.28000006103515,44.59999988810221
9162,89.28,62.279999963378906,34.033333363850915
9163,81.19,54.10000001220703,20.16666660054525
9164,92.47,68.99999986572266,42.8333332417806
9165,91.38,65.59999991455078,38.699999938964844
9166,88.79,61.920000024414065,31.099999964396158
9167,77.08,44.29999995727539,21.799999944051105
9168,91.82,67.13999998168946,39.49999992879232
9169,92.47,68.79999998779297,41.86666659545899
9170,91.42,67.48,38.0333332824707
9171,88.6,61.619999926757814,30.733333312988282
9173,92.58,68.23999992675782,40.53333339436849
9174,89.29,65.05999998779296,35.066666646321615
9175,91.83,66.46000002441406,38.06666665649414
9176,89.73,63.89999991455078,37.36666650390625
9177,10.0,0.9999999996185303,0.8333333307902018
9178,88.4,64.26000000610351,34.3333332010905
9179,90.14,66.37999998168945,38.366666687011715
9180,91.11,65.65999997558593,37.29999997965495
9181,91.13,65.98000004882813,37.733333394368486
9182,86.44,56.13999993286133,28.7333332417806
9183,90.17,64.87999991455078,36.60000006103515
9184,92.79,68.10000004882812,40.83333327229818
9185,92.57,68.95999986572265,39.033333374023435
9186,90.47,68.01999997558593,38.29999989827474
9187,91.53,67.05999995117187,39.46666667683919
9188,91.81,67.16000006103516,38.66666660054525
9190,92.45,68.10000001220703,42.53333334350586
9191,91.16,66.99999997558594,38.83333327229818
9193,92.22,67.1,38.29999995930989
9194,80.05,50.23999993286133,20.566666600545247
9195,86.76,60.539999963378904,28.96666659037272
9196,90.26,65.43999993896485,37.16666657511393
9197,89.6,65.52000002441406,33.6999999593099
9198,80.61,51.04000002441406,22.26666665649414
9199,90.06,65.52,36.833333170572914
9200,86.61,58.599999963378906,28.23333334350586
9201,88.94,64.91999993896485,33.833333221435545
9202,92.34,66.30000002441406,39.10000002034505
9203,92.11,67.14000006103515,38.699999867757164
9204,89.94,64.33999998779296,35.866666544596356
9206,89.89,63.480000061035156,22.266666600545246
9207,92.73,68.93999993896485,42.86666666666667
9208,92.67,70.48000004882813,44.566666707356774
9209,90.85,66.56000004882813,32.66666655476888
9210,86.36,58.45999995117187,28.866666595458984
9212,91.8,67.13999998779298,40.0
9213,92.37,66.73999993896484,38.4000000406901
9214,78.55,46.75999995117188,17.299999918619793
9215,93.24,69.51999996337891,44.83333336385091
9216,93.32,69.24,42.29999997965495
9217,91.51,65.54000004882812,36.16666672770182
9218,92.78,68.87999992675782,42.09999987792969
9219,91.81,66.67999992675782,39.9333332417806
9220,91.46,67.18000000610351,39.06666663614909
9221,91.71,66.65999997558593,37.46666666666667
9222,84.16,52.920000018310546,19.199999997456867
9223,89.44,62.97999995727539,33.3333332010905
9224,88.13,59.04000001831054,29.86666660563151
9226,81.98,53.839999932861325,20.86666658528646
9227,90.51,65.59999992675782,38.866666544596356
9229,90.92,65.93999991455078,36.800000061035156
9230,86.39,57.740000012207034,27.599999964396158
9231,68.6,39.699999938964844,13.499999954223632
9232,92.36,68.27999993896485,41.59999987792969
9233,93.12,70.10000006103516,43.19999994913737
9234,89.18,61.159999993896484,32.966666564941406
9235,92.74,69.77999996337891,44.266666595458986
9236,87.35,61.27999995727539,29.666666661580404
9237,88.27,62.060000061035154,30.8
9238,88.52,62.43999996948242,32.66666668701172
9239,90.11,65.28000006103515,35.63333326212565
9240,90.86,65.95999996948242,38.59999993896484
9241,86.58,57.75999996948242,28.399999954223635
9242,91.68,67.42000001220703,39.100000040690105
9243,91.9,66.38000002441406,38.766666615804034
9244,92.68,68.23999991455078,41.16666660563151
9245,89.42,65.55999995117187,36.5999999593099
9246,91.45,67.05999986572266,40.33333325195313
9247,77.37,43.47999995727539,25.299999994913737
9248,84.85,57.119999993896485,23.466666681925457
9249,10.0,0.9999999996185303,0.8333333326975505
9250,91.18,67.72000003662109,38.99999984741211
9251,90.73,62.619999926757814,36.39999986775716
9252,91.06,63.759999975585934,33.066666585286455
9253,89.61,65.19999995117188,34.33333329264323
9254,91.73,67.85999991455078,40.999999979654945
9255,92.4,67.93999993896485,40.866666615804036
9256,89.46,62.89999996948242,32.133333312988285
9257,89.66,65.93999986572265,37.39999998982747
9258,91.66,66.78000006103515,34.93333334350586
9259,75.73,46.819999981689456,14.999999997456868
9260,91.72,67.81999997558594,39.066666585286455
9261,89.5,62.939999926757814,33.26666668701172
9262,79.8,49.200000006103515,19.066666600545247
9264,92.24,67.67999997558594,42.46666667683919
9265,87.97,62.119999987792966,31.633333353678385
9266,90.29,64.29999995117187,34.33333319091797
9267,92.2,67.90000004882812,40.63333333333333
9268,88.25,62.45999995117187,29.63333326212565
9269,90.43,65.77999997558594,37.53333321126302
9270,92.16,68.29999991455078,40.900000020345054
9271,88.98,63.39999996948242,33.53333334350586
9272,92.37,68.69999991455079,43.73333319091797
9273,93.17,69.8000000366211,41.73333318074544
9275,92.26,67.36000000610352,38.299999938964845
9276,89.26,62.51999998168945,33.63333334350586
9277,87.02,53.43999998168945,27.299999908447266
9278,92.23,68.95999989013671,40.533333302815755
9279,92.33,69.55999997558594,42.83333331298828
9280,84.8,56.81999995727539,22.966666610717773
9281,92.95,70.42,44.73333335367838
9282,86.55,58.27999995727539,27.66666659037272
9283,90.08,63.560000024414066,33.96666665649414
9284,80.58,49.55999998168945,16.09999994913737
9285,91.9,69.18000006103516,41.29999996948242
9286,92.11,68.49999998779298,41.666666666666664
9287,73.51,44.739999951171875,14.99999996693929
9289,84.37,54.640000018310545,26.166666681925456
9290,91.16,67.46000000610351,38.366666564941404
9291,92.26,68.41999986572266,39.499999908447265
9292,91.13,66.45999995117188,38.06666650390625
9293,87.55,61.339999993896484,29.100000010172526
9294,87.21,58.74,29.966666666666665
9295,88.96,60.99999995727539,17.766666646321614
9296,89.4,63.01999996337891,33.46666664632161
9297,91.35,67.22000004882813,37.03333327229818
9298,91.51,66.10000002441406,37.866666727701826
9299,89.77,64.61999997558594,36.3333332010905
9300,91.23,65.13999996337891,38.86666666666667
9301,86.91,56.56000001831055,28.63333334350586
9302,93.61,70.9399999267578,42.96666653442383
9303,89.25,64.60000002441406,35.96666670735677
9304,88.64,61.95999992675781,33.13333329772949
9305,90.4,64.31999989013671,36.300000010172525
9306,92.73,68.01999992675782,41.166666595458985
9307,51.59,10.519999995422364,10.333333338419596
9308,92.83,69.15999996337891,43.59999983723959
9309,85.88,54.70000001831055,26.43333326212565
9311,10.0,1.0,0.8333333314259846
9312,67.11,40.020000006103515,13.133333318074545
9313,92.83,68.60000002441406,42.3333332010905
9314,91.17,67.68000002441406,39.23333319091797
9316,91.29,66.11999995117188,38.900000030517575
9317,86.38,58.51999996337891,28.599999954223634
9318,91.36,64.4399999267578,27.866666631062827
9319,88.76,63.11999996948242,33.199999928792316
9320,92.24,66.75999993896484,39.06666656494141
9321,89.6,64.19999998779296,35.4000000406901
9322,89.87,63.579999938964846,35.46666655476888
9323,89.85,64.89999993896484,35.733333201090495
9324,92.11,67.3799999633789,39.366666676839195
9325,93.23,69.41999996337891,42.90000006103516
9326,82.31,44.73999994506836,25.233333287556967
9327,88.63,62.7199999633789,32.56666660054525
9328,86.77,59.37999991455078,25.099999923706054
9329,89.26,62.52000002441406,34.099999857584635
9330,91.16,65.56,37.9000000406901
9331,86.13,52.67999993286133,27.333333348592124
9332,89.69,63.01999998779297,33.53333339436849
9333,91.76,67.10000004882812,39.96666654459636
9334,89.53,64.92000000610352,35.499999979654945
9335,92.33,67.59999993896484,39.79999996948242
9336,93.08,68.86000000610352,42.89999998982747
9337,92.44,69.08000003662109,41.366666676839195
9338,88.63,60.26000000610352,22.533333348592123
9339,89.88,62.63999997558594,35.86666657511393
9340,91.78,67.93999986572265,39.033333180745444
9341,91.99,67.31999995117188,38.1
9342,90.05,66.09999999389649,38.26666663614909
9343,80.43,50.579999981689454,21.599999974568686
9344,89.01,62.32000004882813,32.899999888102215
9345,92.04,67.3200000366211,38.63333330281576
9346,86.27,57.59999998779297,23.999999928792317
9347,79.95,50.079999975585935,21.66666665649414
9348,58.26,30.63999997253418,12.033333318074543
9349,90.1,64.98000004882813,34.366666600545244
9351,92.29,67.63999998168946,40.89999987792969
9352,91.62,67.00000000610352,38.96666650390625
9353,91.63,65.72000001220704,38.03333317057292
9355,87.1,57.41999994506836,23.766666610717774
9356,87.38,57.11999998168945,32.23333325195313
9357,89.58,63.71999995727539,34.633333190917966
9358,89.12,63.219999926757815,34.099999918619794
9360,91.26,67.64000002441406,36.86666666666667
9361,91.21,65.43999993896485,38.43333326212565
9362,84.71,56.73999994506836,23.36666668701172
9363,92.1,67.4399999267578,40.03333327229818
9364,92.1,68.98000001220703,40.3333332010905
9365,90.85,65.8000000366211,35.03333335367839
9366,92.48,68.33999997558594,41.93333322143555
9367,91.25,66.77999992675781,37.03333335367839
9368,92.09,66.95999993896484,39.19999994913737
9369,92.47,67.67999986572265,40.56666661580404
9370,91.81,67.83999991455079,40.79999985758464
9371,90.76,67.59999993896484,37.233333221435544
9372,93.59,70.13999989013672,44.76666663614909
9373,80.12,51.240000024414066,16.79999999745687
9374,91.07,63.00000000610351,23.56666667175293
9375,92.75,69.79999995117187,40.93333322143555
9376,90.09,64.04,34.566666646321615
9377,76.05,46.640000024414064,15.933333335876465
9378,87.31,58.40000002441406,30.666666585286457
9379,91.75,67.66000006103516,39.53333329264323
9380,88.95,62.51999995727539,31.966666727701824
9381,91.83,67.34000004882813,39.499999969482424
9382,86.51,59.15999994506836,26.833333333333332
9383,86.51,58.799999938964845,28.433333257039386
9384,90.42,63.27999998779297,35.79999992879232
9385,92.76,68.83999997558594,43.333333282470704
9386,88.62,62.11999991455078,32.66666658528646
9387,92.64,69.64000002441406,41.033333180745444
9388,90.94,64.75999992675781,36.06666666666667
9389,92.72,68.35999989013672,43.06666654459635
9390,92.29,67.9399999267578,42.03333327229818
9391,92.41,69.32000004882812,41.433333282470706
9392,89.21,62.18000001220703,33.13333326212565
9393,90.2,64.27999996948242,33.93333319091797
9394,86.8,57.75999995727539,27.299999923706054
9395,90.88,68.22000003662109,38.13333323160807
9396,86.93,62.19999997558594,29.39999994913737
9397,92.59,68.81999998779297,42.233333201090495
9398,88.85,59.71999993896485,21.199999989827475
9399,92.3,67.41999996337891,39.2333332417806
9400,79.61,41.62000001220703,21.833333267211913
9401,88.4,63.82,33.79999990844727
9402,86.63,57.47999995117188,23.766666687011718
9403,90.59,65.1200000366211,36.766666727701825
9404,92.49,67.53999991455078,40.500000040690104
9405,75.26,45.999999975585936,15.933333267211914
9406,75.75,46.16,16.433333315531414
9407,91.16,65.81999991455078,37.36666669718424
9408,92.44,66.89999998779297,39.166666524251305
9409,88.01,59.3,33.9666665242513
9410,91.29,65.89999997558594,38.63333326212565
9411,92.23,67.4400000366211,38.699999989827475
9412,82.01,54.63999994506836,20.899999989827474
9413,89.79,63.13999999389648,33.29999993387858
9414,90.88,65.61999999389649,37.46666659545898
9415,83.66,54.77999998779297,25.433333333333334
9416,10.0,0.9999999988555908,0.8333333326975505
9418,88.63,61.69999999389648,21.96666662597656
9419,69.03,41.4,13.733333287556967
9420,82.92,55.619999932861326,26.833333267211913
9421,91.2,63.02000002441406,35.96666666666667
9422,90.0,64.47999999389648,34.73333329264323
9423,84.45,55.02000002441406,26.266666595458986
9424,90.17,64.33999995117188,32.29999995930989
9425,86.4,58.359999914550784,28.7
9426,91.37,65.42000004882813,36.06666672770182
9427,92.22,68.31999986572265,43.43333334350586
9428,92.92,68.97999997558594,43.00000006103516
9429,92.57,67.60000000610351,43.433333282470706
9430,91.52,66.14000003662109,36.79999998982748
9432,91.52,65.49999998168946,35.766666666666666
9433,91.35,65.84,37.499999837239585
9434,88.59,62.58000002441406,31.09999991861979
9435,89.41,65.41999998168946,37.366666727701826
9437,10.0,0.9999999996185303,0.8333333314259846
9438,10.0,0.9999999996185303,0.8333333326975505
9439,91.18,66.95999997558594,38.133333312988285
9440,85.94,52.76000002441406,27.166666681925456
9441,93.05,69.4000000366211,43.566666717529294
9442,93.02,69.82000004882812,43.5999999593099
9443,92.97,70.59999986572265,44.8666667175293
9444,91.79,67.19999990234375,39.06666662597656
9445,89.88,65.04000004882812,36.699999938964844
9446,91.73,66.66,38.56666661580404
9447,83.63,56.19999993286133,22.933333307902018
9449,88.77,63.519999945068356,32.76666668701172
9450,91.01,66.0400000366211,38.83333336385091
9452,91.37,67.3000000366211,39.13333330281576
9454,86.56,57.33999996337891,26.566666600545247
9456,87.09,60.93999995727539,26.799999964396157
9457,87.64,61.18000000610351,29.733333282470703
9458,90.01,66.05999986572266,35.73333334350586
9459,92.0,68.8999999633789,42.566666514078776
9460,92.53,70.25999987792969,42.09999993896484
9461,88.15,58.999999963378905,31.46666660054525
9462,92.23,67.63999997558594,39.73333318074544
9463,92.37,68.40000004882812,43.10000003051758
9464,10.0,0.9999999992370605,0.8333333326975505
9465,10.0,0.9999999996185303,0.8333333314259846
9466,87.77,58.319999963378905,31.866666646321615
9467,89.44,63.85999995117187,34.56666668701172
9468,92.3,67.2400000366211,39.23333323160807
9469,91.41,67.16000004882812,40.866666676839195
9470,87.09,59.07999991455078,31.666666697184244
9471,91.34,66.43999993896485,37.00000006103516
9472,89.6,62.49999998779297,33.999999959309896
9473,89.0,62.18000002441406,32.46666663106283
9474,93.35,69.2999998779297,43.03333321126302
9475,87.91,63.01999998168945,29.633333241780598
9476,91.69,66.40000006103516,38.133333201090494
9478,92.1,68.26000002441407,30.033333267211916
9479,90.03,64.43999993896485,35.433333267211914
9480,91.39,65.75999997558594,36.10000006103515
9481,92.19,68.85999995117187,42.83333338419596
9482,92.12,68.56,41.66666657511393
9483,92.14,67.50000001220702,39.233333333333334
9484,92.49,68.13999999389648,41.53333317057292
9485,91.3,66.97999986572266,36.6
9486,89.25,61.63999997558594,31.866666625976563
9488,92.42,69.42000002441407,42.63333334350586
9489,88.42,61.02000001220703,24.7
9490,91.83,66.33999995117188,40.266666544596355
9491,92.11,67.43999991455078,38.699999928792316
9492,90.51,64.85999993896485,33.66666668701172
9493,93.48,70.25999995117188,45.66666669718425
9495,93.47,69.03999998779297,44.49999992879232
9496,90.75,66.56000004882813,38.19999997965495
9497,92.96,68.81999992675782,39.16666650390625
9498,89.27,63.899999926757815,34.13333339436849
9499,92.76,69.03999998779297,43.000000040690104
9500,88.92,61.47999995727539,33.033333267211916
9501,92.04,68.51999989013672,40.99999993896484
9502,91.82,68.16000001220704,39.76666663614909
9503,89.67,64.03999993896484,33.16666656494141
9504,88.62,62.78000000610351,33.2666665242513
9505,77.94,43.08,22.23333327738444
9506,93.39,69.88000004882812,44.133333190917966
9507,92.22,66.83999993896484,37.73333329264323
9508,91.6,63.85999993896484,31.26666665649414
9509,91.99,66.7400000366211,38.800000010172525
9510,86.87,58.37999996337891,27.63333325703939
9511,91.49,68.44000001220704,41.766666595458986
9512,90.98,64.63999996948242,39.13333337402344
9513,92.2,68.0399999633789,39.9333332010905
9514,91.17,65.51999992675782,37.16666655476888
9515,92.24,68.91999992675781,41.49999986775716
9516,87.19,55.41999993286133,30.599999989827474
9517,91.65,67.7599999633789,40.66666654459635
9518,85.38,54.999999969482424,25.433333277384442
9519,71.01,41.40000001220703,14.099999964396158
9520,10.0,0.9999999992370605,0.8333333333333334
9521,92.0,67.4399998779297,38.83333336385091
9522,91.35,65.16000004882812,32.233333333333334
9523,76.65,43.61999996948242,22.066666631062827
9525,90.83,66.30000002441406,38.4
9526,91.44,65.85999991455078,39.3
9527,90.47,64.04000001220703,36.333333170572914
9529,88.75,60.8999999633789,21.899999959309895
9530,87.98,60.15999996948242,28.39999992879232
9531,10.0,0.9999999992370605,0.8333333326975505
9532,91.84,67.36000002441406,39.66666670735677
9533,90.2,64.87999999389649,36.933333292643226
9534,90.4,64.28000000610352,36.66666656494141
9535,85.05,57.19999997558594,20.066666648864746
9536,89.7,64.6800000366211,37.533333231608076
9537,87.87,58.9,29.999999908447265
9538,92.58,68.4400000366211,43.10000001017253
9539,91.7,67.75999998779297,40.70000001017252
9540,91.29,65.2799999572754,37.43333337402344
9541,92.11,67.2,39.2
9542,90.89,65.17999993896484,35.60000001017253
9543,93.2,68.93999996337891,42.999999908447265
9544,10.0,0.9999999984741211,0.8333333320617676
9545,86.39,58.11999994506836,28.599999923706054
9546,73.78,44.57999995727539,15.266666646321614
9547,86.57,57.49999993286133,23.199999974568684
9549,91.39,66.81999992675782,39.599999979654946
9550,88.33,61.55999998779297,31.233333221435547
9551,80.59,45.459999969482425,26.733333323160807
9552,90.0,65.22000001220704,36.36666666666667
9553,87.29,58.939999993896485,28.466666681925457
9554,92.28,67.02000002441406,39.2666665649414
9555,89.83,61.719999975585935,37.699999928792316
9556,91.61,66.33999991455079,39.46666650390625
9557,89.21,62.359999981689455,32.29999993387858
9558,92.42,69.55999997558594,43.766666605631514
9559,92.44,68.00000003662109,42.666666646321616
9560,73.05,38.79999996337891,16.866666600545248
9561,81.23,50.84,15.866666595458984
9562,82.48,49.58000001220703,21.13333332316081
9563,89.14,61.95999995117187,32.36666659037272
9565,89.84,64.27999993896485,33.39999996439616
9566,90.94,67.26000006103516,38.766666666666666
9567,91.24,66.25999999389649,36.966666697184245
9568,91.05,66.21999995117187,36.700000061035155
9569,90.03,64.35999996948242,33.79999993387858
9570,10.0,1.0,0.8333333314259846
9571,93.35,69.24000006103516,44.59999986775716
9573,90.29,62.59999998779297,35.033333231608076
9575,91.54,66.39999995117188,40.033333374023435
9576,87.47,58.55999994506836,31.90000002034505
9577,86.6,54.599999969482425,25.966666697184245
9578,79.04,43.519999938964844,22.066666636149087
9579,90.03,64.5400000366211,32.93333322143555
9580,92.52,69.6200000366211,41.96666659545898
9581,79.09,42.33999992675781,26.26666663614909
9582,91.84,67.12000001220703,38.33333331298828
9583,78.91,42.099999957275394,25.76666657511393
9584,70.87,40.41999997558594,13.466666651407877
9585,10.0,1.0,0.8333333326975505
9587,92.53,68.10000006103516,39.366666727701826
9588,10.0,0.9999999992370605,0.8333333326975505
9589,83.17,49.75999994506836,21.566666656494142
9590,90.84,65.03999993896484,38.199999938964844
9591,89.18,63.40000001220703,34.7
9592,72.95,44.579999993896486,15.466666585286458
9593,89.63,63.9,34.13333339436849
9594,91.31,65.19999995117188,35.900000030517575
9595,91.31,65.1800000366211,36.99999988810222
9598,89.09,65.02000001220703,34.70000002034505
9599,91.89,67.59999991455078,39.499999837239585
9601,91.94,67.97999999389648,39.96666672770182
9602,76.11,46.919999957275394,15.199999918619792
9603,91.01,63.86000002441406,32.966666661580405
9604,92.29,69.13999997558594,42.066666585286455
9605,89.67,63.97999991455078,35.79999991861979
9606,84.88,57.63999995727539,24.09999998474121
9607,72.58,45.29999996337891,14.8666666208903
9609,92.09,68.01999998779297,41.46666653442383
9610,88.73,62.740000024414066,32.79999996439616
9611,91.38,67.84000001220703,40.13333336385091
9612,93.6,70.21999997558594,44.99999984741211
9613,89.58,64.07999993896485,31.666666727701823
9614,88.24,62.91999996948242,32.799999888102214
9615,70.87,40.22000002441406,13.7666666208903
9616,89.49,64.67999999389649,36.36666650390625
9617,92.34,67.0400000366211,38.73333323160807
9618,93.02,69.57999995117187,43.46666654459636
9619,75.6,39.62,17.766666666666666
9620,93.18,69.91999995117187,43.53333320109049
9622,89.97,65.75999991455078,37.099999969482425
9623,91.72,67.41999993896485,38.69999996948242
9625,10.0,0.9999999988555908,0.8333333314259846
9626,92.04,67.79999997558593,39.933333170572915
9627,89.5,62.05999993896484,33.93333339436849
9628,85.36,53.47999992675781,27.100000010172526
9629,70.11,39.45999999389648,13.299999972025553
9630,87.96,59.859999926757816,21.49999996439616
9631,92.45,67.42000003662109,40.19999984741211
9632,91.36,67.95999986572265,40.300000010172525
9633,90.26,65.56000006103515,36.09999994913737
9634,88.66,63.660000006103516,33.83333331298828
9635,93.38,71.07999996337891,44.366666544596356
9636,92.53,68.0999999633789,40.36666653442383
9637,91.37,66.11999993896484,37.366666544596356
9638,76.11,46.94000001220703,15.19999998219808
9639,90.96,65.91999995117187,36.46666661580404
9640,93.59,71.03999990234375,44.53333326212565
9641,88.98,62.49999995117187,33.533333241780596
9642,92.04,66.97999992675781,39.3
9643,76.04,46.72000001220703,15.466666648864747
9644,89.03,64.67999991455078,33.89999985758463
9645,10.0,0.9999999996185303,0.8333333314259846
9646,81.26,50.079999981689454,16.79999998219808
9647,92.22,67.8799999633789,40.06666666666667
9649,89.3,64.53999995727538,33.23333332316081
9650,86.6,59.339999938964844,29.133333287556965
9651,92.14,65.87999995117187,40.06666650390625
9652,92.13,67.32000000610351,39.199999928792316
9654,89.85,63.459999969482425,34.53333339436849
9655,90.36,65.37999995117187,35.799999888102214
9657,92.28,67.89999995117188,41.03333329264323
9658,91.07,65.71999995117187,37.5999999593099
9659,92.05,66.88000002441406,38.79999989827474
9660,87.47,57.219999926757815,32.06666665649414
9662,86.93,58.90000001220703,28.10000001525879
9663,92.91,68.7599999633789,41.999999837239585
9664,91.06,64.73999995117188,29.766666620890298
9665,65.99,49.520000006103515,18.933333343505858
9666,86.93,56.79999994506836,29.39999994913737
9667,90.08,64.07999989013672,36.36666666666667
9669,90.08,64.73999997558593,35.16666655476888
9670,78.18,41.77999998168945,24.799999918619793
9671,73.01,44.37999992675781,14.39999996693929
9672,92.29,66.34000002441407,38.233333333333334
9673,92.68,69.45999990234375,42.69999990844727
9674,91.88,65.47999993896484,38.533333374023435
9675,92.54,69.3999999633789,42.79999995930989
9676,80.76,50.00000001220703,16.966666595458985
9677,92.74,69.35999995727539,43.43333325195312
9678,90.9,64.65999998168945,30.433333297729494
9679,79.95,50.71999998779297,17.19999998219808
9680,89.95,62.68000002441406,34.29999995930989
9681,56.67,11.359999993896484,15.166666681925456
9682,87.62,60.13999994506836,29.599999938964842
9683,92.34,68.13999996337891,39.7666665649414
9684,88.72,62.55999998168945,33.599999989827474
9686,91.96,68.77999990234375,43.36666669718424
9687,87.69,58.01999996337891,32.099999908447266
9688,91.9,69.11999998779297,42.40000005086263
9689,93.23,68.88000004882812,42.533333241780596
9690,92.74,68.93999986572265,43.69999994913737
9691,91.56,68.26000006103516,40.76666651407878
9693,88.81,62.039999981689455,26.7333332417806
9694,89.24,63.920000006103514,34.73333319091797
9695,91.54,67.0,38.566666514078776
9696,82.93,53.84000002441406,20.533333338419595
9697,92.6,67.57999995117187,41.29999991861979
9698,92.14,66.55999998168946,39.63333317057292
9699,85.81,56.859999963378904,28.66666660563151
9700,92.35,67.58000000610352,40.86666651407877
9701,55.96,30.27999998474121,11.833333318074544
9702,92.41,69.37999995117187,42.39999991861979
9703,92.31,70.28000003662109,42.63333317057292
9704,89.01,63.56,33.20000003051758
9705,80.3,51.77999997558594,16.266666620890298
9706,89.2,62.82000000610351,30.933333287556966
9707,90.19,62.06,35.533333374023435
9708,89.26,65.22000002441406,34.83333325195313
9709,92.5,68.6199999633789,39.23333321126302
9710,92.39,67.05999992675781,38.233333201090495
9711,91.82,67.31999995727539,39.93333338419596
9712,86.78,58.09999994506836,28.133333267211913
9713,92.29,67.95999987792969,41.56666668701172
9714,91.07,63.519999877929685,34.86666664632161
9715,93.23,68.87999987792969,43.033333231608076
9716,88.23,62.120000048828125,30.53333329772949
9717,89.85,65.62000001220703,36.23333336385091
9719,10.0,1.0,0.8333333333333334
9720,92.36,67.60000006103516,38.633333272298174
9721,92.09,67.89999991455078,39.79999986775716
9722,93.54,70.53999998779297,43.99999988810222
9723,79.92,43.91999992675781,26.166666610717773
9724,86.74,53.74,26.86666665140788
9725,53.67,28.299999993896485,10.366666641235351
9726,90.3,67.7999999267578,37.86666670735677
9727,92.01,66.84000000610351,39.46666660563151
9729,92.58,69.25999998779297,44.03333317057292
9730,91.54,66.51999995727539,37.13333334350586
9731,88.66,63.05999996337891,33.53333317057292
9732,91.92,67.11999991455077,40.033333374023435
9733,88.39,62.08,31.13333332316081
9734,75.75,46.279999951171874,16.066666666666666
9735,88.6,62.94000000610352,32.36666653442383
9736,75.91,46.819999963378905,15.533333297729492
9737,92.27,67.84000002441407,42.46666661580404
9738,92.32,69.13999998779298,43.63333335367839
9739,88.93,63.37999998168945,32.89999989827474
9740,89.05,63.84000003662109,32.40000006103516
9741,91.65,66.62000000610351,38.133333251953125
9742,86.86,53.439999926757814,26.166666575113933
9743,93.89,70.63999997558594,44.399999837239584
9744,91.76,67.60000002441406,38.699999928792316
9745,92.44,67.87999993896484,40.96666672770182
9746,88.88,62.360000036621095,33.03333332316081
9749,93.11,69.89999989013671,43.29999992879232
9750,89.55,64.77999993896485,33.733333262125655
9751,92.87,69.09999993896484,41.06666660563151
9752,91.66,67.82000002441406,39.43333319091797
9753,92.88,70.29999986572265,43.73333332316081
9754,87.19,60.140000036621096,29.400000010172526
9755,91.86,66.70000001220703,38.49999998982747
9756,92.5,67.79999993896485,39.999999979654945
9757,90.4,67.17999997558594,40.16666660563151
9758,92.0,68.06000006103515,40.26666663614909
9759,90.94,65.81999989013671,36.76666670735677
9760,89.9,64.74000002441406,33.999999933878584
9761,89.81,64.53999996948242,36.23333335367838
9762,90.71,67.00000002441406,37.733333272298175
9763,90.14,65.54000004882812,33.29999997965495
9764,90.15,64.61999991455077,36.49999985758463
9765,92.61,68.36000006103515,41.16666660563151
9766,91.87,67.62000001220703,39.76666657511393
9767,90.24,63.87999997558594,35.866666676839195
9768,88.73,62.89999987792969,32.26666657511393
9769,89.65,63.879999951171875,35.70000001017252
9770,92.69,69.21999986572266,41.36666662597656
9771,91.73,67.36000003662109,38.699999989827475
9772,92.62,68.78000006103515,43.233333384195966
9773,86.85,57.47999992675781,30.833333282470704
9774,91.28,66.19999998168946,37.73333334350586
9775,88.3,58.80000001220703,32.83333332316081
9776,91.76,67.07999991455078,39.866666676839195
9777,91.47,66.44000001220704,38.46666653442383
9778,93.53,69.66,42.866666727701826
9779,92.5,67.28,40.13333336385091
9780,91.34,65.14000001220703,37.199999867757164
9781,91.26,67.20000001220703,38.73333330281576
9782,93.35,69.85999991455078,42.26666663614909
9783,90.95,67.11999995117188,39.66666658528646
9784,92.5,69.0200000366211,43.833333282470704
9786,88.59,61.240000024414066,31.76666665649414
9787,89.65,65.17999997558594,37.199999857584636
9788,92.86,70.17999998168945,42.76666664632162
9789,88.92,63.500000024414064,33.19999993387858
9790,92.59,67.82000004882812,39.1999999593099
9791,91.08,65.87999998779297,37.766666605631514
9792,91.9,68.51999996337891,42.000000040690104
9793,92.31,68.33999987792969,40.899999888102215
9794,91.97,66.87999993896484,39.066666707356774
9795,87.72,60.85999993896484,30.100000010172526
9796,88.81,62.58,34.56666659545898
9797,88.26,60.600000024414065,31.83333331298828
9798,75.88,45.899999993896486,16.10000001525879
9799,89.07,63.20000003662109,33.400000020345054
9800,89.31,62.69999992675781,32.699999857584636
9801,92.12,68.8999999633789,42.59999988810221
9802,92.33,68.87999993896484,40.89999997965495
9804,85.44,55.94000002441406,25.9666666208903
9805,89.79,63.78000000610351,33.43333339436849
9806,92.03,67.25999987792969,40.46666670735677
9807,91.27,66.26000002441407,38.10000003051758
9808,92.29,68.71999996337891,42.5666665242513
9809,92.08,67.47999991455079,38.50000005086263
9810,91.9,68.56000003662109,41.66666661580404
9811,84.57,57.39999995727539,23.59999997965495
9812,89.85,63.96000000610351,34.000000040690104
9813,90.66,65.87999991455078,38.366666676839195
9815,92.02,67.73999987792969,38.8666665242513
9816,79.78,50.12000002441406,21.266666646321614
9817,93.45,70.63999996337891,43.20000001017252
9819,93.57,70.03999986572266,43.599999857584635
9820,86.53,58.479999932861325,28.366666646321615
9821,92.32,67.63999989013672,38.9000000406901
9823,79.92,50.66000002441406,22.066666600545247
9824,91.93,67.97999995117188,39.66666662597656
9825,84.79,50.52000002441406,26.76666657511393
9826,85.09,57.14,23.63333334859212
9827,91.91,66.86000003662109,38.93333326212565
9828,90.97,66.48,35.566666585286455
9829,91.6,67.98000004882813,39.50000006103516
9830,92.23,67.61999998168945,39.13333330281576
9831,88.52,61.399999981689454,35.46666665649414
9832,86.51,58.79999995727539,27.23333329264323
9833,89.63,64.13999997558594,33.466666625976565
9834,90.11,65.18000002441406,36.13333329264323
9835,92.42,67.67999993896484,41.400000010172526
9836,93.42,69.7,45.76666663614909
9837,88.29,60.96000001220703,32.63333322143555
9838,88.77,63.53999999389649,33.433333267211914
9839,89.19,62.820000024414064,30.33333329264323
9840,86.85,57.93999998168945,27.4666666208903
9841,86.21,55.72000002441406,29.20000002034505
9842,90.39,66.02000000610352,37.70000003051758
9843,84.99,57.14,16.933333302815754
9844,90.89,64.73999992675782,34.70000002034505
9845,87.79,58.159999951171876,31.36666658528646
9846,92.36,67.6000000366211,38.099999928792315
9847,90.66,65.24000002441406,36.966666564941406
9848,88.58,60.86000002441406,33.03333329264323
9849,87.96,58.77999993896484,29.0
9850,10.0,1.0,0.8333333320617676
9852,10.0,0.9999999992370605,0.8333333333333334
9853,88.48,59.87999998168945,33.86666658528646
9854,92.17,68.09999995117188,38.96666672770182
9855,91.56,66.17999997558594,37.53333317057292
9856,88.62,60.01999991455078,32.99999985758463
9857,88.92,60.68000001220703,34.16666669718425
9858,91.97,66.83999986572266,37.966666564941406
9859,76.3,47.89999995727539,16.23333334350586
9860,68.76,41.340000006103516,13.633333315531413
9861,92.25,69.35999991455078,41.19999988810221
9862,91.51,66.07999986572266,36.699999964396156
9863,92.26,69.05999991455079,40.099999989827474
9864,92.82,69.55999986572266,44.933333282470706
9865,73.74,45.179999963378904,15.2666666208903
9866,91.24,63.160000006103516,29.53333334350586
9867,90.97,65.09999993896484,35.8666665242513
9868,90.91,66.1000000366211,36.433333292643226
9869,93.12,69.65999997558593,43.53333331298828
9870,92.15,67.50000004882813,39.566666585286455
9871,10.0,0.9999999992370605,0.8333333326975505
9872,88.41,61.93999996337891,33.099999928792315
9873,91.42,64.57999995117187,33.033333241780596
9874,92.18,67.06000004882813,40.43333337402344
9875,90.75,62.81999995117187,36.19999984741211
9877,91.68,67.71999996337891,39.766666615804034
9878,87.98,62.679999926757816,31.63333326212565
9879,75.82,48.15999998168945,15.733333302815755
9880,93.25,68.18000006103516,43.499999959309896
9881,90.32,63.98000003662109,35.79999995422363
9882,84.51,55.56,25.566666681925454
9883,92.86,68.57999992675781,39.96666650390625
9884,90.85,66.22000001220704,33.666666534423825
9885,88.83,61.23999998779297,30.566666636149087
9886,87.56,61.62,30.233333267211915
9887,89.26,63.63999992675781,34.09999988810221
9888,85.89,56.979999938964845,24.400000005086262
9889,88.75,63.87999991455078,32.2666665242513
9891,84.42,57.19999999389648,16.433333315531414
9892,76.13,46.41999993286133,15.366666681925455
9893,88.86,61.21999991455078,33.866666600545244
9894,10.0,1.0,0.8333333333333334
9895,92.54,69.27999995117187,42.23333331298828
9896,90.03,64.53999995727538,33.26666669718424
9897,73.97,44.359999963378904,14.499999954223632
9898,91.93,68.74000002441406,37.733333333333334
9899,92.75,68.51999993896484,41.79999994913737
9900,89.79,62.69999998779297,34.999999969482424
9901,79.92,50.94000001831055,17.29999993387858
9904,88.7,62.619999926757814,33.366666615804036
9905,91.85,67.35999997558594,39.199999867757164
9906,90.94,65.71999998779297,37.699999938964844
9907,91.54,66.90000001220703,40.266666605631514
9909,91.73,67.17999999389649,41.19999989827474
9910,91.08,66.89999992675781,39.8333332417806
9911,87.99,61.179999981689456,20.199999974568684
9912,92.71,67.98000003662109,41.86666670735677
9913,80.95,51.13999997558594,21.399999979654947
9914,90.67,67.11999987792969,36.93333339436849
9915,87.04,52.81999993896484,26.999999923706056
9916,93.29,70.58000004882813,43.43333321126302
9917,93.23,69.37999998779297,43.89999991861979
9918,88.2,60.55999997558594,34.43333339436849
9919,91.76,67.0399999633789,42.266666544596355
9920,91.96,68.08000006103515,40.033333241780596
9922,86.48,58.15999995727539,27.599999928792318
9924,92.19,67.31999993896484,40.46666664632161
9925,92.06,67.67999997558594,38.63333330281576
9926,89.39,63.51999998168945,33.26666662597656
9927,92.93,69.00000001220702,43.93333322143555
9928,91.03,65.69999991455079,37.16666656494141
9929,10.0,0.9999999992370605,0.8333333320617676
9931,91.3,67.86000001220702,39.33333337402344
9932,89.31,61.48000001831055,32.26666655476888
9933,83.66,54.95999995727539,26.33333330790202
9934,88.83,62.08,31.1333332824707
9935,87.54,59.13999998779297,33.13333336385091
9936,92.22,66.9000000366211,41.433333302815754
9937,92.74,69.24000001220703,42.96666657511393
9938,80.45,51.13999995727539,15.533333282470704
9939,84.43,56.960000024414065,24.0333332417806
9940,92.47,68.91999986572266,41.79999990844727
9942,92.17,67.43999998168945,40.03333317057292
9943,79.9,48.18000000610351,19.73333327738444
9944,79.99,49.78,21.56666668701172
9945,87.37,56.36,28.333333333333332
9946,91.55,65.24000004882812,38.3
9947,86.67,58.299999932861326,27.53333319091797
9948,89.0,62.21999991455078,33.23333332316081
9949,89.97,63.400000048828126,33.566666585286455
9950,93.85,70.3800000366211,44.83333318074544
9951,88.67,63.80000003662109,33.96666659545898
9952,79.88,47.320000018310544,17.133333267211913
9953,91.06,67.31999986572265,39.56666668701172
9954,91.16,65.60000001220703,36.53333332316081
9955,91.58,67.32000001220703,39.9333332010905
9956,89.98,64.61999996948242,36.96666670735677
9957,89.39,64.25999997558594,35.96666672770182
9958,89.16,62.51999992675781,33.76666658528646
9959,89.54,62.66000002441406,35.26666665649414
9960,86.45,52.359999926757816,27.8
9962,86.28,53.399999926757815,26.5666666208903
9963,90.13,64.49999999389648,35.066666585286455
9964,88.98,63.05999996337891,32.13333329264323
9965,89.57,63.99999995727539,33.799999938964845
9966,75.7,46.25999993286133,15.766666661580404
9967,92.32,67.7999999267578,40.366666615804036
9969,93.01,69.45999998779297,42.33333325195313
9970,84.3,56.59999994506836,25.06666668701172
9971,91.98,67.71999997558594,30.766666524251303
9972,93.85,71.98000006103516,44.866666687011715
9973,91.71,67.27999993896485,39.49999987792969
9975,92.19,67.62000000610351,39.23333332316081
9976,75.38,46.68000000610351,15.199999987284343
9977,92.59,68.01999996337891,41.09999994913737
9978,88.9,62.71999991455078,32.59999993387858
9979,92.08,68.85999986572266,41.66666657511393
9980,10.0,0.9999999984741211,0.8333333333333334
9981,76.15,47.41999996948242,15.33333334350586
9982,90.68,66.1199999633789,35.433333231608074
9984,93.37,69.92,44.16666668701172
9985,85.73,51.779999969482425,27.066666600545247
9986,92.58,68.69999986572266,42.99999984741211
9987,92.56,69.17999993896484,43.06666667683919
9988,91.95,67.37999997558593,38.766666605631514
9989,88.35,62.16000001220703,32.533333363850915
9990,89.13,64.72000002441406,35.29999998982748
9991,84.6,57.43999996337891,19.699999979654947
9993,89.59,63.519999993896484,35.03333331298828
9994,91.35,67.13999991455078,39.499999837239585
9995,91.39,67.18000006103516,38.19999989827474
9996,91.5,67.02000001220703,37.7333332417806
9997,94.05,71.52000006103516,44.03333320109049
9998,91.0,65.03999991455078,35.79999984741211
9999,90.26,65.43999995117187,35.633333180745446
10001,73.57,45.31999995727539,15.399999994913737
10002,92.24,69.3799999633789,42.4000000406901
10003,93.27,70.59999990234375,42.633333251953125
10005,92.06,67.32000002441406,39.933333231608074
10006,88.6,62.840000006103516,31.733333333333334
10008,10.0,1.0,0.8333333320617676
10009,89.0,64.16000002441406,32.79999999491374
10010,88.61,62.51999991455078,30.666666651407876
10011,92.15,67.19999995117188,39.0
10012,89.93,64.88,34.99999988810222
10013,90.49,63.999999975585936,35.400000010172526
10014,91.9,67.79999991455078,39.4666667175293
10015,89.01,61.520000006103515,31.433333323160806
10016,91.89,68.34000002441407,41.03333317057292
10017,91.48,65.69999992675781,40.13333329264323
10019,91.72,64.55999993286133,38.366666727701826
10020,91.39,65.71999991455078,38.299999888102214
10021,92.0,68.2599999633789,39.733333333333334
10022,91.78,67.35999990234374,39.199999857584636
10023,88.73,64.0399999633789,33.666666646321616
10024,91.72,67.93999998779297,39.79999986775716
10025,89.1,62.799999987792965,32.23333331298828
10026,91.54,65.53999995117188,38.099999928792315
10027,92.58,68.63999997558594,40.43333333333333
10029,90.41,64.57999993896485,36.03333317057292
10030,92.06,67.81999987792969,39.26666669718424
10031,92.33,68.25999987792969,41.93333321126302
10032,79.57,44.41999993286133,24.566666610717775
10033,84.26,55.26,25.900000030517578
10034,90.19,66.46000006103516,37.3666665242513
10035,88.48,63.819999914550785,33.23333331298828
10036,92.78,69.45999991455078,42.599999979654946
10037,88.73,62.57999991455078,29.8666666208903
10038,92.05,67.2999999267578,39.199999938964844
10039,79.9,48.179999981689456,19.733333312988282
10041,92.4,68.23999987792969,42.36666670735677
10042,89.6,64.8800000366211,32.39999994913737
10043,75.05,41.73999994506836,19.433333353678385
10044,76.17,46.80000000610352,15.466666676839193
10045,92.19,67.78000002441406,40.09999983723959
10046,93.23,70.26,43.3666665242513
10047,92.16,67.00000002441406,40.06666650390625
10048,88.13,59.67999998779297,33.300000061035156
10049,92.01,68.99999996337891,40.93333319091797
10050,90.25,65.27999998168946,35.53333327229818
10051,92.09,67.41999997558594,40.93333338419596
10052,82.16,53.299999938964845,19.999999974568684
10053,90.18,64.13999999389648,36.1
10055,86.82,56.62000000610352,30.566666564941407
10056,92.29,66.99999999389648,38.36666651407877
10057,88.69,61.740000006103514,25.833333318074544
10058,80.35,50.37999998779297,21.566666595458983
10060,85.3,52.359999975585936,26.89999996439616
10061,89.52,64.79999991455078,36.599999928792315
10062,75.75,46.95999997558594,16.000000015258788
10064,91.47,66.59999986572265,39.3333332010905
10065,92.02,68.09999990234375,39.09999984741211
10066,92.83,70.65999993896484,44.833333353678384
10067,90.99,63.41999993896484,33.03333335367839
10069,92.34,69.50000006103515,43.39999986775716
10070,87.28,58.199999945068356,27.733333282470703
10071,92.05,69.83999987792969,42.79999985758464
10072,89.86,65.9400000366211,37.266666544596355
10074,85.8,52.85999993286133,26.36666659037272
10075,88.54,63.34000001220703,34.09999993387858
10076,91.04,66.15999996948243,24.43333334859212
10077,89.23,64.04000000610351,34.86666663614909
10078,91.4,65.73999991455078,33.33333319091797
10079,91.76,67.8199999633789,38.10000006103515
10080,91.4,65.63999995117187,38.166666534423825
10081,84.14,57.83999997558594,24.166666681925456
10082,91.93,66.98000003662109,38.86666653442383
10083,88.89,62.47999992675781,33.466666661580405
10084,92.22,66.93999993896485,38.6999999593099
10085,92.52,68.74000002441406,42.866666727701826
10086,93.62,70.71999987792968,44.89999987792969
10088,91.54,67.52000000610352,37.933333170572915
10089,88.88,63.399999993896486,32.799999888102214
10090,72.89,43.939999926757814,14.766666661580404
10091,90.16,65.99999986572266,37.133333180745446
10092,91.66,67.71999993896485,39.66666667683919
10093,55.51,29.560000006103515,11.899999972025553
10094,73.81,43.81999997558594,14.333333302815754
10095,92.42,68.75999992675781,41.8333332010905
10096,92.22,69.07999986572266,41.59999994913737
10097,89.86,63.30000000610352,33.999999908447265
10098,90.95,65.65999987792969,34.69999994913737
10099,79.63,50.72,21.199999928792316
10100,86.62,57.139999963378905,28.03333332824707
10101,92.58,67.94000001220704,42.366666615804036
10102,77.94,44.80000001831055,22.23333327738444
10103,91.27,64.33999992675781,27.49999994405111
10105,92.31,68.71999997558594,36.266666727701825
10106,79.51,50.21999993896485,20.800000020345053
10107,92.22,66.96000006103516,39.93333318074544
10108,92.09,67.23999998779297,39.66666668701172
10109,92.01,67.22000003662109,40.33333337402344
10110,87.76,59.14,30.299999964396157
10111,92.23,68.30000002441406,40.59999989827474
10112,92.07,66.78000004882813,40.43333327229818
10113,92.35,67.1600000366211,39.43333333333333
10114,92.48,68.78000004882813,42.26666668701172
10115,91.09,66.29999993896485,40.96666650390625
10116,75.61,46.619999987792966,15.43333332824707
10117,91.03,67.32000001220703,38.86666669718424
10118,92.62,69.02000004882812,44.03333335367839
10119,92.65,69.11999987792969,42.96666650390625
10120,10.0,1.0,0.8333333326975505
10122,91.23,66.04000004882812,39.233333201090495
10123,92.31,67.98000000610351,39.56666661580404
10124,90.35,66.24000004882812,39.53333332316081
10125,91.26,67.95999991455078,36.099999928792315
10126,92.37,67.26000004882812,40.96666660563151
10127,91.53,68.25999995117188,40.59999994913737
10130,89.49,61.839999938964844,33.79999994913737
10132,86.38,58.51999996337891,26.699999979654947
10133,88.73,63.080000048828126,32.8666666615804
10134,86.67,58.30000002441406,28.666666681925456
10135,91.38,67.15999998168945,38.166666646321616
10136,91.14,66.1600000366211,37.599999908447266
10137,92.06,66.86000001220702,39.066666697184246
10138,93.2,69.65999996337891,43.63333335367839
10139,91.28,66.47999991455079,35.29999994913737
10140,72.94,44.699999938964844,14.49999996693929
10141,91.08,65.94000000610352,38.366666727701826
10142,88.72,61.719999975585935,32.63333336385091
10143,79.83,49.15999997558594,20.099999959309894
10144,92.3,68.39999995117188,42.500000020345055
10145,90.42,64.15999998779297,34.199999964396156
10146,86.43,58.23999996337891,28.366666661580403
10147,89.78,64.41999986572266,32.86666663106283
10148,70.25,40.499999966430664,13.400000002543132
10149,88.9,62.9,33.833333170572914
10150,93.02,69.31999998779297,45.16666668701172
10151,75.85,47.33999998779297,15.33333332824707
10152,92.56,68.03999993896484,41.36666662597656
10153,92.45,69.13999991455078,43.66666660563151
10154,94.15,71.9400000366211,45.96666658528646
10155,93.54,70.38000001220703,43.46666665649414
10156,92.64,68.45999998779297,43.166666524251305
10157,87.6,58.63999993896484,32.266666615804034
10158,88.4,63.48000002441406,33.13333326721192
10159,91.18,67.53999987792969,40.566666646321615
10160,68.37,40.12,13.233333333333333
10161,88.55,62.76000000610352,32.96666655476888
10162,91.96,67.26000004882812,40.20000001017252
10163,84.24,57.079999926757814,17.29999998219808
10164,91.51,66.31999991455078,37.99999985758463
10166,88.31,63.320000036621096,33.333333221435545
10167,92.19,66.57999995117187,40.06666661580404
10168,93.1,70.68000004882812,45.099999918619794
10169,88.47,59.69999998168945,22.299999989827473
10170,91.22,65.85999998779297,37.499999908447265
10171,89.22,66.01999996337891,35.33333339436849
10172,92.71,70.31999986572265,43.96666664632161
10173,88.37,60.78000006103515,28.766666646321614
10174,69.03,41.3999999633789,13.833333297729492
10175,91.94,67.03999986572266,39.29999995930989
10176,88.2,63.0,32.03333335367839
10177,90.41,62.86,36.36666663614909
10178,90.86,65.31999993896484,39.300000010172525
10179,93.06,69.59999989013671,41.76666667683919
10180,92.32,68.75999986572266,42.73333329264323
10181,88.85,62.920000006103514,31.3666665242513
10182,66.1,36.69999998779297,13.56666663869222
10183,87.07,59.17999998779297,33.533333302815755
10184,86.56,60.280000024414065,27.53333334350586
10185,92.51,67.62000004882813,41.633333272298174
10186,92.69,68.91999996337891,41.36666650390625
10187,76.3,47.89999994506836,15.499999994913736
10188,93.43,69.91999986572266,43.099999979654946
10189,93.78,71.59999992675782,45.199999877929685
10190,88.42,62.21999995117187,32.0666666208903
10191,93.08,68.81999997558594,43.066666646321615
10192,93.63,70.29999997558593,43.933333292643226
10193,91.14,65.72000002441406,37.96666666666667
10194,92.78,68.51999992675782,41.03333333333333
10195,75.65,45.499999963378905,16.000000020345052
10196,80.27,50.83999998168945,21.666666633605956
10198,92.44,68.21999998779297,42.13333317057292
10199,92.36,68.67999986572265,42.3000000406901
10200,93.45,70.69999986572266,44.26666655476888
10201,86.89,61.87999996948242,28.833333282470704
10202,89.52,61.31999998779297,35.733333262125655
10203,91.63,63.63999992675781,35.73333334350586
10204,75.68,46.5,15.733333315531413
10205,88.85,63.73999998779297,33.0999999593099
10207,91.08,66.40000004882812,37.29999986775716
10208,89.67,64.64000004882813,37.39999991861979
10209,88.76,62.39999995727539,32.70000001017252
10210,91.81,67.08000004882813,39.26666653442383
10211,10.0,0.9999999996185303,0.8333333320617676
10212,92.52,68.80000002441406,40.66666661580404
10214,89.32,64.47999998168946,34.0333332824707
10215,92.92,69.13999995117187,41.96666654459636
10216,91.41,65.3799999633789,37.4333332417806
10217,93.54,70.13999996337891,45.09999986775716
10218,91.21,67.57999986572266,37.66666663614909
10219,92.06,66.59999993896484,39.20000004069011
10220,92.09,67.39999998779297,37.86666663614909
10221,85.9,56.86000001220703,27.53333327738444
10222,86.92,58.37999991455078,27.500000020345052
10223,79.89,50.58000001831055,21.06666667175293
10224,89.86,64.83999993896484,34.29999992879232
10225,92.11,66.55999989013672,38.03333320109049
10226,84.99,57.07999998779297,16.299999918619793
10227,87.88,58.00000000610351,29.8666665242513
10228,91.89,67.5599999633789,39.3
10229,91.12,66.83999998779296,37.79999986775716
10230,93.11,69.87999987792969,44.566666575113935
10232,89.31,63.15999996337891,33.63333325703939
10233,93.38,70.43999998779297,44.26666670735677
10234,91.09,65.15999998779297,36.4333332010905
10235,91.88,65.13999998779298,38.76666667683919
10236,86.16,54.83999996337891,26.66666660563151
10237,89.28,62.659999938964845,34.43333327229818
10238,88.45,61.66000002441406,30.299999928792317
10240,86.47,58.799999932861326,28.36666665140788
10242,91.16,63.73999997558594,22.33333336385091
10243,92.06,67.82000001220703,40.066666707356774
10244,93.02,70.25999995117188,43.399999959309895
10245,92.18,67.91999995117187,39.83333318074544
10246,92.11,67.76,39.599999979654946
10247,91.23,64.9799999572754,36.666666656494144
10248,89.4,62.839999993896484,34.86666659037272
10249,91.5,66.14000001220703,40.766666544596355
10250,91.15,66.66000002441406,37.53333332316081
10251,85.82,54.23999996948242,26.299999928792317
10252,84.28,50.479999938964845,22.633333353678385
10253,89.43,62.62000000610352,34.93333319091797
10254,80.65,47.179999981689456,26.166666631062824
10255,92.2,67.6199999633789,40.23333337402344
10256,92.09,68.43999996337891,39.066666707356774
10257,89.05,62.72000002441406,31.99999986775716
10258,92.14,66.58,39.699999857584636
10259,89.68,63.83999998168945,33.29999996948242
10260,88.4,63.820000036621096,32.633333251953125
10261,86.56,60.359999963378904,28.49999994913737
10262,88.59,61.68,32.2333332824707
10263,91.73,67.67999992675782,38.599999857584635
10264,84.7,57.779999969482425,17.76666658528646
10265,91.67,67.4000000366211,38.533333251953124
10266,10.0,1.0,0.8333333307902018
10267,92.17,67.85999999389648,40.433333302815754
10268,92.18,68.89999997558594,42.59999983723959
10269,90.01,66.39999995117188,37.79999990844727
10270,10.0,1.0,0.8333333320617676
10271,92.76,69.29999997558593,42.39999984741211
10272,92.67,68.26000004882812,41.56666667683919
10273,10.0,0.9999999988555908,0.8333333320617676
10275,90.73,67.06000002441407,37.79999989827474
10276,91.56,66.41999998168946,40.033333363850915
10277,92.64,69.04000004882812,41.200000061035155
10278,91.45,66.57999986572266,37.666666595458985
10279,93.66,69.52000006103516,43.999999979654945
10280,89.32,64.69999996948242,33.433333267211914
10282,78.15,43.69999997558594,22.3666666208903
10283,76.49,43.600000018310546,22.733333251953123
10284,10.0,1.0,0.8333333333333334
10285,90.42,64.3000000366211,34.29999993387858
10286,88.29,62.01999996337891,29.666666666666668
10287,92.05,66.87999991455078,39.43333327229818
10288,88.67,62.59999998168945,32.73333326721191
10289,89.88,64.0200000366211,36.066666585286455
10290,92.31,69.73999998779297,42.36666657511393
10291,90.97,65.39999998779297,36.499999908447265
10292,78.53,43.100000018310546,21.966666615804037
10293,86.47,58.26000002441406,28.066666636149087
10294,75.79,45.49999993286133,15.933333287556966
10295,92.09,67.80000004882812,38.13333339436849
10296,86.26,56.21999995117187,27.96666663614909
10297,92.15,68.47999991455079,40.13333334350586
10298,90.4,66.2,37.83333337402344
10299,76.07,46.16000001220703,16.166666631062824
10300,89.7,64.48000001220703,34.23333331298828
10301,10.0,0.9999999992370605,0.8333333320617676
10302,75.61,46.61999998168945,16.133333267211913
10303,91.07,65.61999998779297,28.966666610717773
10304,10.0,0.9999999992370605,0.8333333320617676
10305,89.59,64.18000001220703,35.33333336385091
10306,85.49,55.89999995117188,25.533333318074543
10307,84.89,54.739999957275394,22.69999994913737
10308,92.4,67.57999989013672,40.73333325195313
10309,87.75,60.98000002441406,31.266666564941406
10311,91.33,66.88000002441406,39.699999877929685
10312,78.89,44.75999996337891,21.733333282470703
10313,90.86,68.26000002441407,40.69999996948242
10314,92.13,68.77999987792968,40.53333333333333
10315,93.71,70.83999997558594,44.83333323160807
10316,87.84,57.599999963378906,30.566666595458983
10317,75.2,46.87999998779297,15.999999918619793
10318,90.08,66.49999997558594,37.399999959309895
10320,79.38,49.78000000610351,19.866666595458984
10322,56.49,30.259999996948242,11.933333320617676
10323,92.08,67.44000000610352,40.23333321126302
10324,93.56,70.07999998779297,45.33333339436849
10325,91.23,66.27999998779296,35.800000010172525
10326,92.62,68.32,40.933333302815754
10327,80.13,50.739999957275394,16.733333251953123
10328,92.44,67.48000001220703,41.133333312988285
10329,92.26,69.02000004882812,42.40000005086263
10330,74.24,43.83999995727539,14.99999998219808
10331,92.03,68.09999995727539,43.399999837239584
10332,91.85,66.78000000610352,40.033333241780596
10333,89.02,63.339999951171876,32.83333327229818
10334,92.18,68.1200000366211,39.69999989827474
10336,90.08,64.74,35.666666595458985
10338,74.01,44.299999938964845,15.399999959309897
10339,87.56,59.41999992675781,26.966666651407877
10340,88.79,62.37999996948242,31.73333332824707
10341,84.49,55.94000001831055,26.53333334350586
10342,90.85,65.61999991455077,33.33333331298828
10343,91.19,64.84000002441407,32.93333325195312
10344,89.13,64.20000001220703,34.80000002034505
10345,88.96,63.49999992675781,32.53333329772949
10346,91.83,67.08000006103515,38.633333201090494
10347,91.28,66.0200000366211,37.36666650390625
10348,91.42,64.59999995117188,40.46666664632161
10349,86.99,56.55999998168945,28.399999938964843
10350,91.62,66.1599999267578,38.59999987792969
10351,90.43,64.80000000610352,35.666666595458985
10352,91.21,65.57999995117187,37.33333327229818
10353,92.24,66.55999993896485,39.533333374023435
10354,87.84,61.04,29.133333287556965
10355,91.8,66.95999998779297,34.09999988810221
10356,92.32,69.67999990234375,43.299999938964845
10357,80.47,50.8,21.63333329264323
10358,89.01,64.52,33.49999986775716
10361,89.18,62.52000004882812,32.933333292643226
10362,87.95,59.91999997558594,33.60000006103515
10363,90.2,65.08000006103515,36.16666650390625
10364,83.94,57.179999963378904,24.56666668701172
10365,91.44,67.42000001220703,38.90000005086263
10366,89.36,63.920000024414065,34.19999997965495
10367,75.7,46.939999993896485,16.433333338419597
10368,80.95,51.17999993896484,21.166666610717773
10369,92.6,68.29999996337891,41.36666669718424
10371,75.98,46.55999993286133,15.89999996693929
10372,90.94,65.72000000610352,37.166666646321616
10373,87.42,58.41999996948242,33.06666660054525
10374,89.65,63.64000001220703,33.466666625976565
10376,85.71,56.839999951171876,16.566666664123535
10377,91.05,65.72000006103515,38.76666653442383
10378,84.9,57.85999999389649,17.666666664123536
10379,90.87,65.54000002441406,39.73333332316081
10380,90.96,64.90000001220703,32.933333257039386
10382,90.46,67.11999992675781,37.73333336385091
10383,92.12,67.45999986572265,39.79999998982748
10384,88.82,61.47999996948242,31.566666600545247
10385,92.46,67.66,39.633333272298174
10386,84.66,56.22,16.466666585286458
10387,80.59,49.11999994506836,19.299999959309897
10388,92.07,68.78000004882813,38.49999994913737
10389,92.59,68.57999997558593,41.9333332417806
10390,89.01,63.8,33.966666600545246
10391,91.03,64.92000002441407,34.366666600545244
10392,90.91,65.85999997558594,35.63333323160807
10393,91.2,65.84000000610351,37.466666636149085
10394,90.64,63.45999998779297,36.733333333333334
10395,93.26,69.33999992675781,44.099999918619794
10396,91.95,67.12000006103516,39.23333332316081
10397,90.34,67.29999998779297,37.13333330281576
10398,86.8,60.35999999389649,27.666666666666668
10399,84.19,53.79999994506836,22.13333327738444
10401,73.3,45.20000001831055,14.866666633605957
10402,90.19,64.87999991455078,38.499999959309896
10403,86.55,58.54000001220703,28.066666666666666
10404,79.93,47.24,17.799999989827473
10405,90.19,63.03999998779297,37.33333323160807
10406,91.08,66.06,39.49999991861979
10407,88.52,62.179999914550784,33.73333329264323
10408,87.27,60.53999996948242,26.833333262125652
10409,92.09,68.12000006103516,40.166666646321616
10410,89.17,62.59999992675781,32.533333231608076
10411,92.79,69.43999997558593,42.633333201090494
10412,93.53,69.77999992675781,43.73333331298828
10413,91.15,65.57999997558593,37.2666665649414
10414,92.51,68.86000006103515,41.866666564941404
10415,86.59,53.15999995727539,25.166666651407876
10416,91.28,66.99999998779298,38.56666662597656
10417,89.57,65.13999996337891,34.500000020345055
10418,91.38,66.03999998168945,39.16666650390625
10419,86.27,53.29999996337891,26.333333262125652
10420,87.35,60.84,29.866666681925455
10421,82.91,56.17999993896484,21.766666666666666
10422,92.04,66.7,38.43333333333333
10423,84.7,57.199999938964844,17.60000000508626
10424,92.09,66.87999991455078,37.733333394368486
10425,92.83,69.83999993896484,43.966666514078774
10426,92.03,67.19999992675781,38.96666666666667
10427,91.31,65.08,37.466666636149085
10428,93.24,69.62000006103516,44.96666658528646
10429,89.29,65.3000000366211,35.53333329264323
10430,90.46,66.65999995117187,37.93333333333333
10431,87.0,57.979999932861325,28.033333302815755
10432,82.27,54.89999993896485,20.06666664123535
10433,86.55,58.219999975585935,28.566666636149087
10434,89.46,61.319999914550785,32.53333331298828
10435,75.38,46.959999963378905,16.066666600545247
10437,79.39,51.19999995727539,21.39999996439616
10438,86.73,55.77999993896484,27.899999938964843
10440,88.72,61.920000006103514,32.46666660563151
10441,89.61,65.17999996948242,36.766666615804034
10442,92.06,66.56,39.06666653442383
10443,92.01,68.29999998168945,38.633333272298174
10444,90.39,64.69999995117188,34.600000040690105
10445,90.83,67.77999992675781,37.5666665242513
10446,91.92,68.79999993896485,42.23333317057292
10447,88.88,61.500000018310544,31.166666651407876
10448,10.0,0.9999999992370605,0.8333333320617676
10449,10.0,0.9999999996185303,0.8333333326975505
10450,87.19,57.460000024414065,26.033333287556967
10451,75.66,47.13999992675781,15.69999996439616
10452,80.49,50.86000002441406,17.16666663614909
10453,87.54,57.820000024414064,31.066666676839194
10454,91.88,66.84000004882813,38.033333374023435
10455,71.65,34.59999999694824,16.966666610717773
10456,89.14,64.08000000610352,34.29999998982748
10457,88.01,58.86,20.69999996439616
10458,88.89,62.66000002441406,33.33333332316081
10459,91.85,67.8399999633789,40.13333326212565
10460,92.74,69.13999999389648,44.49999987792969
10461,87.23,57.90000000610352,29.599999969482422
10462,84.05,54.81999997558594,26.166666697184244
10463,91.88,67.01999995117187,39.76666664632162
10464,61.05,31.76,13.966666676839193
10465,86.55,58.479999932861325,27.766666620890298
10466,91.16,68.06000002441407,42.06666659545898
10467,69.17,40.939999975585934,14.233333300272625
10468,92.48,68.95999992675782,40.96666654459636
10469,86.68,59.41999996948242,27.733333287556967
10470,57.4,28.939999975585938,12.2
10471,79.97,49.41999992675781,17.933333282470702
10472,92.04,67.53999992675782,39.833333333333336
10473,76.15,46.959999963378905,15.99999993387858
10474,91.96,66.91999992675781,38.59999993896484
10475,89.66,64.69999992675781,38.3666665242513
10477,75.92,46.94000002441406,15.199999979654947
10478,74.65,39.41999994506836,18.33333336385091
10479,92.59,66.9399999267578,41.033333241780596
10480,92.21,67.7599999633789,36.46666670735677
10481,76.14,47.06,15.699999994913737
10482,88.81,63.740000024414066,33.13333322143555
10483,76.65,45.179999969482424,15.333333300272624
10484,93.81,69.99999987792968,44.13333339436849
10485,86.21,54.90000000610352,29.13333326212565
10486,93.19,70.57999997558593,43.43333332316081
10487,90.39,64.21999997558594,33.500000030517576
10488,88.65,62.939999987792966,32.19999993387858
10489,91.38,66.25999992675781,36.86666653442383
10490,79.91,42.699999945068356,17.766666676839193
10491,86.26,58.5799999633789,27.63333326212565
10492,88.94,63.22,32.96666660563151
10493,91.93,68.57999999389648,41.06666668701172
10494,79.09,49.90000000610352,18.89999996439616
10495,89.8,63.41999998779297,33.93333331298828
10496,93.27,68.58000003662109,43.03333322143555
10497,89.82,63.540000036621095,34.86666659545899
10498,89.94,63.87999998779297,34.100000040690105
10499,91.29,67.72000003662109,40.53333321126302
10500,92.58,68.62000004882813,40.49999988810222
10501,90.67,65.13999997558594,34.33333329264323
10502,88.53,62.47999996337891,31.599999933878582
10503,89.3,64.0,33.19999989827474
10504,92.12,67.3399999633789,39.93333338419596
10505,86.49,60.05999997558594,26.06666660563151
10506,88.85,63.14000001220703,32.7
10507,89.56,64.18000001220703,34.79999997965495
10508,10.0,0.9999999996185303,0.8333333326975505
10509,88.33,57.779999969482425,31.999999979654948
10510,92.43,68.70000002441407,39.46666650390625
10511,91.84,68.14000004882813,42.56666663614909
10512,86.97,60.759999981689454,28.36666655476888
10513,90.91,65.11999997558594,35.733333201090495
10514,92.05,66.56,38.79999998982748
10515,89.75,65.43999991455078,37.36666662597656
10516,75.47,46.8,15.066666615804037
10517,91.61,67.49999992675781,40.13333321126302
10518,92.15,67.24000006103516,38.63333321126302
10519,86.67,54.460000018310545,27.533333272298176
10520,10.0,0.9999999992370605,0.8333333320617676
10521,92.58,69.51999986572265,40.66666654459635
10522,76.1,47.12000002441406,16.433333267211914
10524,91.13,63.740000006103514,32.1999999593099
10525,91.09,67.53999993896484,37.73333319091797
10526,88.11,58.319999981689456,32.76666667683919
10527,92.2,68.53999998779297,41.19999988810221
10528,79.74,49.49999995117187,19.033333353678387
10529,92.25,67.39999993896484,39.56666655476888
10530,80.81,50.95999995117187,21.23333334350586
10531,91.66,66.78000003662109,38.76666670735677
10532,82.97,51.079999938964846,21.43333326212565
10533,90.24,64.03999992675782,28.799999918619793
10534,92.34,67.95999997558594,38.466666564941406
10535,88.5,62.43999996948242,32.099999918619794
10536,79.1,50.49999993896484,20.633333315531413
10537,87.47,55.780000018310545,31.033333221435548
10538,89.23,61.47999995727539,32.33333332316081
10539,90.31,64.8399999633789,35.566666646321615
10540,92.67,67.75999987792969,40.23333331298828
10541,92.85,68.7399999633789,42.43333318074544
10542,89.08,62.14000000610351,31.633333267211913
10543,86.24,58.65999998779297,28.799999964396157
10544,88.67,63.74,33.9
10546,93.26,69.12000001220703,43.63333322143555
10547,88.42,63.720000036621094,33.63333333333333
10548,92.5,68.52000001220703,41.999999979654945
10549,88.36,61.88000003662109,31.86666655476888
10550,90.18,64.9,36.19999999491374
10552,93.43,68.77999992675781,43.53333335367839
10553,92.44,68.33999998168946,40.033333241780596
10554,92.05,67.99999997558594,40.7
10555,75.56,46.37999993896484,15.633333287556965
10556,92.42,69.04000001220703,43.8333332417806
10557,91.63,67.27999998168946,38.30000003051758
10558,72.88,45.319999969482424,14.366666600545248
10559,89.38,65.31999987792969,33.73333330281576
10560,93.04,70.39999997558594,42.699999857584636
10561,85.51,50.95999993896484,26.06666668701172
10562,91.82,67.68000004882812,38.16666672770182
10564,93.25,68.17999998779297,43.86666658528646
10565,92.22,68.15999998779297,42.06666653442383
10566,81.77,50.619999926757814,20.499999966939292
10567,89.01,61.299999987792965,33.066666697184246
10568,92.85,69.13999997558594,42.19999991861979
10569,79.45,48.54000001220703,19.13333329264323
10570,85.17,52.35999999389649,26.33333334350586
10571,58.58,31.97999999694824,12.6
10572,92.91,68.32000002441406,44.19999997965495
10574,91.8,68.08000006103515,40.93333337402344
10576,10.0,0.9999999996185303,0.8333333314259846
10577,91.61,69.11999995117188,41.69999983723958
10579,75.56,47.17999995727539,15.799999982198079
10580,91.39,66.07999992675781,36.06666650390625
10581,89.21,63.54000000610352,32.89999998982747
10582,86.21,58.05999998779297,28.23333329264323
10583,91.21,68.53999989013671,35.733333297729494
10584,91.75,66.28,38.766666595458986
10586,76.61,46.259999975585934,15.133333297729493
10587,84.46,57.48000002441406,23.766666631062826
10588,92.46,68.44000000610352,42.93333319091797
10589,85.25,56.479999938964845,24.666666681925456
10590,91.77,67.6000000366211,38.9
10591,88.87,61.57999991455078,31.933333353678385
10592,87.62,58.180000018310544,32.39999996948242
10594,91.81,67.51999995117187,41.46666660563151
10595,92.55,67.11999987792969,41.7333332417806
10596,92.3,67.69999991455079,38.533333374023435
10597,91.36,67.96000001220703,40.499999908447265
10599,87.13,55.15999996337891,27.799999984741213
10600,90.21,65.26000001220703,36.39999998982747
10601,75.63,46.35999998779297,16.1333332824707
10602,75.78,46.25999995727539,14.899999994913737
10603,93.93,71.45999989013671,45.06666665649414
10604,91.88,67.0,38.79999986775716
10605,92.63,67.25999995117188,41.66666660563151
10606,91.04,64.87999995117187,36.36666664632161
10608,92.17,67.0599999572754,38.53333319091797
10609,79.19,42.55999992675781,22.73333334350586
10610,87.75,58.619999926757814,31.13333332824707
10612,89.52,65.81999986572265,35.96666666666667
10613,89.85,65.87999991455078,37.93333332316081
10614,89.75,64.22000000610352,32.13333332824707
10615,92.38,67.68000001220703,41.63333334350586
10616,92.78,68.71999997558594,40.06666654459635
10617,92.38,66.2,30.89999999491374
10618,88.91,62.54000000610352,32.76666669718424
10619,76.75,44.53999993286133,20.86666667683919
10620,92.97,69.77999996337891,42.33333327229818
10621,92.18,66.73999993896484,40.366666676839195
10622,72.48,43.23999993896484,14.8666666208903
10623,89.23,62.4,34.699999928792316
10624,92.47,68.56000004882813,42.49999998982747
10625,61.71,33.76000000305176,13.633333315531413
10626,10.0,0.9999999996185303,0.8333333326975505
10627,90.84,68.10000004882812,39.43333327229818
10628,91.78,67.10000000610351,41.23333334350586
10629,89.94,64.05999991455079,33.999999923706056
10630,92.16,68.11999990234375,39.16666667683919
10631,92.75,69.18,42.033333231608076
10633,92.43,67.63999986572266,38.966666514078774
10634,89.65,65.32000000610351,35.73333325195313
10635,92.64,69.0999999633789,42.93333332316081
10638,10.0,0.9999999992370605,0.8333333326975505
10639,91.6,67.2400000366211,39.166666666666664
10640,92.54,68.19999993896485,43.199999857584636
10641,92.65,69.71999998779297,43.13333323160807
10642,80.21,46.7,17.200000005086263
10643,86.85,57.959999969482425,28.69999994913737
10644,86.21,57.76000000610352,25.033333323160807
10645,82.01,54.34000002441406,21.199999928792316
10646,91.18,65.03999996948242,36.09999986775716
10647,90.65,66.71999993896485,38.199999989827475
10648,91.83,67.45999986572265,39.36666664632161
10649,92.3,68.97999986572266,43.76666650390625
10650,91.63,68.12000001220703,39.13333330281576
10651,87.71,57.27999993286133,32.19999988810221
10652,75.82,47.39999993286133,15.866666661580403
10653,87.15,52.91999994506836,26.933333302815754
10655,89.44,64.77999999389648,35.39999996948242
10656,92.29,68.0200000366211,42.199999989827475
10657,86.43,55.399999975585935,27.133333272298177
10658,93.54,70.79999993896485,42.33333331298828
10659,10.0,0.9999999996185303,0.8333333326975505
10660,91.62,66.77999995117187,39.533333241780596
10661,92.16,68.3800000366211,38.100000040690105
10662,84.92,56.65999996337891,17.10000001525879
10663,92.29,68.13999991455078,39.49999998982747
10664,75.85,46.83999995727539,15.999999964396158
10665,91.14,65.61999991455077,34.96666660563151
10666,92.55,68.6200000366211,42.266666605631514
10667,91.56,67.39999989013671,39.09999983723959
10668,90.22,65.51999989013672,37.2666665649414
10669,84.67,53.560000024414066,27.366666636149088
10670,92.5,68.99999998779298,43.30000003051758
10671,90.51,64.45999993896484,35.23333332824707
10672,83.91,55.139999963378905,26.69999996439616
10673,86.16,57.88000002441406,28.266666625976562
10674,92.05,67.13999998168946,39.033333363850915
10675,75.87,47.099999951171874,15.799999982198079
10677,10.0,1.0,0.8333333326975505
10678,92.29,68.33999998168946,42.36666664632161
10679,88.99,62.920000006103514,31.66666660054525
10680,86.94,58.36000000610352,27.73333326212565
10681,89.88,64.59999998779297,35.79999986775716
10682,88.28,61.34000003662109,29.399999959309895
10683,92.3,66.60000002441406,39.3000000406901
10684,92.69,69.63999993896485,41.2333332824707
10685,91.33,65.44000001220704,32.46666658528646
10686,91.43,67.05999995117187,38.73333317057292
10687,92.75,69.21999989013672,43.000000040690104
10688,90.87,65.29999993896485,36.333333353678384
10689,90.79,66.39999992675781,37.23333337402344
10690,90.64,64.64000006103515,35.333333353678384
10691,92.05,67.34000002441407,38.56666650390625
10692,89.21,61.77999999389648,32.899999959309895
10693,68.02,39.8999999633789,13.099999969482422
10694,92.56,69.43999996337891,42.233333272298175
10695,92.09,68.61999995117188,39.03333322143555
10696,76.07,46.259999981689454,15.166666651407878
10697,73.42,44.439999987792966,14.466666653951009
10698,88.35,61.03999995727539,31.799999908447266
10700,89.0,61.27999997558594,33.366666651407876
10701,88.04,58.37999994506836,32.26666665649414
10702,88.03,59.43999995727539,21.36666667175293
10703,93.43,69.35999992675781,43.900000010172526
10704,91.72,67.6000000366211,38.39999990844726
10705,90.92,63.81999994506836,37.33333318074544
10706,91.96,68.43999991455078,40.8333332417806
10707,92.13,66.87999986572265,39.66666669718425
10708,73.75,40.89999996948242,18.89999996439616
10710,91.55,65.69999996948242,40.13333339436849
10711,91.68,66.32000004882812,39.86666651407877
10712,67.94,37.72000001220703,15.4666666208903
10713,10.0,0.9999999988555908,0.8333333326975505
10714,86.85,58.359999975585936,28.466666676839193
10715,93.96,71.81999987792969,46.066666717529294
10716,81.1,49.81999997558594,17.133333302815757
10717,75.96,45.65999998779297,16.43333331298828
10718,91.61,67.45999991455078,41.300000010172525
10719,90.3,64.24,37.533333231608076
10720,90.97,67.13999992675781,39.73333330281576
10722,90.87,64.49999998779298,36.09999988810221
10723,90.32,65.08000003662109,37.06666662597656
10724,89.76,61.59999997558594,33.7666665649414
10725,91.76,67.53999997558594,40.26666664632162
10726,87.09,56.32000001220703,30.833333282470704
10727,91.05,65.67999997558594,35.266666727701825
10728,89.77,63.45999992675781,33.933333353678385
10729,91.97,67.34000001220703,38.56666660563151
10730,88.32,60.3,32.5666665242513
10731,92.11,67.72000003662109,38.633333312988285
10732,92.44,68.89999987792969,43.89999984741211
10734,91.93,67.38000000610351,40.13333330281576
10735,92.48,68.43999996337891,40.66666668701172
10736,88.62,62.32000000610351,32.59999988810221
10737,92.49,68.45999995117188,43.16666672770182
10738,76.91,36.19999996337891,20.666666595458985
10740,76.11,46.86,15.19999999745687
10741,83.98,52.11999994506836,21.19999995422363
10742,91.69,66.97999993896484,40.63333336385091
10743,80.64,48.19999999389648,18.33333329264323
10744,89.25,61.62000001831055,33.4666665242513
10745,76.1,46.95999993286133,16.06666663360596
10746,90.34,64.39999992675781,36.89999986775716
10747,93.43,70.43999990234374,44.2333332824707
10748,89.74,64.7400000366211,35.666666656494144
10750,93.85,70.91999993896485,44.60000005086263
10751,89.49,63.259999981689454,34.83333327229818
10752,93.23,68.77999993896485,44.69999991861979
10753,91.46,67.1599999267578,37.86666657511393
10754,91.36,66.28000004882813,39.96666660563151
10755,79.97,44.84,27.233333287556967
10756,89.78,62.13999991455078,35.33333319091797
10757,88.58,61.44000000610352,32.43333334350586
10758,90.94,66.37999992675782,35.6
10759,75.6,46.08000002441406,16.066666615804035
10760,91.55,65.51999996337891,37.599999979654946
10761,91.44,68.35999987792968,39.300000010172525
10762,10.0,0.9999999992370605,0.8333333320617676
10763,86.99,56.199999938964844,29.5666666208903
10764,91.41,68.22000002441406,35.166666656494144
10765,78.57,43.39999994506836,22.36666667175293
10766,55.73,29.85999998168945,11.6
10768,88.8,64.86000001220702,36.86666650390625
10769,89.71,64.08000000610352,33.26666667683919
10772,92.09,68.0400000366211,39.233333394368486
10773,89.95,64.09999999389649,34.233333333333334
10774,92.25,67.71999995117187,41.433333231608074
10775,87.26,56.69999995727539,30.933333251953126
10776,87.52,55.959999963378905,30.23333327229818
10777,92.3,66.80000000610352,39.199999857584636
10778,92.14,68.83999995117188,42.366666544596356
10780,91.01,65.23999999389649,36.233333221435544
10781,92.57,69.14000006103515,45.20000001017252
10782,90.91,65.95999995117188,36.43333339436849
10783,91.61,66.54000006103516,40.13333321126302
10784,89.31,64.93999986572265,34.8
10785,91.17,65.71999995117187,37.43333339436849
10786,91.61,67.26000002441407,39.89999989827474
10787,86.96,58.41999994506836,28.63333326212565
10788,92.86,68.79999997558593,42.76666670735677
10789,89.46,64.2400000366211,35.46666657511393
10790,91.85,67.84000003662109,39.766666615804034
10791,92.46,68.59999995117188,41.133333180745446
10792,92.93,70.17999992675782,44.69999984741211
10794,92.58,69.08000002441406,42.16666657511393
10795,89.48,63.859999963378904,35.53333329772949
10796,87.34,57.17999995727539,31.53333329772949
10797,86.47,58.05999996948242,28.466666697184245
10798,89.01,64.67999992675782,34.46666658528646
10799,88.61,61.320000036621096,33.3666665242513
10800,88.75,61.85999996948242,21.40000001525879
10801,76.11,46.83999997558594,15.199999994913737
10802,89.66,65.13999991455078,36.03333332316081
10805,92.59,68.83999995117188,43.06666660563151
10807,87.49,60.57999994506836,31.86666658528646
10808,89.6,64.21999996948242,37.233333201090495
10809,92.3,69.02000004882812,42.13333336385091
10810,78.42,43.399999981689454,22.53333327738444
10811,92.9,70.5399999633789,44.133333323160805
10812,87.47,60.339999993896484,26.79999997965495
10813,89.29,65.29999996337891,35.33333325195313
10814,87.88,59.28,31.933333251953126
10815,88.9,61.51999998779297,32.23333334350586
10816,91.86,67.09999997558593,38.30000003051758
10817,80.01,49.77999998168945,20.49999994405111
10818,92.14,68.04000006103516,39.43333337402344
10819,84.78,57.900000036621094,19.99999994913737
10820,91.9,66.17999995117188,39.13333322143555
10821,87.77,58.399999926757815,29.599999964396158
10822,91.89,67.34,38.36666664632161
10823,80.7,49.59999994506836,19.166666676839192
10824,91.01,65.23999993286132,37.39999992879232
10825,92.09,68.84000003662109,41.333333343505856
10826,90.19,65.38000002441406,36.19999989827474
10827,92.21,67.63999995117187,40.33333337402344
10828,91.77,67.84000003662109,40.13333339436849
10829,92.51,66.89999997558594,43.333333282470704
10830,62.13,34.14,13.899999982198079
10831,90.89,65.72000001220704,36.36666663614909
10832,86.34,54.859999926757816,27.99999996439616
10833,91.91,67.41999995117187,38.16666656494141
10834,73.87,44.599999957275394,14.76666663869222
10835,93.73,71.03999997558594,44.59999989827474
10836,91.98,68.13999992675781,38.899999837239584
10837,92.14,68.35999992675781,37.93333325195312
10839,91.56,67.63999987792968,38.33333326212565
10840,91.52,65.16000002441406,33.533333231608076
10841,88.86,63.54000001220703,34.43333333333333
10842,88.65,61.95999999389648,30.03333334350586
10843,80.68,50.94000001220703,21.56666664123535
10844,93.1,69.70000002441407,44.26666668701172
10845,91.84,66.57999997558593,38.89999993896485
10846,79.52,50.139999981689456,20.566666595458983
10847,92.05,67.34000000610351,39.13333329264323
10848,80.8,47.97999996948242,19.16666668701172
10849,78.57,42.66000001831055,22.166666671752928
10850,85.89,54.26000000610352,26.266666697184245
10851,92.11,67.93999997558593,41.23333337402344
10852,86.41,59.679999926757816,27.13333334859212
10853,87.27,60.87999998779297,27.23333334350586
10854,10.0,1.0,0.8333333333333334
10855,92.22,69.43999991455078,41.733333384195966
10856,91.98,67.8999999633789,40.3666667175293
10857,91.21,65.62000000610351,37.96666663106283
10858,90.08,64.49999997558594,35.66666650390625
10859,92.45,68.79999993896485,41.76666651407878
10860,92.55,68.59999990234375,41.8333332417806
10863,88.83,60.760000048828125,23.866666646321615
10864,88.93,61.679999981689456,30.26666660563151
10865,88.59,61.95999995727539,33.03333329772949
10867,59.35,31.739999993896486,12.233333333333333
10868,88.29,62.69999998779297,32.33333327229818
10869,76.16,40.76000000610352,20.26666663614909
10870,90.9,65.27999993896485,36.66666672770182
10871,90.07,64.70000003662109,35.43333339436849
10872,93.81,70.59999992675782,44.066666585286455
10873,91.62,68.16000004882812,37.83333326721191
10874,91.63,66.66000004882812,35.333333343505856
10875,79.58,48.15999996337891,17.4333333307902
10876,10.0,0.9999999988555908,0.8333333320617676
10877,88.75,63.259999987792966,34.30000003051758
10878,92.43,69.62000001220703,42.06666667683919
10879,85.07,50.799999938964845,25.366666636149088
10880,91.6,67.15999991455078,38.7
10881,84.01,51.19999995727539,23.766666681925457
10882,89.9,64.03999991455078,32.566666610717775
10883,89.91,63.69999991455078,35.06666663614909
10884,92.15,68.35999991455078,39.266666727701825
10885,92.12,67.19999995117188,39.33333327229818
10886,92.49,67.57999995117187,42.09999989827474
10887,92.6,68.3800000366211,42.36666657511393
10888,86.55,57.97999996948242,28.333333251953125
10889,92.53,70.25999992675781,43.43333334350586
10890,90.35,65.66000000610352,38.16666657511393
10891,85.72,58.159999951171876,18.833333328247072
10892,87.79,57.139999963378905,28.0333332417806
10893,88.98,62.44000002441406,32.39999993387858
10894,82.7,51.71999995117187,20.36666664123535
10895,89.94,66.30000006103515,36.86666658528646
10897,92.02,66.71999991455078,34.633333323160805
10898,91.07,65.37999999389649,36.89999996948242
10899,87.37,56.45999999389648,30.099999857584635
10900,86.68,57.660000006103516,29.933333343505858
10901,92.49,69.21999993896485,40.9000000406901
10902,93.81,71.33999992675781,45.199999989827475
10903,88.6,61.07999995727539,31.7333332417806
10904,92.1,67.38000000610351,37.13333322143555
10905,91.39,63.99999995117187,36.566666514078776
10907,88.55,62.260000048828125,32.69999999491374
10908,88.9,63.28000000610351,34.93333332824707
10909,89.65,65.14000000610352,37.26666663614909
10910,88.56,63.06000003662109,32.900000030517575
10911,92.98,69.61999986572266,42.36666664632161
10912,92.02,67.65999990234376,38.5
10913,10.0,0.9999999996185303,0.8333333320617676
10914,92.48,69.20000004882813,43.89999991861979
10915,79.44,44.48,22.23333327738444
10916,92.52,68.89999997558594,42.3333332010905
10917,88.63,62.09999992675781,30.066666595458983
10918,91.19,65.81999986572265,32.199999989827475
10919,92.73,69.06000003662109,43.30000002034505
10920,92.36,67.9000000366211,39.466666636149085
10921,92.0,67.11999995117188,39.46666654459636
10922,89.11,63.559999951171875,35.20000002034505
10923,86.48,53.079999926757814,27.799999908447266
10925,91.18,64.91999996948242,36.99999996439616
10926,89.62,64.45999999389649,36.500000030517576
10927,92.37,66.46,40.16666667683919
10929,92.47,67.62000006103516,39.6333332824707
10930,89.26,64.91999991455079,34.76666667683919
10931,10.0,0.9999999992370605,0.8333333333333334
10932,92.12,68.71999991455078,44.13333333333333
10933,92.28,67.80000002441406,41.166666534423825
10934,90.01,66.03999992675782,38.86666660563151
10935,93.63,70.29999997558593,45.03333333333333
10936,92.36,68.28000001220703,41.13333329264323
10937,92.37,69.45999986572265,42.19999990844727
10938,79.67,45.859999975585936,18.36666667175293
10939,91.78,67.67999989013671,40.700000061035155
10941,91.94,67.13999995117187,39.43333339436849
10942,89.73,63.600000006103514,36.933333231608074
10943,88.79,62.999999981689456,34.20000001017252
10944,87.92,59.199999951171876,15.933333318074544
10945,80.51,42.17999993286133,25.299999928792317
10946,92.43,68.69999997558594,43.8000000406901
10947,91.75,66.57999996337891,40.06666662597656
10949,88.4,63.02,32.89999990844726
10950,10.0,0.9999999996185303,0.8333333333333334
10951,89.72,65.94000001220704,34.16666658528646
10952,90.61,65.25999991455078,37.666666656494144
10953,82.72,54.43999995727539,21.200000005086263
10954,85.72,59.37999998779297,27.26666660563151
10955,90.87,66.14000006103515,26.7
10956,78.25,42.819999969482424,22.06666658528646
10957,93.3,71.27999989013672,43.93333332316081
10958,86.22,60.11999998168945,27.63333331298828
10959,88.97,61.83999996948242,32.69999990844727
10960,91.78,67.38000000610351,31.06666668701172
10961,86.68,58.13999993896484,27.433333333333334
10962,87.31,57.299999938964845,29.799999923706054
10963,85.03,51.380000012207034,22.099999989827474
10964,91.76,68.27999993896485,41.599999928792315
10965,89.79,66.55999993896485,36.89999994913737
10966,92.21,67.77999987792968,38.6
10968,89.87,63.65999992675781,34.033333241780596
10969,88.46,62.59999993896484,32.199999989827475
10970,93.29,68.8,44.93333331298828
10971,86.72,57.979999938964845,21.533333348592123
10972,90.26,65.3799999633789,35.6333332824707
10973,79.84,42.279999969482425,25.5333332417806
10974,90.65,64.2599999572754,32.466666661580405
10975,93.68,71.16000002441406,45.099999928792315
10976,89.8,64.50000003662109,33.666666631062824
10977,90.52,63.299999993896485,35.26666662597656
10978,91.79,67.39999986572266,40.06666650390625
10979,91.23,66.81999995117188,39.666666666666664
10980,89.66,63.62000002441406,35.933333292643226
10981,88.9,63.2800000366211,34.93333336385091
10982,92.12,67.90000006103516,38.53333333333333
10983,90.08,66.90000006103516,40.46666654459636
10984,89.73,64.50000003662109,33.23333329264323
10985,92.22,67.41999995117187,40.033333374023435
10986,92.52,69.87999991455078,44.49999985758463
10987,90.31,64.39999993896484,37.233333333333334
10989,90.61,63.740000006103514,35.33333326721191
10990,91.85,67.79999991455078,38.899999837239584
10991,87.94,59.67999993896484,30.933333318074546
10993,87.61,58.03999998779297,29.63333326212565
10994,69.03,41.399999981689454,13.299999984741211
10995,92.82,68.9399999267578,42.49999988810222
10996,10.0,0.9999999992370605,0.8333333314259846
10997,89.76,64.25999998779297,36.33333339436849
10998,89.87,63.65999995727539,26.20000002034505
10999,86.99,61.21999993896485,26.73333329772949
11000,93.56,71.85999989013672,44.86666660563151
11001,68.02,38.08000001220703,13.099999972025554
11002,84.86,57.03999993896485,24.099999974568686
11003,88.31,64.28000001220703,32.43333332316081
11004,78.97,49.28000000610351,19.26666665649414
11005,92.05,67.55999987792968,40.79999997965495
11006,92.18,68.25999986572266,42.36666666666667
11007,92.3,67.57999990234374,38.26666667683919
11008,88.64,60.639999981689456,34.93333326212565
11010,89.34,63.76000002441406,32.83333325195313
11014,92.0,67.61999992675781,39.23333318074544
11015,80.83,50.31999999389649,18.099999982198078
11016,92.02,68.63999993896485,42.93333331298828
11017,89.9,64.37999998168945,33.666666534423825
11018,52.76,10.739999996185302,11.36666667175293
11019,93.22,69.51999995117187,43.766666595458986
11020,88.4,62.82000000610351,33.96666668701172
11021,88.79,62.479999938964845,31.70000002034505
11022,93.63,70.83999999389648,43.000000030517576
11023,92.1,67.53999993896484,37.76666651407878
11024,91.93,67.49999993896485,37.56666665649414
11025,84.58,54.439999926757814,26.033333257039388
11026,92.76,69.21999998168945,44.66666660563151
11028,86.83,56.079999938964846,29.799999959309897
11029,68.34,38.259999975585934,15.466666676839193
11030,89.53,63.50000001220703,33.86666662597656
11032,91.81,66.45999997558594,39.46666666666667
11033,88.64,62.86000002441406,32.7666665242513
11034,89.64,64.26000002441407,35.766666595458986
11035,92.65,68.65999986572265,40.699999877929685
11036,89.08,61.89999998779297,32.76666668701172
11037,92.32,68.26000002441407,41.033333180745444
11038,92.26,67.90000004882812,41.96666670735677
11039,91.4,66.99999993896485,40.86666657511393
11040,88.77,61.420000024414065,29.933333323160806
11041,89.84,63.89999991455078,35.366666676839195
11042,86.56,57.799999993896485,29.633333287556965
11043,90.34,65.89999998779297,38.699999877929685
11044,89.56,64.63999996337891,32.866666600545244
11045,92.33,68.19999998168946,41.09999987792969
11046,89.07,62.480000006103516,33.63333339436849
11047,81.46,49.86000002441406,19.833333297729492
11049,92.25,67.71999991455078,41.433333353678385
11050,92.06,66.98000006103516,39.9666667175293
11051,52.68,10.659999993896484,11.866666669209797
11052,89.19,63.0,30.733333221435547
11053,89.52,61.83999991455078,35.133333323160805
11054,87.91,59.25999994506836,33.29999985758464
11055,86.67,55.98,29.099999994913738
11056,92.58,69.13999995117187,42.76666657511393
11057,89.42,62.21999996948242,34.4000000406901
11058,91.8,66.45999993896484,39.8333332010905
11059,90.63,65.44000000610352,35.36666650390625
11061,86.75,54.19999992675781,26.799999908447266
11062,91.85,67.06000004882813,39.43333327229818
11063,88.79,61.5799999633789,28.833333348592124
11065,93.1,70.30000006103515,43.76666655476888
11066,10.0,0.9999999977111816,0.8333333320617676
11067,86.2,57.499999981689456,28.03333331298828
11068,79.2,42.66,21.60000001525879
11069,68.64,39.59999998779297,12.966666636149089
11070,92.23,69.50000003662109,43.400000020345054
11071,91.08,62.98,27.499999908447265
11072,87.29,57.28000000610351,30.733333257039387
11073,88.56,61.479999993896485,32.39999996948242
11074,80.5,50.659999993896484,20.966666646321613
11075,90.91,66.72000004882813,33.000000030517576
11077,84.19,54.93999996337891,25.633333302815757
11078,89.24,63.33999998779297,34.000000030517576
11079,93.23,68.87999991455078,43.56666654459635
11080,92.73,69.11999992675781,42.366666727701826
11081,90.09,62.839999993896484,35.899999888102215
11082,91.68,65.41999998779296,37.466666697184245
11083,88.46,61.44,22.43333329264323
11084,88.98,63.69999992675781,33.933333292643226
11085,90.01,65.38000004882812,39.93333326212565
11086,92.33,67.91999989013672,43.16666660563151
11087,91.83,66.90000002441407,38.76666653442383
11088,91.85,67.36000000610352,38.666666656494144
11089,88.89,62.43999996337891,33.93333333333333
11090,89.86,63.21999996948242,34.56666655476888
11091,88.75,62.05999995727539,31.233333221435547
11092,89.65,64.05999997558594,34.50000006103516
11093,83.51,56.62,25.500000010172528
11094,79.73,50.139999981689456,21.86666665649414
11095,91.93,68.24000001220703,33.366666615804036
11096,88.9,64.01999998779297,31.13333339436849
11098,88.92,62.279999951171874,30.899999837239584
11099,90.02,64.62,36.599999928792315
11100,89.94,64.72000000610352,35.83333326212565
11101,91.73,66.33999992675781,38.399999888102215
11102,88.61,61.78000000610351,31.999999994913736
11103,92.02,67.99999993896485,41.7
11106,92.49,68.01999991455078,40.133333201090494
11107,89.12,63.83999998168945,34.69999983723958
11108,90.52,65.00000001220702,36.3
11109,92.55,68.99999986572266,42.79999990844727
11110,88.78,62.65999991455078,33.63333329264323
11111,84.75,50.92,21.633333297729493
11112,92.39,67.18,39.53333331298828
11113,88.78,60.59999998779297,33.49999996439616
11114,91.79,67.91999987792968,38.86666669718424
11115,92.5,69.56000004882813,42.53333339436849
11116,92.03,67.67999991455078,39.63333330281576
11117,89.3,64.68000002441406,36.63333326212565
11118,87.99,59.84000002441406,33.46666658528646
11119,87.94,63.579999938964846,30.39999998474121
11120,88.16,63.63999991455078,33.93333319091797
11121,58.84,32.999999963378905,13.533333300272623
11122,89.21,63.54000006103516,32.93333337402344
11123,93.11,69.4399998779297,43.766666595458986
11124,92.69,68.63999998779298,42.166666595458985
11125,78.35,44.59999999389648,16.39999996439616
11126,88.37,61.399999981689454,32.2666666615804
11127,89.3,63.04000002441406,33.99999998474121
11128,92.79,69.75999986572266,42.966666514078774
11129,87.41,58.039999926757815,29.233333267211915
11130,91.52,66.27999987792968,37.76666662597656
11131,92.3,67.56000000610352,39.9000000406901
11132,92.2,67.36,38.63333323160807
11133,91.87,66.32000006103516,36.70000003051758
11134,91.73,66.43999997558593,39.33333330281575
11135,90.68,65.37999990234376,27.500000010172528
11136,92.29,66.76000000610351,38.73333317057292
11137,91.17,66.64000004882813,36.599999989827474
11138,76.99,37.72,18.833333297729492
11139,92.27,69.3,41.39999997965495
11141,86.26,55.04000000610352,25.766666631062826
11142,92.81,69.35999997558594,42.400000020345054
11143,89.32,64.02000004882812,33.766666727701825
11144,88.85,62.35999999389649,31.399999989827474
11146,93.76,70.93999995727539,43.99999998982747
11147,92.19,68.38000004882812,41.99999992879232
11148,89.84,64.09999992675782,32.79999993387858
11149,87.23,57.84,29.400000010172526
11150,91.46,66.68000004882812,39.199999928792316
11151,85.07,58.460000018310545,23.533333267211916
11152,81.79,53.28,20.899999959309895
11153,92.14,68.13999987792968,40.60000003051758
11154,85.87,57.43999998168945,23.3333332417806
11155,93.2,69.25999997558594,42.533333251953124
11156,86.76,59.24,29.000000015258788
11157,93.85,70.24000000610351,44.83333325195313
11158,92.21,67.6799999633789,39.39999989827474
11159,87.91,59.51999998168945,33.29999992879232
11160,88.37,62.48000001220703,31.4333332417806
11161,88.64,63.300000048828124,34.49999989827474
11163,89.35,63.93999991455078,33.233333262125655
11164,91.71,66.94000006103515,38.69999983723958
11165,91.08,65.62000001220703,35.70000003051758
11166,54.6,30.01999998474121,11.999999997456868
11167,92.97,69.08000001220704,44.26666663614909
11168,10.0,1.0,0.8333333320617676
11169,87.81,62.139999969482425,34.19999992370605
11170,91.74,66.8799999633789,38.666666656494144
11171,89.84,64.09999992675782,32.49999996439616
11172,86.6,58.599999963378906,28.433333318074546
11173,92.09,69.11999996948242,43.03333317057292
11174,93.7,70.92000000610352,43.933333353678385
11175,92.12,69.17999987792969,35.93333333333333
11176,91.98,66.59999989013671,39.066666575113935
11177,89.19,61.77999998168945,32.46666665649414
11178,90.39,65.34000004882813,36.26666664632162
11179,89.77,63.88000002441406,25.466666666666665
11180,86.59,60.980000006103516,26.79999997965495
11181,91.69,67.62,39.16666663614909
11182,87.06,54.69999996948242,28.23333327229818
11183,90.36,67.05999998779296,37.36666660563151
11184,86.55,57.85999998779297,29.066666615804035
11185,89.25,62.55999999389648,33.46666663106283
11186,88.69,61.97999994506836,30.966666585286458
11187,89.52,66.17999993896484,35.03333329264323
11188,90.74,67.34000000610351,39.06666650390625
11189,91.5,67.08000003662109,31.766666625976562
11190,92.18,68.0599999633789,41.533333374023435
11192,88.88,65.25999986572266,33.96666665649414
11193,89.99,66.55999993896485,38.53333339436849
11194,92.14,67.63999996948242,40.33333323160807
11195,93.12,69.0200000366211,43.23333318074544
11196,88.78,63.86000006103516,34.300000061035156
11197,85.0,51.73999998779297,27.29999994913737
11199,93.25,70.49999998779298,44.66666655476888
11200,84.29,56.59999998168945,16.49999993387858
11202,91.32,65.40000001220703,36.56666668701172
11203,90.24,64.17999999389649,36.66666672770182
11204,92.22,66.33999996948242,38.76666665649414
11205,78.28,43.73999999389648,24.93333331298828
11206,91.41,65.86000004882813,36.533333180745444
11207,90.08,66.87999995117187,37.399999959309895
11208,89.67,65.14000003662109,34.36666653442383
11209,89.6,64.12000001220703,33.26666659037272
11210,79.75,49.30000002441406,18.79999994913737
11211,90.15,64.18000004882812,35.8333332417806
11212,92.24,67.43999998779297,38.499999837239585
11213,89.79,64.7999999267578,36.09999993896484
11214,86.76,58.979999932861325,28.666666595458985
11215,89.76,64.59999998779297,37.23333332316081
11216,91.75,68.81999998168945,38.49999985758463
11217,93.68,70.25999989013673,43.46666668701172
11218,93.82,70.48000006103516,43.73333334350586
11219,92.31,67.20000002441407,39.46666660563151
11220,88.12,61.23999991455078,21.43333334859212
11221,92.12,67.38000000610351,38.36666669718424
11222,92.32,67.23999997558593,39.79999986775716
11223,84.54,56.51999998779297,25.29999996948242
11224,49.6,10.299999989318847,10.133333305358887
11225,92.3,68.56000003662109,40.466666514078774
11226,93.85,70.92000003662109,44.83333329264323
11227,50.52,10.15999999847412,10.366666641235351
11228,75.98,46.45999992675781,15.9
11229,86.48,56.819999963378905,30.433333287556966
11230,91.78,67.83999998779296,40.13333329264323
11231,86.3,57.98,28.36666665140788
11233,92.2,67.01999992675782,39.2666665649414
11234,91.95,66.05999991455079,38.6
11236,92.07,68.10000000610351,38.16666660054525
11238,92.48,67.51999997558593,41.0666665242513
11239,93.14,70.10000002441406,43.89999994913737
11240,91.91,67.47999992675781,38.29999992879232
11241,86.42,59.179999975585936,29.13333332824707
11242,91.08,66.03999995117188,36.999999908447265
11243,82.88,53.84,20.466666615804037
11245,90.69,66.20000002441407,33.39999993896485
11246,92.16,67.49999998168946,38.33333327229818
11247,90.77,63.839999993896484,25.26666663614909
11248,89.45,64.33999999389648,33.43333325195312
11249,86.65,52.919999957275394,27.299999964396157
11250,93.0,68.99999997558594,45.2
11251,91.98,67.09999996948243,38.63333336385091
11252,84.48,57.79999995117188,23.466666681925457
11253,92.93,68.52000004882812,44.03333327229818
11255,84.57,53.939999987792966,26.066666681925454
11256,88.89,63.539999963378904,33.33333327229818
11257,91.73,68.59999987792969,42.53333321126302
11258,92.0,67.2999998779297,39.066666646321615
11259,92.97,69.08000001220704,42.66666658528646
11260,88.96,61.619999987792966,31.89999998474121
11261,86.39,58.51999998779297,27.933333338419597
11262,91.97,66.95999992675782,39.7333332417806
11263,90.03,62.939999975585934,35.79999986775716
11264,90.07,66.70000002441407,38.39999994913737
11265,89.82,64.1800000366211,32.66666658528646
11266,87.88,59.0799999633789,32.7666666208903
11267,92.09,67.19999995117188,39.46666657511393
11268,92.31,67.12000004882813,39.93333326212565
11269,80.95,50.68000002441406,21.166666651407876
11270,93.64,70.23999987792969,45.19999988810221
11272,91.37,67.40000001220703,40.333333333333336
11273,85.62,53.67999999389649,25.766666651407878
11274,90.94,66.86000000610352,37.93333325195312
11275,90.53,66.55999995117187,38.06666653442383
11276,84.63,57.65999995727539,24.16666663614909
11277,88.33,59.739999957275394,22.43333329264323
11278,89.56,63.05999999389648,35.93333319091797
11279,92.64,68.41999987792968,42.16666660563151
11280,79.8,50.839999993896484,21.666666671752928
11281,89.85,65.02000001220703,36.43333327229818
11282,91.96,67.18000004882812,38.86666664632161
11283,91.03,66.2,38.43333322143555
11284,90.21,64.1000000366211,33.73333323160807
11285,80.27,50.97999998168945,17.96666668701172
11286,91.88,67.86000006103515,39.33333328755697
11287,92.16,68.48,40.83333318074544
11289,90.96,66.00000001220702,32.43333339436849
11290,93.49,69.82000004882812,42.73333329264323
11291,92.11,67.91999992675781,38.56666667683919
11292,86.48,58.659999932861325,28.433333272298178
11293,89.15,64.60000006103516,35.39999986775716
11295,89.52,63.539999926757815,36.76666670735677
11297,91.18,65.71999998779297,39.1333332417806
11299,93.42,70.61999986572266,44.9
11300,93.36,70.50000002441406,42.86666658528646
11301,90.41,68.22000001220704,39.699999877929685
11302,71.83,35.859999963378904,16.36666663869222
11303,92.71,69.47999995117188,41.83333326212565
11304,88.65,61.63999999389648,31.99999993387858
11305,10.0,0.9999999984741211,0.8333333314259846
11306,10.0,0.9999999992370605,0.8333333333333334
11308,86.67,57.89999995117188,28.500000015258788
11309,92.94,68.03999989013671,42.1999999593099
11310,77.18,41.299999938964845,22.19999995422363
11311,87.06,56.399999993896486,31.733333251953123
11312,92.31,68.99999993896485,42.73333325195313
11313,79.08,44.05999996337891,21.999999984741212
11314,87.35,55.57999998779297,31.333333282470704
11315,90.41,64.90000000610351,35.53333332316081
11316,87.19,57.75999994506836,30.86666658528646
11317,52.82,10.879999995422363,10.033333307902017
11318,93.2,69.29999993896485,43.90000005086263
11319,91.62,66.18000001220703,39.06666659545898
11320,91.43,67.83999995117188,41.53333335367839
11321,93.05,69.32000004882812,44.066666717529294
11322,86.35,56.380000012207034,26.533333267211916
11323,86.47,57.93999995117188,28.766666615804038
11324,88.64,62.09999998168945,31.63333334350586
11325,56.33,29.859999978637696,11.400000015258788
11326,78.16,45.599999957275394,21.53333330790202
11327,86.4,52.31999999389649,26.700000010172527
11328,88.65,63.66,33.23333335367838
11329,91.83,67.11999995117188,39.033333241780596
11330,10.0,0.9999999996185303,0.8333333326975505
11332,93.45,69.26000002441407,44.76666658528646
11333,86.64,58.04000001831054,14.799999984741211
11334,87.87,58.87999992675781,31.766666646321614
11335,89.39,64.39999999389649,36.56666653442383
11336,91.88,66.72000000610352,39.433333231608074
11337,86.8,56.08000002441406,28.933333251953126
11338,89.91,64.92000006103515,36.13333335367839
11339,88.14,62.45999993896484,32.83333329264323
11340,91.59,67.67999999389649,41.10000001017253
11341,91.25,67.12000004882813,39.43333327229818
11342,56.56,12.099999993896484,14.866666666666667
11343,89.77,64.71999991455078,36.29999992879232
11344,93.13,67.89999999389649,44.233333384195966
11345,92.02,66.99999987792968,38.533333241780596
11346,88.07,58.98,26.433333297729494
11347,89.15,62.519999938964844,33.066666661580406
11348,84.59,57.35999994506836,17.599999933878582
11349,90.49,64.13999992675781,33.433333170572915
11350,92.08,66.83999993896484,39.833333343505856
11352,76.0,46.23999992675781,15.266666636149088
11353,92.98,69.42000003662109,42.933333353678385
11354,87.01,55.63999997558594,28.966666615804037
11355,90.1,64.38000001220703,34.76666660054525
11356,90.47,66.53999995117188,32.79999993387858
11357,87.58,57.799999932861326,31.799999938964845
11358,87.51,58.14,28.4666666208903
11359,88.63,62.919999963378906,33.36666653442383
11360,92.28,66.25999993896484,40.13333339436849
11361,91.01,65.6,37.66666672770182
11362,92.03,67.60000001220703,39.666666666666664
11363,91.01,66.03999993896484,38.83333326212565
11364,75.73,46.579999975585935,16.000000002543132
11365,91.16,66.25999999389649,38.73333323160807
11366,92.94,69.45999995117188,44.833333353678384
11367,91.57,67.12000004882813,37.63333333333333
11368,92.55,68.92000002441407,40.86666663614909
11369,90.79,67.81999997558594,38.69999997965495
11370,87.23,56.20000001831055,31.16666659037272
11371,88.87,63.23999996948242,32.93333332316081
11373,86.66,57.77999992675781,28.866666625976563
11374,92.71,70.33999992675781,43.36666662597656
11375,87.82,58.35999995117187,32.53333332824707
11376,93.51,70.42000003662109,42.19999984741211
11378,90.83,65.61999992675781,35.39999996948242
11379,88.08,62.01999992675781,30.29999996948242
11380,89.05,64.6,35.36666662597656
11381,10.0,0.9999999992370605,0.8333333314259846
11382,86.2,58.339999938964844,28.23333334350586
11383,91.79,67.67999992675782,39.6
11384,92.75,69.65999986572265,41.633333251953125
11385,93.29,70.06000003662109,44.96666650390625
11386,78.3,43.42,26.133333267211913
11387,86.04,59.159999938964845,26.966666575113933
11388,91.18,64.73999993896484,36.866666544596356
11389,92.41,67.25999997558594,41.16666670735677
11390,89.13,62.220000036621094,31.69999994913737
11391,90.11,65.29999998779297,37.7333332417806
11392,92.22,68.9399999267578,40.36666663614909
11393,82.47,52.50000001220703,21.133333300272625
11394,83.26,55.21999993896485,20.03333331298828
11395,93.53,70.80000002441406,44.03333332316081
11396,92.43,69.32000004882812,43.29999997965495
11397,86.23,58.560000006103515,27.999999959309896
11398,93.19,69.49999987792968,44.199999867757164
11399,92.68,69.25999991455078,41.900000020345054
11402,88.98,63.40000001220703,33.533333302815755
11403,76.31,47.519999993896484,16.09999991861979
11404,85.52,54.72000001220703,29.699999918619792
11405,92.11,68.1999999633789,41.199999877929685
11406,88.89,62.61999995117188,34.33333326721191
11407,82.32,54.0,20.333333328247072
11408,90.3,65.40000004882812,37.233333394368486
11409,10.0,1.0,0.8333333326975505
11410,91.37,68.03999998779297,38.69999997965495
11411,83.99,50.09999994506836,21.26666664123535
11413,74.69,46.179999963378904,15.933333251953124
11414,92.62,69.01999996337891,41.366666676839195
11415,92.88,68.34000002441407,42.16666661580404
11416,88.35,61.339999932861325,33.799999938964845
11417,89.69,64.39999996948242,33.266666631062826
11418,93.11,69.35999989013672,42.566666707356774
11420,92.3,66.88000000610351,38.83333330281575
11421,76.21,47.639999963378905,15.833333297729492
11422,92.44,67.74000000610351,40.8666667175293
11423,92.44,68.13999995117187,39.4666665242513
11424,91.81,66.66000004882812,40.066666646321615
11425,67.34,39.41999998779297,13.366666676839193
11426,88.52,61.70000003662109,21.96666667175293
11427,91.92,67.80000001220704,40.46666660563151
11428,88.85,65.77999995117187,38.23333337402344
11429,91.34,65.75999992675781,36.49999991861979
11430,86.71,57.77999993286133,28.566666625976563
11431,85.8,53.71999994506836,26.333333348592124
11432,88.68,62.60000001220703,32.03333319091797
11433,91.74,66.48000003662109,36.36666665649414
11434,88.8,63.40000002441406,33.533333374023435
11435,93.2,69.6000000366211,43.76666664632162
11436,90.27,67.49999997558594,39.1333332417806
11438,91.92,67.52000000610352,39.399999837239584
11440,92.14,68.72000000610352,41.13333337402344
11442,91.52,67.31999991455078,39.933333231608074
11443,93.84,70.83999989013672,43.533333251953124
11444,80.95,51.659999993896484,21.733333323160807
11445,92.06,67.84000003662109,38.8666665242513
11446,90.61,64.96000002441406,33.2333332824707
11447,76.75,44.539999926757815,20.866666575113932
11448,90.78,66.37999999389649,37.73333317057292
11449,80.42,49.41999992675781,17.266666676839193
11450,90.45,62.87999992675781,34.63333329264323
11451,90.7,67.71999993896485,31.299999923706054
11452,80.64,48.239999957275394,18.3666666208903
11454,92.58,69.25999992675781,40.66666669718425
11455,89.63,65.77999993896485,37.66666656494141
11458,91.03,64.81999991455078,27.66666660054525
11459,86.67,57.559999951171875,25.23333326212565
11460,75.71,46.58000001831055,15.766666631062826
11461,92.16,67.80000002441406,39.033333302815755
11463,90.86,66.42000001220703,37.26666663614909
11464,86.44,58.699999938964844,28.299999928792317
11466,81.42,47.54000002441406,18.233333282470703
11467,92.48,69.13999995117187,42.53333319091797
11468,86.38,56.97999996337891,24.566666676839194
11469,75.98,46.460000018310545,15.899999979654948
11470,89.89,64.41999992675781,37.59999983723959
11472,93.85,70.91999992675781,44.83333319091797
11473,91.77,67.26000002441407,40.49999992879232
11474,89.25,63.05999998779297,32.533333241780596
11475,89.67,63.98000003662109,32.89999989827474
11476,92.23,66.55999992675781,39.599999908447266
11477,58.84,33.00000000305176,13.466666651407877
11478,91.93,67.75999993896484,39.30000002034505
11479,86.49,57.97999997558594,27.79999997965495
11481,75.51,47.51999997558594,16.03333332824707
11482,87.02,58.07999994506836,27.63333334350586
11483,92.24,67.88000006103516,39.90000006103516
11484,90.94,65.26,38.56666660563151
11486,88.36,60.579999975585935,29.366666575113932
11487,92.86,69.05999989013672,44.06666661580404
11488,92.88,69.17999987792969,42.23333321126302
11489,89.42,63.44000001220703,32.73333317057292
11490,89.71,61.62000000610352,35.666666595458985
11491,73.73,44.79999992675781,14.366666631062825
11492,90.49,67.3,36.79999994913737
11494,91.27,66.03999998779297,39.33333323160807
11495,86.55,57.97999996337891,28.566666631062827
11496,87.36,57.09999998779297,28.900000010172526
11497,89.67,63.46,34.09999986775716
11498,10.0,0.9999999984741211,0.8333333326975505
11499,91.25,65.96000001220703,37.89999993896485
11501,10.0,0.9999999992370605,0.8333333326975505
11502,88.64,62.32,32.433333353678385
11503,92.3,67.02000006103516,39.199999877929685
11504,92.07,67.23999997558593,39.39999985758463
11505,91.98,66.61999995117188,39.199999928792316
11507,88.83,62.079999981689454,31.13333334350586
11508,88.4,62.899999993896486,33.36666650390625
11509,88.78,62.159999865722654,31.866666666666667
11510,92.13,68.32000000610351,41.233333333333334
11511,92.19,67.6600000366211,39.60000006103515
11513,91.88,67.1599999267578,40.56666659545898
11515,89.83,63.94000001220703,34.59999993896484
11516,90.26,64.21999993896485,36.199999867757164
11517,90.32,65.60000001220703,36.36666650390625
11518,88.62,60.879999951171875,21.89999993387858
11519,88.22,62.28000001220703,32.59999994913737
11520,92.05,68.26000004882812,40.400000020345054
11521,89.77,64.59999991455078,36.29999984741211
11522,88.74,62.74,32.433333282470706
11523,86.68,60.87999998779297,28.89999996439616
11524,91.59,67.05999995117187,38.933333170572915
11525,89.61,64.9,32.7666666615804
11526,90.87,64.65999994506836,30.966666631062825
11527,88.83,63.67999998779297,32.933333292643226
11529,89.04,62.57999998779297,32.26666658528646
11530,93.33,69.51999993896484,43.70000002034505
11531,86.61,57.740000012207034,27.099999969482422
11532,92.13,67.65999998168945,38.000000030517576
11533,93.42,68.88000000610351,43.03333338419596
11534,91.92,67.08000003662109,38.533333251953124
11535,91.5,66.59999998779297,36.49999992879232
11536,91.72,67.33999990234375,40.09999983723959
11537,92.13,69.83999998779296,42.36666657511393
11538,78.47,45.13999992675781,23.13333332316081
11539,85.68,56.21999995727539,25.333333338419596
11540,89.49,64.49999993896485,33.666666666666664
11541,88.67,63.51999997558594,33.83333327229818
11542,89.43,63.59999998779297,34.06666660054525
11543,91.38,68.05999989013672,40.16666657511393
11544,85.72,51.75999993286133,25.000000005086264
11545,10.0,1.0,0.8333333333333334
11546,91.81,67.54000006103516,36.866666544596356
11547,88.9,62.520000006103515,32.29999993387858
11548,82.88,54.95999992675781,20.466666641235353
11549,90.11,62.45999994506836,34.8000000406901
11550,91.15,64.98000000610351,36.53333317057292
11551,75.81,46.61999995117188,15.19999996693929
11552,86.35,56.63999994506836,29.49999996439616
11553,89.4,64.69999995117188,34.49999995422363
11554,91.92,67.47999995117188,39.59999986775716
11555,91.4,65.54000002441406,38.16666672770182
11556,88.93,63.259999987792966,33.80000002034505
11557,92.89,69.61999997558594,44.23333321126302
11558,92.05,68.03999986572266,40.73333336385091
11559,89.0,64.38000006103516,35.23333319091797
11560,91.95,67.57999996337891,38.299999938964845
11561,87.61,61.95999995117187,30.433333287556966
11562,88.76,62.7800000366211,32.69999991861979
11563,90.61,63.56000003662109,35.000000020345055
11564,93.77,69.39999992675781,44.83333332316081
11565,93.28,70.04000004882812,43.50000006103516
11566,91.06,66.25999993896484,37.66666650390625
11567,92.63,68.6999999633789,42.366666544596356
11570,91.71,67.4,39.433333170572915
11571,86.45,56.75999994506836,28.86666659037272
11572,86.41,59.01999998779297,28.133333287556965
11573,92.53,68.06000004882813,40.79999985758464
11574,91.87,67.61999998779297,40.06666668701172
11575,10.0,1.0,0.8333333333333334
11576,88.76,61.9,32.76666667683919
11577,90.89,65.88000001220703,35.79999992879232
11578,91.54,67.43999991455078,39.03333329264323
11579,91.24,66.59999993896484,37.29999996948242
11580,91.2,65.25999986572266,36.06666654459635
11581,89.15,61.619999993896485,32.39999990844726
11582,88.09,59.399999993896486,32.49999988810222
11583,90.93,65.42,36.66666655476888
11585,91.79,65.39999992675781,37.5666665242513
11586,87.37,58.05999995727539,29.399999979654947
11587,92.56,69.19999995117188,42.6999999593099
11588,90.71,65.72,38.33333318074544
11589,88.42,58.359999926757816,33.60000006103515
11590,91.95,67.85999999389648,40.56666653442383
11591,91.02,66.13999993896485,37.39999989827474
11592,92.59,69.63999998779298,41.56666668701172
11593,90.79,67.34000001220703,40.166666646321616
11594,86.18,57.21999993286133,23.26666667175293
11595,87.13,57.23999998779297,28.733333257039387
11596,84.22,54.499999975585936,26.70000002034505
11597,92.0,68.03999995117188,39.93333337402344
11598,93.3,69.77999989013672,40.96666654459636
11599,91.77,66.87999992675782,39.33333327229818
11600,92.0,67.63999998779298,40.233333394368486
11601,93.06,70.22000006103515,42.400000020345054
11602,92.27,68.94000004882813,42.43333327229818
11603,91.07,66.33999998168946,37.966666564941406
11604,75.71,46.41999993896484,15.499999997456868
11605,10.0,0.9999999992370605,0.8333333326975505
11606,92.6,68.57999991455078,41.39999985758463
11607,86.96,57.79999996337891,32.99999998982747
11608,90.77,65.79999991455078,31.333333251953125
11609,85.75,52.060000006103515,23.933333318074546
11610,89.25,63.47999998168945,33.66666661580404
11611,83.54,57.08000001220703,16.29999998219808
11612,89.85,64.91999991455079,32.69999991861979
11613,10.0,0.9999999992370605,0.8333333326975505
11615,91.19,65.47999998779297,34.066666707356774
11616,89.21,62.37999996948242,32.13333329264323
11617,92.51,68.32000000610351,42.199999877929685
11618,87.9,59.27999998168945,32.13333339436849
11619,91.21,65.01999991455078,36.03333333333333
11620,90.55,65.67999995727538,39.59999993387858
11621,78.68,43.420000006103514,26.366666697184243
11622,88.46,61.459999963378905,21.799999974568685
11623,91.97,67.64000000610352,38.09999993896484
11624,88.76,62.69999997558594,35.36666665649414
11625,85.86,58.13999991455078,26.366666610717772
11626,86.68,57.27999992675781,28.1666666208903
11627,92.64,69.43999997558593,41.43333332316081
11628,92.18,68.59999992675782,39.633333323160805
11629,86.42,57.600000018310546,27.86666667683919
11630,88.23,60.87999995727539,22.766666625976562
11631,92.32,67.03999987792969,39.69999988810221
11632,90.2,63.16000001220703,36.99999989827474
11633,91.92,67.34,38.8333332010905
11634,92.16,66.93999997558593,39.43333319091797
11635,89.32,64.63999992675781,33.43333333333333
11636,91.97,67.55999986572266,38.899999837239584
11637,92.66,69.65999993896484,43.73333321126302
11639,88.95,63.880000012207034,34.13333334350586
11640,70.12,41.05999998168945,13.566666666666666
11641,92.53,67.81999997558594,38.13333317057292
11642,88.18,61.18000002441406,21.86666665140788
11643,90.95,65.63999992675781,32.233333221435544
11644,88.65,61.579999993896486,32.56666659545898
11645,86.76,52.37999993896484,27.133333272298177
11646,91.69,66.5999999633789,37.833333170572914
11648,89.43,61.579999981689454,29.266666661580405
11649,88.5,61.61999997558594,29.600000010172526
11650,78.98,43.43999995117188,22.299999944051105
11651,92.69,68.34000001220703,38.63333317057292
11652,88.0,59.83999996337891,28.933333251953126
11653,90.54,67.98000003662109,37.699999938964844
11654,91.0,67.60000004882812,36.79999995930989
11655,91.78,68.76000004882812,40.46666670735677
11656,86.76,58.420000006103514,27.933333267211914
11657,90.32,63.67999993896484,34.29999995930989
11658,77.57,43.719999975585935,22.800000020345053
11659,92.45,68.53999998779297,42.83333323160807
11660,88.59,62.22000001220703,32.69999993387858
11661,92.65,68.11999986572266,42.26666665649414
11663,75.88,46.99999993896484,15.73333331298828
11664,89.97,63.859999963378904,34.26666659037272
11665,86.92,60.31999997558594,28.76666663614909
11666,87.85,58.05999998779297,30.733333251953123
11668,88.22,57.64,32.499999908447265
11669,72.38,38.80000001831055,16.633333287556965
11670,88.19,63.00000004882813,31.600000030517577
11671,91.84,68.11999998779297,38.73333332316081
11672,89.36,63.72,34.93333332316081
11673,87.29,54.71999998779297,26.06666664123535
11674,91.69,61.979999938964845,35.43333334350586
11675,90.91,66.23999993896484,37.300000010172525
11676,89.64,64.11999998168945,33.20000001525879
11677,74.17,44.05999993896484,14.700000002543131
11678,84.57,58.659999932861325,23.59999997965495
11679,91.34,64.66000004882812,36.93333339436849
11680,91.92,67.69999992675781,38.233333262125655
11681,92.09,67.33999992675781,39.89999989827474
11682,84.64,57.26000000610352,24.200000015258787
11683,89.85,64.39999992675781,34.899999888102215
11684,92.36,68.92000006103515,42.3
11685,93.39,70.59999998779297,44.03333331298828
11686,92.88,68.94000004882813,42.09999987792969
11687,93.05,69.63999996337891,41.533333241780596
11688,91.68,66.99999998779298,38.733333333333334
11689,91.69,65.6200000366211,36.46666654459636
11690,88.2,60.599999963378906,32.73333326721191
11691,92.3,67.19999993896485,38.06666672770182
11692,93.9,71.45999987792969,44.2666667175293
11693,93.0,70.0799998779297,41.799999877929686
11694,92.98,69.45999999389649,43.79999990844727
11695,91.56,66.05999998779296,38.59999987792969
11696,90.6,65.13999998779298,36.0999999593099
11697,86.9,58.56,27.966666676839193
11698,89.73,64.41999999389648,33.46666658528646
11699,88.58,61.86000002441406,33.03333335367839
11700,91.18,65.92000001220703,38.33333327229818
11701,89.38,63.999999969482424,33.99999993896484
11702,90.03,63.9,35.366666600545244
11703,92.61,67.86000002441406,42.06666660563151
11704,76.24,43.41999998779297,19.799999974568685
11706,91.06,67.15999995117187,39.133333201090494
11707,88.39,62.13999995727539,32.16666660054525
11708,88.18,62.66000003662109,32.566666697184246
11709,91.44,68.36000003662109,39.63333336385091
11710,89.6,65.10000004882812,35.399999888102215
11712,91.31,65.38000006103516,37.133333272298174
11713,91.93,65.93999999389648,39.63333330281576
11714,84.65,52.23999997558594,23.63333334350586
11715,91.15,67.54,39.933333302815754
11716,10.0,0.9999999996185303,0.8333333333333334
11717,93.03,69.64000004882813,41.2333332824707
11718,91.01,67.29999993896485,38.4
11719,92.68,69.05999997558594,39.03333320109049
11720,86.42,58.799999987792965,28.166666646321616
11721,76.16,46.379999951171875,16.333333287556965
11722,93.56,71.28000001220703,43.66666651407878
11723,87.54,59.35999998779297,28.766666661580405
11724,88.18,61.68000002441406,33.39999997965495
11725,88.98,63.380000012207034,30.600000010172526
11726,89.51,65.86000006103515,36.36666666666667
11727,92.3,67.92000002441407,39.2333332824707
11728,80.35,51.25999995727539,20.933333277384442
11729,89.89,63.88000003662109,33.66666655476888
11730,91.56,65.99999995117187,38.26666650390625
11731,90.38,66.61999999389649,32.1999999593099
11732,84.84,56.87999996948242,18.566666646321615
11733,93.26,70.05999993896485,43.16666661580404
11734,89.57,62.64000001220703,36.36666663614909
11735,91.88,65.64000006103515,40.03333317057292
11736,91.81,67.15999986572265,39.2666665649414
11737,93.86,70.64000004882813,45.06666665649414
11738,91.84,66.27999999389648,39.89999984741211
11739,90.53,64.73999986572265,32.39999992879232
11740,80.57,50.99999999389649,21.633333338419597
11741,91.01,66.25999996948242,37.16666662597656
11742,92.0,67.98000003662109,40.733333394368486
11743,92.61,68.89999986572266,44.1333332417806
11744,89.99,65.45999992675782,36.433333292643226
11745,89.34,64.13999986572266,34.50000006103516
11746,78.69,45.880000006103515,21.500000020345052
11747,78.18,43.82,25.399999938964843
11748,86.59,61.27999991455078,27.39999991861979
11749,91.54,66.85999998779297,38.633333272298174
11750,89.0,61.77999998168945,31.59999989827474
11751,90.16,66.20000004882813,36.70000003051758
11752,83.02,55.619999926757814,26.366666646321615
11753,91.91,68.28000001220703,42.53333329264323
11755,92.59,69.64000002441406,41.59999987792969
11756,75.74,46.31999993286133,15.800000020345053
11757,92.28,67.0599999633789,41.1333332417806
11758,90.2,63.94,33.93333331298828
11759,10.0,0.9999999988555908,0.8333333326975505
11760,90.06,63.83999998779297,33.89999985758463
11761,91.53,68.01999991455078,41.499999979654945
11762,90.32,69.25999993896484,40.76666665649414
11763,70.08,41.18,13.266666631062826
11764,73.77,44.839999938964844,15.033333302815755
11765,89.18,63.81999995727539,32.466666600545246
11766,79.94,43.19999992675781,25.299999923706054
11767,85.05,57.58,25.73333327738444
11768,86.99,60.35999995117187,28.39999998474121
11769,92.63,69.0200000366211,40.49999992879232
11770,91.63,67.4400000366211,40.56666660563151
11771,92.74,68.60000004882812,42.99999991861979
11772,86.85,57.71999993896485,27.899999959309895
11773,89.84,64.6200000366211,34.46666667683919
11774,79.49,49.61999996948242,18.699999928792316
11775,87.33,57.97999998779297,30.399999959309895
11776,88.89,61.75999991455078,33.399999994913735
11779,88.77,62.73999993896484,33.93333339436849
11780,75.38,46.26000001831055,15.466666661580403
11781,84.21,55.21999995117187,26.099999969482422
11782,92.08,67.97999987792969,40.79999984741211
11784,89.39,64.09999994506836,32.93333332316081
11785,75.63,46.35999993286133,15.933333297729492
11786,91.0,66.72000003662109,38.7333332417806
11787,90.81,65.33999991455079,36.13333333333333
11788,88.65,64.00000001220702,33.1999999593099
11789,92.04,67.33999986572266,39.233333333333334
11790,86.01,56.25999994506836,23.966666641235353
11791,91.8,66.13999995117187,38.69999988810221
11792,92.57,68.89999995117188,40.23333330281576
11793,90.31,65.71999998168945,37.59999994913737
11794,89.76,66.1800000366211,36.599999969482425
11795,91.31,65.78,35.86666662597656
11796,93.7,71.09999990234375,43.699999989827475
11798,88.47,59.70000002441406,21.666666648864744
11799,93.02,68.3800000366211,40.366666615804036
11800,92.37,68.83999993896484,42.09999984741211
11801,91.24,65.73999989013672,36.46666655476888
11802,88.76,61.15999998168945,30.133333272298177
11803,92.0,69.13999998779298,43.46666658528646
11804,10.0,0.9999999996185303,0.8333333326975505
11805,92.81,68.91999990234375,41.866666615804036
11806,89.38,63.140000036621096,33.933333231608074
11807,92.57,70.34,41.8000000406901
11808,91.17,67.52000001220703,38.699999989827475
11809,82.24,50.37999998168945,23.133333251953125
11810,92.78,67.63999993896485,39.16666650390625
11811,75.79,47.15999996337891,15.033333318074543
11812,91.87,66.84000000610351,40.066666707356774
11813,10.0,0.9999999996185303,0.8333333314259846
11814,87.4,58.63999997558594,32.066666514078776
11815,91.01,66.26000000610351,36.966666697184245
11816,87.54,58.77999998779297,30.89999991861979
11817,86.32,51.519999938964844,26.499999954223632
11818,86.42,53.939999938964846,25.799999908447266
11819,90.38,64.43999998168945,35.93333333333333
11820,92.19,66.84000004882813,39.93333336385091
11821,86.26,57.43999998168945,28.299999857584634
11822,90.97,64.84000004882813,36.63333323160807
11825,93.32,70.91999997558594,43.73333325195313
11826,86.54,57.899999926757815,28.233333287556967
11827,88.67,62.85999996948242,33.2666665242513
11828,92.59,69.63999991455078,41.23333323160807
11829,92.8,69.00000006103515,41.73333321126302
11830,93.25,69.4600000366211,41.033333241780596
11832,92.06,67.15999991455078,39.06666662597656
11833,80.01,50.920000024414065,21.266666651407878
11834,91.46,65.27999994506835,37.26666669718424
11835,89.04,62.08,32.63333329264323
11836,92.55,67.59999998779297,41.066666717529294
11837,92.14,67.22000006103515,40.6333332824707
11838,73.72,44.73999998779297,14.69999994913737
11839,85.68,51.77999995727539,26.29999996948242
11840,80.39,49.41999994506836,17.699999979654947
11841,90.23,65.50000006103515,39.80000003051758
11842,75.73,47.30000001220703,15.966666633605957
11843,91.71,68.74000001220703,42.233333272298175
11844,86.62,60.259999987792966,26.833333272298177
11845,81.4,42.099999951171874,25.266666590372722
11846,89.09,62.07999998779297,30.93333332824707
11847,88.55,62.300000048828124,32.46666659545898
11848,91.83,66.67999992675782,37.43333331298828
11849,90.27,64.81999991455078,36.699999964396156
11850,92.23,66.59999991455078,39.06666653442383
11851,90.24,63.71999995727539,36.86666669718424
11852,91.84,66.57999993896485,39.09999984741211
11853,92.71,69.52000004882812,43.93333334350586
11854,89.75,65.13999999389648,36.599999969482425
11855,85.18,52.30000002441406,26.9
11856,92.15,68.51999997558593,42.09999988810221
11857,92.04,66.14000006103515,28.966666661580405
11858,88.59,61.78,30.766666524251303
11859,84.17,54.45999993896484,27.16666660563151
11860,75.75,46.96,16.06666665140788
11861,90.0,63.74000004882812,34.000000020345055
11862,86.87,58.099999951171874,28.5333332417806
11864,90.43,65.89999992675781,35.40000006103516
11865,88.25,62.61999997558594,20.400000010172526
11866,92.05,67.01999992675782,39.26666669718424
11867,92.93,69.88000006103516,42.400000010172526
11868,10.0,0.9999999992370605,0.8333333326975505
11869,89.7,66.05999994506836,37.79999994913737
11870,92.24,67.43999997558593,39.73333337402344
11871,90.84,65.11999998779297,39.433333231608074
11872,87.99,61.33999992675781,30.89999999491374
11873,89.92,62.71999994506836,34.19999993387858
11874,88.34,62.60000004882812,30.166666727701823
11875,58.52,30.620000003051757,12.699999969482421
11877,10.0,0.9999999996185303,0.8333333333333334
11878,89.33,64.08000003662109,33.166666524251305
11880,89.78,63.519999993896484,33.66666668701172
11881,89.78,65.07999998168945,33.900000030517575
11883,87.8,56.299999932861326,29.099999933878582
11884,89.41,62.23999996948242,34.93333336385091
11885,91.79,67.30000001220704,39.833333333333336
11886,88.49,62.19999996337891,30.400000061035158
11888,83.47,49.67999993286133,22.266666681925457
11889,88.55,61.18,32.53333339436849
11890,90.68,64.62000002441407,34.366666687011715
11891,88.9,62.099999963378906,32.46666661580404
11892,47.84,10.259999981689454,9.933333338419596
11893,92.53,68.09999997558593,40.36666653442383
11894,90.74,66.39999991455078,37.0
11895,92.13,67.55999997558594,40.49999988810222
11896,91.63,66.82000006103516,37.83333329264323
11897,88.95,63.84,32.26666655476888
11898,91.06,67.35999997558594,37.80000003051758
11899,92.04,66.92000002441407,42.16666663614909
11901,92.45,67.57999997558593,41.33333325195313
11902,87.01,55.839999938964844,27.266666524251303
11903,89.96,64.36000004882813,34.7666665649414
11904,91.05,65.83999991455079,35.93333322143555
11905,89.46,62.31999992675781,32.2666665242513
11906,92.12,68.63999996337891,39.99999984741211
11907,91.77,67.19999995117188,39.16666669718425
11908,10.0,0.9999999992370605,0.8333333326975505
11909,90.84,64.31999998779297,34.33333329772949
11910,90.15,66.97999993896484,40.499999908447265
11911,89.19,62.38000002441406,32.2333332824707
11912,91.85,67.58000001220704,40.533333302815755
11913,89.17,64.32000004882812,37.93333319091797
11914,89.25,64.02,35.966666636149085
11916,87.38,59.279999969482425,29.66666663614909
11917,79.38,49.78000000610351,19.633333300272625
11918,92.32,68.00000003662109,39.76666663614909
11919,92.04,67.32,39.30000003051758
11920,86.39,57.15999998779297,23.066666681925454
11921,90.93,66.57999986572266,36.933333292643226
11922,89.17,64.53999998779297,33.99999994913737
11923,89.4,63.600000006103514,35.166666666666664
11924,89.34,63.22000001220703,34.06666662597656
11925,91.39,64.13999992675781,32.8666666208903
11926,92.35,69.4,43.13333329264323
11927,91.92,67.59999992675782,40.36666664632161
11929,91.92,66.0200000366211,40.69999996948242
11930,10.0,0.9999999992370605,0.8333333314259846
11931,87.11,59.12000001831055,27.466666727701824
11932,91.63,67.28000001220703,39.16666667683919
11933,81.23,49.62000001220703,21.233333267211915
11935,87.04,58.29999998168945,27.89999999491374
11936,86.66,58.35999998779297,28.199999969482423
11937,92.22,69.06000001220703,41.666666646321616
11938,92.53,68.09999991455078,39.63333321126302
11939,75.91,46.96000000610351,16.266666651407878
11940,91.2,67.17999993896484,39.36666670735677
11941,10.0,1.0,0.8333333333333334
11942,89.69,64.50000006103515,35.099999989827474
11943,93.25,69.96000006103516,44.16666667683919
11944,91.85,67.16000001220704,40.86666658528646
11945,91.15,65.76000004882812,36.5333332824707
11946,86.55,58.560000012207034,28.199999989827475
11947,89.95,63.399999926757815,36.566666707356774
11948,91.95,69.17999997558594,41.26666653442383
11949,89.71,65.45999998168945,33.56666665649414
11950,70.87,40.59999992675781,14.033333287556966
11951,90.02,64.10000002441406,35.46666660563151
11952,90.9,62.06000004882812,33.733333272298175
11953,85.88,59.97999991455078,26.56666658528646
11954,92.39,68.4599999633789,39.833333170572914
11955,91.09,64.57999991455078,34.43333332316081
11956,90.17,64.9600000366211,37.13333330281576
11957,91.88,67.43999995117187,41.6
11958,92.16,67.85999996337891,40.46666670735677
11959,91.04,65.33999992675781,36.59999987792969
11960,90.94,66.95999998779297,36.433333267211914
11961,92.19,67.16000002441406,39.39999993896485
11962,86.13,56.019999951171876,27.266666631062826
11963,87.76,57.139999963378905,31.866666666666667
11965,75.15,46.939999987792966,16.166666664123536
11966,75.39,46.899999993896486,14.99999998474121
11967,90.78,65.97999998779297,36.86666662597656
11968,87.16,57.57999996948242,27.999999984741212
11969,73.02,45.05999998779297,14.333333338419596
11970,91.12,66.27999996337891,36.566666646321615
11971,91.73,67.8,38.999999837239585
11972,91.12,67.04000004882812,39.03333317057292
11973,93.23,70.33999987792969,42.933333353678385
11974,88.55,63.19999998168945,31.8
11976,92.29,67.64000002441406,40.89999991861979
11977,89.06,62.299999932861326,26.966666697184245
11978,80.09,49.32000001220703,18.433333297729494
11979,92.06,68.00000003662109,38.866666564941404
11980,91.9,67.83999991455079,41.099999979654946
11981,91.4,65.52000000610352,36.76666663614909
11982,86.51,52.45999997558594,27.56666665140788
11983,91.1,67.30000001220704,39.79999997965495
11984,86.76,57.68000001220703,31.499999979654948
11986,92.31,68.5200000366211,41.23333318074544
11989,92.8,69.72000002441406,43.63333337402344
11990,91.27,64.07999995727539,29.466666524251302
11991,88.88,63.34000001220703,34.0666665242513
11992,90.98,67.4799999633789,35.499999837239585
11993,90.97,66.76000001220703,40.033333363850915
11994,85.93,57.97999996948242,27.66666663614909
11995,91.52,61.17999993286133,33.53333326212565
11996,89.94,63.88000002441406,34.09999993387858
11997,91.4,65.30000000610352,36.73333332316081
11998,88.88,62.58000000610352,32.33333332316081
11999,74.27,43.919999963378906,15.53333334350586
12000,92.29,67.00000002441406,39.23333331298828
12001,90.43,65.77999991455079,37.400000010172526
12002,93.51,70.41999987792968,42.66666667683919
12003,87.92,59.73999994506836,30.36666660563151
12004,68.19,40.160000006103516,13.43333334350586
12006,88.6,62.26000000610352,31.16666665649414
12007,83.73,54.47999996948242,25.63333334350586
12008,91.88,66.63999999389648,38.53333329264323
12009,88.58,60.939999932861326,32.46666668701172
12010,92.14,67.6600000366211,41.166666646321616
12011,91.67,66.64000001220703,40.19999997965495
12012,75.75,46.960000024414065,15.400000015258788
12013,91.91,67.95999992675782,41.06666654459635
12014,93.24,69.67999995117188,43.933333302815754
12016,93.31,70.05999992675781,44.66666654459635
12018,92.2,67.06000000610352,39.533333231608076
12019,91.31,65.31999997558594,37.29999991861979
12020,91.65,67.50000003662109,39.76666669718424
12021,90.46,66.85999996337891,38.29999989827474
12022,89.62,64.85999998779297,35.09999994913737
12023,90.28,64.29999991455078,33.06666660054525
12026,92.6,67.13999995117187,40.033333374023435
12028,91.33,68.05999992675781,39.699999867757164
12030,91.18,65.33999997558594,33.666666631062824
12031,88.34,61.32000000610351,29.133333221435546
12032,88.65,61.11999997558594,25.99999996439616
12033,86.72,58.11999996948242,27.966666646321613
12034,91.62,66.94000002441406,38.766666727701825
12035,76.09,46.85999999389649,16.29999999745687
12036,88.96,63.479999938964845,33.63333336385091
12037,75.95,47.01999996948242,15.266666651407878
12038,89.24,61.659999932861325,32.13333335367839
12039,92.06,67.35999991455078,38.7
12040,74.8,47.01999998779297,15.666666585286459
12041,89.29,64.82000002441406,35.733333333333334
12042,90.87,65.8800000366211,39.00000005086263
12043,93.59,69.85999991455078,42.89999989827474
12044,91.55,68.10000001220703,37.79999985758464
12046,68.71,37.80000000610352,16.43333334859212
12047,75.17,46.779999963378906,15.100000010172526
12048,79.73,43.37999995727539,25.60000001525879
12049,88.88,63.55999993896484,33.29999996439616
12050,91.24,66.34000002441407,38.799999938964845
12051,90.18,64.68000001220703,38.06666667683919
12052,88.97,63.060000012207034,33.533333241780596
12053,93.33,70.39999986572266,45.63333326212565
12054,86.5,59.37999996948242,25.100000010172526
12056,87.5,55.09999992675781,28.533333257039388
12057,89.27,63.33999997558594,32.16666667683919
12058,92.49,69.6,43.866666615804036
12059,83.46,55.399999975585935,21.999999984741212
12060,92.7,67.85999991455078,39.166666524251305
12061,87.73,58.779999951171874,32.19999989827474
12062,92.05,67.12000004882813,39.699999938964844
12063,91.87,67.45999992675782,39.499999959309896
12064,77.35,43.94,25.699999969482423
12065,85.72,55.979999993896485,25.4666666208903
12066,91.57,68.38,41.400000020345054
12067,91.97,67.82000006103516,38.466666564941406
12069,88.85,61.44,20.99999996439616
12070,88.07,61.45999993286133,29.00000003051758
12071,91.42,67.99999997558594,37.96666672770182
12072,89.15,64.00000006103515,33.866666687011715
12073,88.74,65.20000001220703,34.46666665649414
12074,91.55,65.97999986572266,38.3666667175293
12075,93.13,69.46,42.866666564941404
12077,91.27,66.41999992675781,38.499999837239585
12078,93.17,70.71999995117187,43.93333337402344
12079,59.35,31.439999975585938,12.799999972025553
12080,93.09,71.09999992675782,44.5
12081,92.59,67.36000001220702,40.23333317057292
12082,92.23,68.97999986572266,42.766666727701825
12083,91.49,67.25999999389649,39.933333282470706
12084,48.61,10.239999995422364,10.133333333333333
12085,89.83,63.420000024414065,33.999999959309896
12086,91.02,66.53999994506836,38.333333282470704
12087,85.14,57.319999981689456,16.933333277384442
12088,90.58,66.89999997558594,38.83333336385091
12089,83.35,55.92,21.53333329772949
12090,80.45,50.45999995117187,16.99999993387858
12091,10.0,1.0,0.8333333314259846
12092,92.77,68.92000004882813,41.066666646321615
12093,91.16,65.13999998168946,33.86666658528646
12094,75.43,46.13999999389648,15.299999994913737
12095,88.9,62.08,31.933333302815754
12096,79.64,50.999999963378905,16.966666648864745
12097,87.67,59.7199999633789,30.1
12098,92.3,68.13999990234375,42.46666660563151
12099,92.71,68.91999997558594,44.9666667175293
12100,86.36,57.83999996337891,22.833333338419596
12102,89.32,62.05999998779297,27.833333287556965
12103,86.01,58.80000000610352,28.36666660563151
12104,92.94,69.34000002441407,42.56666650390625
12105,55.07,29.839999990844728,10.999999989827474
12106,91.76,67.07999995117187,38.966666636149085
12107,92.41,68.32000001220703,40.26666664632162
12108,91.8,67.8200000366211,39.66666654459635
12109,90.91,66.18000002441406,36.46666658528646
12110,75.6,46.48000001220703,15.499999972025554
12111,89.53,64.05999997558594,34.36666663106283
12112,84.27,57.679999926757816,23.699999994913735
12113,92.23,67.73999992675782,37.96666650390625
12114,89.03,62.179999926757816,30.899999888102215
12115,92.04,68.97999987792969,42.499999979654945
12116,87.83,59.67999995727539,32.00000006103516
12119,83.23,55.579999981689454,21.966666595458985
12120,92.65,68.29999999389648,41.96666668701172
12121,92.07,68.29999993896485,41.133333384195964
12122,88.5,63.400000036621094,32.26666669718424
12123,93.75,70.53999992675782,45.56666672770182
12124,91.9,68.16,39.299999938964845
12125,92.96,68.55999995117187,42.766666605631514
12126,92.05,67.0799998779297,40.100000040690105
12127,89.37,62.23999994506836,33.500000030517576
12128,92.32,67.30000004882812,39.53333335367839
12129,85.86,52.1,24.53333332824707
12130,92.81,69.18000004882812,42.00000005086263
12131,87.07,59.18000000610351,32.89999998982747
12132,73.35,44.59999999389648,14.233333315531413
12133,88.32,60.660000048828124,21.899999974568686
12134,89.4,64.94000004882813,36.60000001017253
12135,91.81,68.80000004882812,43.20000005086263
12136,90.89,66.67999999389649,38.76666667683919
12137,91.26,65.38,35.69999988810221
12138,91.05,66.66000000610352,39.999999979654945
12139,90.73,66.42,37.06666672770182
12140,93.37,69.13999996337891,44.96666659545898
12141,79.92,51.26000001831055,21.033333323160807
12142,87.02,57.90000002441406,28.233333348592122
12143,93.02,69.40000002441407,42.13333334350586
12144,89.34,64.27999996337891,34.23333329264323
12145,89.02,63.09999992675781,33.79999996439616
12146,90.1,64.92,35.30000002034505
12147,80.54,49.35999996948242,17.466666615804037
12148,92.34,67.44000001220704,42.96666654459636
12149,91.5,66.91999998168946,38.59999986775716
12150,10.0,1.0,0.8333333314259846
12151,78.15,42.84000001220703,22.36666658528646
12152,85.18,52.020000006103515,26.666666661580404
12153,80.14,51.139999963378905,21.699999997456867
12154,90.12,65.15999991455078,35.999999837239585
12155,92.72,68.43999996948243,42.63333323160807
12157,89.39,62.32000001220703,34.23333331298828
12158,93.79,70.19999998779296,43.96666658528646
12159,91.06,66.1799999633789,37.666666534423825
12161,92.25,68.29999996337891,42.60000006103515
12162,91.41,66.4399999267578,38.16666657511393
12163,88.68,62.600000024414065,30.366666600545248
12164,93.09,69.13999996948242,41.966666564941406
12165,91.59,66.75999992675781,39.40000005086263
12166,87.6,57.87999996948242,30.100000020345053
12167,90.56,65.95999997558594,35.933333302815754
12168,88.73,62.679999963378904,35.6333332417806
12169,88.54,63.21999991455078,30.266666615804038
12170,91.86,67.91999992675781,39.63333339436849
12171,89.35,62.17999994506836,32.76666664632162
12172,87.06,55.99999995727539,31.033333257039388
12173,92.5,68.56000002441407,42.6333332417806
12174,88.66,63.660000061035156,33.76666669718424
12175,93.33,69.92,43.866666687011715
12176,87.83,61.04,33.433333353678385
12177,85.08,56.89999996948242,17.766666615804038
12178,92.25,68.35999992675781,40.6
12179,89.54,64.4000000366211,36.29999986775716
12181,10.0,0.9999999996185303,0.8333333320617676
12183,88.64,64.31999996948242,33.666666524251305
12185,87.51,55.20000002441406,30.966666727701824
12186,92.44,70.1000000366211,41.566666697184246
12187,89.01,62.37999996948242,31.733333282470703
12188,80.13,51.140000024414064,21.433333277384442
12189,92.4,68.86000001220702,39.96666664632161
12190,86.73,58.41999998779297,27.23333332824707
12191,91.29,65.13999996337891,38.76666651407878
12192,88.56,62.04000000610352,24.966666681925457
12193,92.12,67.4399999267578,38.6999999593099
12194,92.3,68.27999996337891,40.000000030517576
12195,88.31,62.37999998779297,30.79999993387858
12196,92.11,66.55999991455079,39.49999987792969
12197,92.59,68.98000000610351,41.23333321126302
12198,92.85,69.21999992675781,42.83333321126302
12199,88.09,61.099999951171874,31.533333353678387
12200,88.62,62.89999995727539,34.36666653442383
12202,88.33,63.54000002441406,33.866666615804036
12203,89.97,64.01999998779297,34.266666595458986
12204,87.19,58.07999994506836,29.599999994913738
12205,91.92,67.47999986572266,39.19999984741211
12206,88.58,61.22000001220703,23.63333326212565
12207,89.14,62.42000001220703,32.76666664632162
12208,80.2,51.41999997558594,21.03333336385091
12209,81.36,54.87999998779297,20.83333336385091
12210,78.28,42.31999999389649,20.700000010172527
12211,92.15,68.15999993896484,41.83333331298828
12213,91.96,67.92000003662109,40.59999986775716
12214,91.96,66.78000003662109,38.866666727701826
12215,90.83,66.10000006103516,35.89999985758463
12216,92.08,66.39999998779297,39.96666650390625
12217,90.92,64.37999991455078,36.99999986775716
12219,92.12,68.23999998168945,41.299999888102214
12220,92.17,69.25999993896484,43.86666666666667
12221,87.33,60.18000000610351,26.93333329264323
12222,92.05,67.65999989013672,39.19999996948242
12223,93.17,69.89999991455078,44.20000005086263
12224,68.43,39.75999993286133,13.733333318074544
12225,88.64,63.459999969482425,33.333333170572914
12226,88.25,59.699999951171876,22.03333331298828
12227,89.34,63.47999995117188,33.16666669718425
12228,90.31,65.73999997558593,35.633333272298174
12229,92.42,68.11999992675781,40.36666666666667
12230,81.91,53.71999998779297,19.499999994913736
12231,91.7,67.58000006103515,40.53333317057292
12232,91.12,65.81999992675782,35.60000002034505
12233,91.68,66.65999995117187,38.56666656494141
12234,91.79,67.06000006103515,41.099999989827474
12235,75.79,47.19999995727539,15.933333330790202
12236,80.42,51.12,20.766666615804038
12237,86.76,55.85999993896484,27.266666646321614
12238,91.92,67.51999989013672,39.39999991861979
12239,92.53,67.93999991455078,40.86666650390625
12240,92.5,67.1600000366211,40.56666661580404
12241,91.61,68.08000000610352,38.199999877929685
12243,92.04,67.56,37.799999888102214
12244,92.2,67.97999991455079,42.06666665649414
12245,91.97,68.1200000366211,39.46666659545898
12246,91.44,65.42000003662109,37.36666650390625
12247,92.66,68.39999986572266,40.266666727701825
12248,91.72,67.47999992675781,40.96666667683919
12249,93.13,69.73999992675782,44.76666655476888
12250,88.58,62.520000006103515,31.66666660054525
12251,93.16,68.57999989013672,43.39999990844726
12252,92.13,68.33999990234375,40.96666670735677
12253,90.98,65.02,28.966666615804037
12254,92.33,69.36000006103515,42.89999994913737
12255,89.96,64.37999997558593,34.066666661580406
12256,91.83,68.63999996337891,42.000000040690104
12257,92.5,67.63999995117187,38.866666554768884
12258,89.36,62.64000000610351,37.56666667683919
12259,85.98,50.84000001220703,27.09999994913737
12260,75.92,46.86,15.19999999745687
12261,88.96,62.54000001220703,32.866666676839195
12262,90.34,63.08,35.79999993387858
12263,87.3,61.43999998168945,25.59999994913737
12264,91.33,64.8399999633789,33.26666660054525
12265,10.0,1.0,0.8333333314259846
12266,10.0,1.0,0.8333333314259846
12267,84.81,57.95999995117187,24.233333333333334
12268,86.54,57.91999993286133,27.933333353678385
12269,89.87,64.84000004882813,34.56666672770182
12270,93.25,68.18,43.266666544596355
12271,90.81,65.57999993896485,36.933333170572915
12272,92.43,68.56000006103515,41.0
12273,89.06,62.99999992675781,30.76666672770182
12275,72.24,38.14,17.866666631062827
12276,91.74,68.41999995117187,42.79999998982748
12277,88.78,62.93999996948242,31.966666585286458
12278,92.35,67.77999989013672,40.43333325195312
12279,92.01,66.77999987792968,39.43333326212565
12280,93.0,69.51999996337891,43.76666662597656
12281,89.99,63.840000006103516,36.03333335367839
12282,87.78,55.91999998779297,31.43333319091797
12283,91.15,67.29999999389648,38.63333339436849
12284,91.04,64.31999997558594,37.89999991861979
12285,90.97,65.48000000610351,36.89999996948242
12286,86.55,57.97999994506836,27.666666615804036
12287,88.52,62.67999998779297,32.66666658528646
12288,92.92,68.45999993896484,41.36666658528646
12289,89.66,64.27999998779296,37.56666650390625
12290,90.2,65.64000002441406,36.233333272298175
12291,67.02,37.18000002441406,15.566666600545247
12292,78.14,44.81999995117187,22.06666660563151
12293,91.77,68.79999993896485,41.6999999593099
12294,89.53,62.89999994506836,35.833333353678384
12295,93.6,71.16000001220704,44.83333321126302
12297,88.89,62.32000000610351,32.43333326212565
12298,88.69,62.079999993896486,32.633333312988285
12299,84.72,53.45999993286133,24.099999944051106
12300,92.57,69.56000006103515,42.833333282470704
12302,86.67,57.479999932861325,27.899999979654947
12303,79.68,42.50000000610351,22.73333326212565
12304,89.97,64.8999999633789,35.93333336385091
12305,89.35,64.28000000610352,34.23333325195313
12306,92.27,67.56000001220703,41.36666670735677
12307,84.8,57.53999994506836,16.233333282470703
12308,10.0,1.0,0.8333333333333334
12309,89.28,65.7999999267578,36.26666658528646
12310,89.46,63.31999992675781,31.89999989827474
12311,91.98,67.16,41.4666667175293
12312,86.87,61.29999996948242,27.46666663614909
12313,92.36,66.77999996337891,39.23333319091797
12314,86.5,57.63999993286133,25.099999888102214
12315,90.29,63.960000024414065,34.33333332316081
12316,88.92,64.29999986572265,33.166666666666664
12317,89.01,62.37999991455078,32.4333332417806
12318,88.92,62.35999999389649,32.966666661580405
12319,89.66,64.51999996948243,36.09999983723959
12320,73.3,44.92000001220703,15.433333300272624
12321,10.0,0.9999999992370605,0.8333333320617676
12322,88.88,63.03999995727539,33.133333251953125
12323,85.11,56.779999951171874,23.69999995422363
12324,88.79,62.3,33.366666687011715
12325,91.35,67.62000002441407,39.666666534423825
12326,84.92,57.80000001831055,23.46666662597656
12328,86.79,59.33999994506836,28.26666663614909
12329,76.17,47.03999994506836,15.466666633605957
12330,56.49,29.059999966430663,11.966666666666667
12331,85.59,51.18000001220703,25.933333323160806
12332,91.99,68.5399999633789,40.3
12333,70.87,40.21999993896485,12.766666664123536
12334,91.64,66.84,39.03333329264323
12335,86.6,57.97999996948242,28.799999888102214
12336,86.97,59.91999997558594,27.066666697184246
12337,90.79,66.42000003662109,39.33333336385091
12338,88.79,63.03999999389649,33.76666665649414
12339,89.97,67.52000004882812,37.799999888102214
12340,85.98,57.00000001220703,29.566666636149087
12341,88.59,62.37999997558594,31.73333339436849
12342,91.47,64.83999999389648,37.866666564941404
12343,88.6,62.31999995727539,31.166666595458985
12344,90.99,64.06000001220703,37.999999969482424
12345,86.45,52.35999996948242,25.89999998474121
12346,89.37,62.58000000610352,32.26666660054525
12347,10.0,1.0,0.8333333314259846
12348,92.57,67.24000001220703,40.59999983723959
12349,92.96,68.55999995117187,42.7666665242513
12350,92.41,68.6799999633789,42.36666651407877
12351,82.89,54.93999994506836,20.96666662597656
12352,87.13,54.65999997558594,26.2333332417806
12353,90.15,64.17999999389649,34.73333335367838
12354,88.17,60.21999995727539,34.19999999491374
12355,92.87,68.98000000610351,42.96666660563151
12356,91.87,67.21999992675781,40.566666717529294
12357,90.75,65.76000001220703,37.03333319091797
12358,89.32,64.48000003662109,33.43333331298828
12359,92.35,67.57999986572266,41.29999983723958
12360,92.25,67.58000006103515,39.23333337402344
12361,75.34,46.899999926757815,15.333333323160808
12362,92.55,68.92000004882813,43.83333332316081
12363,90.34,64.73999998779297,35.666666534423825
12364,88.14,62.759999981689454,33.4666665242513
12365,72.84,40.000000018310544,17.69999994913737
12367,53.59,29.979999963378905,11.13333329264323
12368,89.28,63.6,35.166666666666664
12369,92.02,66.57999996337891,39.36666670735677
12370,10.0,0.9999999988555908,0.8333333326975505
12372,91.0,66.19999992675781,32.199999989827475
12373,92.44,68.16000006103516,40.66666670735677
12374,92.02,66.9600000366211,38.26666658528646
12375,92.08,67.68000006103516,40.06666659545898
12376,88.72,61.659999993896484,32.266666544596355
12377,83.98,54.19999992675781,21.966666661580405
12378,75.74,37.719999926757815,20.066666697184246
12379,90.85,66.78000004882813,39.20000004069011
12380,86.42,56.979999938964845,22.83333330790202
12381,91.12,62.52000002441406,35.83333325195313
12382,90.93,67.03999987792969,39.16666655476888
12383,92.18,69.63999991455078,41.73333331298828
12385,91.99,66.84000003662109,39.06666663614909
12386,91.67,66.0399999633789,38.06666650390625
12387,88.93,61.37999996948242,32.433333302815754
12388,92.61,69.29999996337891,41.66666672770182
12389,89.12,64.43999994506837,34.29999989827474
12390,86.05,52.59999997558594,26.7
12391,92.59,69.37999995117187,43.16666651407878
12392,75.28,46.179999963378904,15.60000001525879
12393,89.84,65.29999998779297,37.100000040690105
12394,91.16,65.95999998168945,34.099999857584635
12395,86.87,58.039999963378904,31.40000002034505
12396,92.43,69.45999987792969,43.19999991861979
12397,92.44,67.3800000366211,38.63333323160807
12398,84.14,57.999999975585936,24.166666631062824
12400,90.49,65.03999998779297,38.16666654459635
12401,90.56,66.03999997558594,39.69999991861979
12402,84.15,55.939999938964846,26.33333329264323
12403,88.94,61.539999963378904,30.43333332824707
12404,92.43,68.85999992675781,43.03333331298828
12405,88.73,63.080000048828126,32.866666600545244
12406,88.74,60.91999998779297,29.69999994913737
12407,84.7,57.819999914550785,24.133333287556965
12408,71.05,35.7199999633789,15.966666646321615
12409,88.96,62.319999969482424,32.06666659545898
12410,92.53,68.1000000366211,40.36666664632161
12412,84.45,58.03999993286133,23.6666666208903
12416,92.28,68.37999986572265,41.80000005086263
12417,92.25,68.79999997558593,41.133333272298174
12418,91.06,65.47999993896484,37.83333330281575
12419,80.43,50.579999993896486,21.066666646321615
12420,10.0,0.9999999996185303,0.8333333333333334
12421,93.67,71.53999997558594,44.79999990844727
12422,90.8,64.03999993896484,37.79999992879232
12423,91.06,65.26,35.96666664632161
12424,92.44,68.98,43.13333317057292
12425,81.83,54.75999996337891,20.86666665649414
12426,88.83,62.00000000610351,31.13333339436849
12427,92.37,67.85999995117187,42.13333330281576
12428,90.35,65.01999986572265,36.599999969482425
12429,92.2,66.64000001220703,41.20000004069011
12430,86.53,58.89999994506836,28.599999959309894
12431,91.94,68.45999991455078,40.800000010172525
12433,90.29,64.15999996337891,35.33333319091797
12434,81.49,47.039999981689455,19.56666658528646
12435,90.47,66.19999997558594,37.59999987792969
12436,91.42,67.35999992675781,39.56666650390625
12437,86.31,57.259999975585934,28.833333251953125
12438,90.31,64.27999998168946,32.866666554768884
12439,86.21,58.13999998779297,28.56666655476888
12440,92.08,67.08000006103515,39.799999877929686
12441,88.88,63.039999926757815,34.0666665242513
12442,91.13,66.11999987792969,36.56666666666667
12443,89.29,62.039999926757815,29.96666659037272
12444,92.07,67.91999986572266,41.09999994913737
12445,86.29,58.41999996948242,27.23333332824707
12446,91.71,66.9399999267578,38.79999989827474
12447,90.48,64.56000002441407,21.89999993387858
12448,88.73,63.420000006103514,32.96666661580404
12449,91.58,67.06000000610352,41.23333319091797
12450,89.31,64.64000000610352,35.19999989827474
12451,93.7,70.37999987792969,44.43333338419596
12452,91.35,67.42000002441407,40.533333231608076
12453,86.85,58.46000001220703,26.9666666208903
12454,90.21,62.659999865722654,36.96666650390625
12455,90.19,64.21999998779297,33.26666655476888
12456,92.96,69.15999991455078,44.166666646321616
12457,90.95,64.53999998779297,37.46666666666667
12458,90.99,65.72000003662109,36.233333394368486
12459,88.71,60.659999993896484,20.500000010172528
12460,89.39,64.26000001220703,35.16666656494141
12461,91.1,67.44000002441406,37.06666665649414
12462,86.31,58.45999995117187,27.56666657511393
12463,10.0,0.9999999996185303,0.8333333333333334
12465,90.7,66.76000001220703,37.699999938964844
12466,93.75,70.64,45.83333339436849
12467,86.71,58.06,28.033333323160807
12468,76.36,46.96000001220703,15.60000001525879
12470,84.18,56.21999998779297,23.10000001525879
12471,92.48,68.13999993896485,43.9666665242513
12472,87.06,58.23999996337891,29.399999969482423
12474,79.92,49.45999993896484,20.93333331298828
12475,86.66,58.19999996948242,28.299999964396157
12476,93.94,70.56000004882813,45.700000061035155
12478,92.43,69.85999995117187,42.73333331298828
12479,87.31,56.34000002441406,28.399999979654947
12480,89.66,62.600000024414065,28.566666676839194
12482,79.54,50.69999996948242,21.166666671752928
12484,87.33,58.019999993896484,30.566666676839194
12485,76.15,45.94000000610352,15.700000020345053
12486,82.93,54.200000006103515,20.366666600545248
12487,91.82,67.37999993896484,38.766666544596355
12488,92.03,67.95999992675782,41.06666661580404
12489,93.0,69.07999993896485,42.500000040690104
12490,89.73,63.43999998168945,36.79999997965495
12493,91.21,65.90000000610351,37.599999928792315
12494,93.15,70.21999985351563,44.56666659545898
12495,92.22,69.31999990234375,41.69999996948242
12496,90.07,65.28000000610352,36.699999877929685
12497,88.83,62.91999992675781,32.16666661580404
12498,86.99,61.019999951171876,27.799999954223633
12499,88.98,63.160000006103516,33.6333332824707
12502,89.31,62.03999991455078,33.099999857584635
12504,92.3,67.69999986572266,39.23333330281576
12505,92.0,67.3200000366211,39.333333333333336
12506,92.49,68.97999989013672,45.16666668701172
12507,89.11,63.13999994506836,33.16666655476888
12508,92.8,69.64000006103515,42.03333338419596
12509,92.05,67.19999992675781,39.4333332417806
12510,51.67,10.44000000152588,11.066666648864746
12511,57.79,30.119999993896485,12.466666681925457
12512,91.0,66.25999995117188,36.633333201090494
12513,88.29,62.51999998168945,33.06666656494141
12514,87.99,63.38000003662109,33.06666672770182
12515,92.01,67.92000001220703,38.39999996948242
12516,88.96,62.41999992675781,32.80000002034505
12517,87.44,59.87999995727539,28.73333327229818
12518,92.97,70.45999997558594,43.499999837239585
12519,89.01,65.4199999572754,33.43333339436849
12521,82.91,55.13999998779297,20.40000002034505
12522,89.34,64.09999995727539,34.49999991861979
12523,92.16,67.25999986572266,39.33333331298828
12524,91.88,66.99999992675781,38.09999983723959
12525,92.85,69.65999991455078,43.96666659545898
12526,91.87,67.41999997558594,39.53333331298828
12527,79.37,46.05999996948242,17.19999996439616
12528,93.14,70.05999998168946,44.3666667175293
12529,90.75,65.27999991455079,37.06666666666667
12530,93.38,69.14,42.33333329264323
12531,91.57,65.53999995117188,37.79999990844727
12532,91.79,67.69999992675781,41.10000005086263
12533,88.69,63.179999981689456,31.19999989827474
12534,92.12,68.13999989013672,39.63333334350586
12535,89.0,63.02000001220703,33.36666662597656
12536,90.97,66.79999995117187,38.266666727701825
12537,92.23,67.03999992675782,39.73333318074544
12538,92.25,67.48000001220703,40.33333323160807
12539,90.71,64.21999993896485,35.266666605631514
12540,89.19,62.37999997558594,33.43333329772949
12541,75.73,46.359999963378904,15.93333332824707
12542,93.39,69.25999991455078,44.23333318074544
12543,88.45,63.540000036621095,34.19999993387858
12544,92.3,67.4000000366211,39.46666668701172
12545,92.44,67.70000004882813,41.23333318074544
12546,81.32,48.359999975585936,20.966666646321613
12547,86.05,57.61999994506836,23.899999938964843
12548,92.52,68.24000004882812,40.96666664632161
12549,93.11,68.83999987792969,42.93333331298828
12550,75.79,47.25999996948242,15.933333330790202
12551,92.03,67.16000006103516,39.66666660563151
12554,91.59,65.18,37.4666665242513
12555,93.25,70.15999986572265,42.86666660563151
12556,89.02,63.22000001220703,33.133333251953125
12557,88.73,61.880000006103515,33.699999867757164
12558,92.12,69.92000006103515,43.29999991861979
12559,92.68,68.4400000366211,41.53333331298828
12560,92.11,68.3999999633789,37.966666697184245
12561,10.0,0.9999999996185303,0.8333333320617676
12562,90.04,64.72000001220704,33.766666605631514
12563,78.28,49.600000024414065,19.49999996439616
12564,92.83,69.14000006103515,42.30000002034505
12565,91.18,65.61999998779297,33.999999969482424
12566,10.0,1.0,0.8333333314259846
12567,92.44,68.24000002441406,40.53333317057292
12569,93.49,68.11999998779297,44.93333339436849
12570,87.74,57.619999993896485,33.3666665242513
12571,91.29,66.46000006103516,36.70000003051758
12572,93.38,69.9399999267578,45.43333318074544
12573,10.0,0.9999999996185303,0.8333333320617676
12574,93.78,72.74000002441406,45.46666667683919
12575,72.94,44.639999963378905,14.500000010172526
12577,93.3,69.78000004882813,43.16666670735677
12578,90.89,67.82000000610351,38.900000030517575
12580,89.03,62.19999999389648,32.499999923706056
12581,93.24,68.02000002441406,44.19999989827474
12582,89.13,61.560000024414066,31.366666575113932
12583,88.79,62.36,31.06666658528646
12584,89.5,62.439999938964846,32.93333322143555
12585,87.95,59.15999996948242,30.16666668701172
12587,92.25,67.76000004882812,30.000000010172528
12588,84.41,50.45999999389648,23.433333353678385
12589,91.13,66.92,38.89999989827474
12590,75.94,47.000000024414064,15.499999979654948
12591,89.83,64.20000001220703,37.233333333333334
12592,90.59,63.71999996948242,36.366666615804036
12593,82.88,53.839999993896484,20.433333302815754
12594,92.25,67.84000003662109,39.166666595458985
12595,91.85,68.57999986572266,42.93333325195312
12596,92.89,69.25999987792969,41.39999984741211
12597,90.88,66.06000002441407,38.36666662597656
12599,92.44,68.9799999572754,42.13333334350586
12600,89.95,66.09999987792969,37.06666667683919
12601,92.18,66.56000004882813,39.499999979654945
12602,89.0,62.019999951171876,32.20000002034505
12603,89.06,62.159999993896484,34.23333323160807
12604,75.58,47.259999993896486,16.033333282470704
12605,91.65,65.04000001220703,41.066666575113935
12607,88.9,62.71999996948242,31.83333331298828
12609,92.85,69.51999995117187,41.39999985758463
12610,92.77,69.61999992675781,42.53333321126302
12611,84.63,57.619999987792966,23.066666595458983
12612,91.24,66.22,39.499999959309896
12613,85.58,52.09999992675781,23.266666595458986
12614,88.97,62.71999991455078,31.833333251953125
12615,86.6,58.819999981689456,29.56666665140788
12616,91.09,67.49999996948242,38.666666666666664
12617,93.63,69.93999998779297,44.133333251953125
12618,92.66,69.04000004882812,40.133333312988285
12619,89.89,65.84000003662109,35.2666665649414
12620,93.23,69.44000006103515,44.36666658528646
12621,68.17,39.02000002441406,12.966666666666667
12622,80.43,50.09999993286133,21.166666625976564
12623,89.6,64.86000001220702,33.03333332316081
12624,91.7,66.89999999389649,38.499999969482424
12625,86.09,55.33999995727539,30.06666657511393
12627,93.05,70.06000003662109,42.93333331298828
12628,90.85,65.51999992675782,37.43333322143555
12629,81.22,47.99999995727539,22.83333329264323
12631,91.22,66.05999992675781,37.86666657511393
12632,91.44,65.47999998168946,36.000000030517576
12633,89.2,61.98,30.499999928792317
12634,91.57,66.83999993896484,38.566666697184246
12635,92.05,66.48000006103516,39.166666666666664
12636,89.83,65.27999989013672,36.49999989827474
12637,79.9,48.17999998779297,19.733333251953123
12638,92.46,68.95999990234375,42.633333312988285
12639,90.42,68.95999991455078,40.39999987792969
12640,82.4,52.88000001831055,19.300000005086265
12642,85.21,57.83999996337891,23.73333327229818
12643,90.86,66.40000004882812,27.66666660054525
12644,89.96,64.26000002441407,37.73333326721191
12645,93.94,70.56,44.36666662597656
12646,92.43,68.00000004882813,36.933333302815754
12647,90.76,65.05999993896485,36.50000006103516
12648,91.75,67.03999991455078,42.30000005086263
12649,90.27,63.380000006103515,36.966666636149085
12651,92.41,66.6199999633789,38.366666544596356
12652,92.4,67.80000001220704,40.733333272298175
12653,89.61,63.47999997558594,34.20000001017252
12654,87.12,55.81999992675781,30.766666646321614
12655,91.25,65.29999999389648,37.63333323160807
12656,89.13,62.060000012207034,32.03333331298828
12657,90.29,64.73999991455078,34.33333336385091
12658,91.81,69.23999986572265,30.666666625976564
12659,92.03,67.89999991455078,39.96666660563151
12660,90.36,66.01999992675782,39.76666670735677
12661,89.05,63.560000006103515,33.199999857584636
12662,85.08,57.85999995727539,16.49999996439616
12663,93.79,71.26000002441407,44.53333322143555
12664,88.71,61.63999995117187,31.833333297729492
12665,80.58,50.77999994506836,20.96666668701172
12666,91.12,66.87999998779297,38.23333330281576
12667,92.04,67.06000006103515,38.299999938964845
12668,92.21,67.64000006103515,42.29999996948242
12669,84.2,55.23999998779297,25.59999994913737
12670,86.14,58.54,26.933333302815754
12671,87.84,58.13999995117187,33.39999993387858
12672,93.11,70.29999996337891,42.766666544596355
12673,89.6,64.66000002441406,34.4333332417806
12674,90.03,65.24000001220703,36.76666665649414
12675,92.69,68.09999993896484,39.53333327229818
12676,88.56,62.31999997558594,32.43333333333333
12678,92.2,67.35999991455078,39.199999938964844
12679,92.12,69.22000002441406,41.50000001017253
12681,86.47,58.22000000610352,28.700000010172527
12682,92.06,66.6800000366211,40.06666672770182
12683,90.52,64.99999997558594,36.49999986775716
12684,89.06,62.28000000610351,32.56666665649414
12685,91.79,67.14000002441406,38.766666727701825
12686,91.95,67.83999986572266,40.13333337402344
12688,91.31,65.07999998168945,37.46666665649414
12689,92.64,68.90000006103516,42.16666670735677
12690,92.99,68.6600000366211,43.099999989827474
12691,82.2,49.58,21.133333307902017
12693,73.51,44.73999992675781,14.76666668701172
12694,88.94,61.299999987792965,32.466666697184245
12695,92.18,67.43999996337891,41.19999983723958
12696,92.21,66.57999991455078,40.4333332417806
12697,89.58,65.29999999389648,35.39999985758463
12699,90.2,65.55999997558594,33.79999996948242
12700,91.8,67.28000003662109,39.19999994913737
12701,92.55,68.96,41.66666669718425
12703,90.0,64.06000002441407,32.89999998982747
12704,90.11,64.67999992675782,35.56666656494141
12705,86.52,53.31999992675781,25.999999954223632
12706,80.37,48.63999992675781,18.766666648864746
12707,92.62,68.2999998779297,41.93333336385091
12708,91.43,66.65999993896484,38.73333323160807
12709,92.74,68.00000006103515,42.26666670735677
12710,91.19,66.31999987792969,37.500000030517576
12711,92.18,69.62000004882813,42.29999983723958
12712,92.53,67.31999993896484,40.500000040690104
12713,76.7,44.38000001831055,22.29999996948242
12714,90.83,66.94000002441406,39.79999996439616
12715,89.77,63.86,33.36666662597656
12716,91.57,66.33999999389648,36.89999986775716
12717,87.34,56.83999998168945,31.133333302815757
12718,93.28,70.13999987792968,44.5666665242513
12719,77.37,42.179999969482424,26.899999938964843
12720,75.91,46.19999992675781,15.833333302815754
12721,50.43,10.359999995422363,10.166666664123536
12722,86.41,53.73999996948242,26.73333329264323
12723,92.29,66.99999992675781,38.36666650390625
12725,91.81,65.58,38.633333323160805
12727,67.24,37.799999987792965,15.799999944051107
12728,89.69,63.759999975585934,32.79999996948242
12729,92.5,69.39999997558594,43.23333325195313
12730,89.48,64.40000000610351,36.399999994913735
12731,74.35,47.05999998779297,15.666666600545247
12732,79.61,51.29999992675781,20.70000002034505
12733,89.83,65.25999991455078,36.733333394368486
12734,90.28,64.48000003662109,36.26666655476888
12735,91.27,65.37999992675782,25.63333334859212
12736,92.54,69.41999989013672,42.46666672770182
12737,89.83,64.20000004882813,33.633333312988285
12738,49.21,10.079999987792968,10.36666663614909
12740,89.62,63.97999998168945,33.79999996948242
12741,91.34,64.86000002441406,37.133333201090494
12742,91.05,64.59999992675782,35.79999989827474
12743,88.95,61.0799999633789,33.433333353678385
12744,79.84,49.77999993286133,19.033333353678387
12745,92.53,68.31999992675782,41.63333321126302
12746,10.0,0.9999999992370605,0.8333333326975505
12747,91.74,67.79999993896485,38.83333318074544
12749,62.4,34.49999995727539,14.066666666666666
12750,53.14,28.98,10.8666666208903
12751,90.18,63.999999975585936,34.73333317057292
12752,89.46,64.29999995117187,33.466666697184245
12753,88.1,58.88,31.366666697184243
12754,92.95,69.35999995117187,41.666666666666664
12755,87.59,58.80000002441406,29.0333332417806
12756,91.24,67.01999996948243,38.299999888102214
12757,88.98,63.51999997558594,35.166666524251305
12758,92.43,68.06000001220703,40.73333330281576
12760,92.78,68.41999993896485,41.19999983723958
12762,10.0,0.9999999992370605,0.8333333320617676
12764,90.27,65.09999993896484,34.86666659037272
12765,88.7,62.94000000610352,32.199999857584636
12766,82.1,51.37999993286133,20.76666664123535
12767,92.49,68.59999995117188,41.533333374023435
12768,88.1,61.83999996948242,33.53333331298828
12769,90.06,64.15999999389649,35.19999994913737
12770,80.14,50.680000018310544,20.899999989827474
12771,91.15,66.46000006103516,38.83333330281575
12772,86.92,58.95999995117187,29.599999964396158
12773,79.73,42.54000002441406,24.899999938964843
12774,91.53,67.20000001220703,37.89999993896485
12775,90.12,64.71999997558594,35.999999969482424
12776,93.54,69.40000001220703,42.93333321126302
12777,90.54,64.37999997558593,34.06666661580404
12778,92.54,70.17999989013671,43.399999888102215
12779,92.95,70.13999987792968,42.1
12780,75.85,46.63999995727539,15.466666681925457
12781,87.56,59.62000000610352,30.33333334350586
12782,89.06,64.01999987792969,33.93333322143555
12783,91.78,66.69999999389648,39.833333353678384
12784,46.59,10.119999989318847,11.133333320617675
12785,88.07,57.69999992675781,25.86666668701172
12786,91.15,65.85999995117187,36.26666658528646
12787,89.14,63.319999914550785,33.73333337402344
12788,86.11,51.799999932861326,27.36666659037272
12789,92.29,67.1,39.26666664632162
12790,90.94,65.41999993896485,36.59999993387858
12791,90.08,66.50000003662109,36.733333333333334
12792,92.22,69.6199999633789,42.36666663614909
12793,90.41,66.27999996337891,38.33333337402344
12795,90.3,63.71999991455078,35.566666697184246
12796,92.74,68.28,43.43333338419596
12797,91.68,67.83999995117188,34.366666564941404
12798,80.5,49.960000018310545,21.63333332316081
12799,93.81,71.93999993896485,45.36666663614909
12800,84.14,57.66000001831055,23.233333353678386
12801,88.84,61.45999999389648,31.966666575113933
12802,88.29,62.86,32.06666653442383
12803,89.08,62.47999998168945,32.99999991861979
12804,88.71,63.83999991455078,32.26666664632162
12805,75.98,46.45999997558594,15.899999933878581
12806,93.57,69.39999998779297,43.56666654459635
12807,91.54,66.64000000610352,38.2666665649414
12809,89.59,64.0599999633789,33.46666657511393
12810,88.58,62.880000012207034,32.699999989827475
12812,91.94,67.94000006103515,40.09999988810221
12813,90.49,62.79999995727539,28.1
12814,91.62,67.70000006103515,37.066666697184246
12815,87.23,60.05999998779297,26.066666697184246
12816,76.09,46.60000001220703,15.766666676839193
12817,92.95,68.83999991455079,44.16666661580404
12818,10.0,1.0,0.8333333320617676
12820,90.88,67.71999995117187,38.09999983723959
12822,91.91,68.37999992675782,41.59999994913737
12823,89.0,63.33999992675781,33.59999988810221
12824,91.19,65.81999998779297,36.53333329264323
12825,84.27,49.43999995727539,21.366666631062827
12826,88.16,62.08000006103516,31.59999989827474
12827,92.3,67.16000002441406,41.199999857584636
12828,82.88,53.83999998779297,20.433333307902018
12829,89.29,64.67999999389649,35.53333335367839
12830,91.88,66.70000002441407,40.13333333333333
12831,88.14,59.880000006103515,33.06666672770182
12833,88.64,61.29999991455078,33.833333221435545
12834,89.07,63.03999998779297,31.966666575113933
12835,92.23,67.07999995117187,38.83333327229818
12836,76.28,47.37999993286133,16.43333332824707
12837,92.3,67.46000006103516,40.36666666666667
12839,93.7,69.9599999633789,45.000000030517576
12840,91.08,67.73999986572265,37.399999959309895
12841,86.66,58.20000002441406,28.499999979654948
12842,91.35,66.63999996337891,39.23333319091797
12843,92.73,68.39999995117188,41.3333332417806
12844,89.03,62.65999992675781,32.233333272298175
12846,89.49,62.41999991455078,34.36666670735677
12847,88.52,61.27999991455078,32.79999991861979
12849,90.22,65.14,37.43333334350586
12850,87.89,58.119999932861326,25.333333318074544
12851,90.6,63.62000000610352,39.96666661580404
12852,92.4,67.71999992675781,39.33333321126302
12853,92.11,67.67999995117188,33.86666659545899
12854,92.7,69.6599999267578,45.13333322143555
12855,92.99,69.53999995117188,43.9666665242513
12856,89.66,62.71999999389649,34.46666659545898
12857,90.51,67.11999992675781,37.933333302815754
12858,91.98,67.35999993896485,38.46666670735677
12859,75.37,45.70000002441406,15.19999996439616
12860,91.41,65.4600000366211,36.19999989827474
12861,92.08,69.59999998779297,41.433333282470706
12864,92.04,66.88000001220703,41.200000061035155
12865,91.6,65.3000000366211,39.133333251953125
12867,91.17,65.71999991455078,38.76666669718424
12868,91.94,67.00000001220702,40.566666646321615
12869,85.32,51.219999926757815,25.900000030517578
12870,73.09,44.08000001831055,14.466666646321615
12871,91.61,66.06000006103515,37.233333201090495
12872,90.11,63.020000006103515,35.36666669718424
12873,86.18,54.84000002441406,26.633333302815757
12874,89.74,64.94000000610352,36.699999867757164
12875,91.82,66.23999995117188,38.46666667683919
12876,86.59,58.240000018310546,28.266666631062826
12877,86.57,54.939999987792966,26.766666676839193
12878,91.99,67.03999992675782,39.89999986775716
12879,92.01,66.57999986572266,39.933333302815754
12880,92.78,69.4399998779297,41.26666664632162
12881,78.75,48.73999997558594,18.19999993387858
12883,85.91,52.91999997558594,28.36666658528646
12884,88.56,61.579999993896486,25.833333353678384
12885,91.44,67.03999992675782,39.4333332010905
12886,79.05,45.179999981689456,21.233333318074543
12889,89.25,64.91999998779296,34.13333329264323
12890,90.79,66.01999999389649,32.63333334350586
12891,87.37,57.53999995117187,31.199999888102212
12892,89.13,61.77999992675781,32.09999994913737
12893,89.68,64.73999996948243,35.666666631062824
12894,85.08,56.259999926757814,17.766666633605958
12895,91.69,67.15999996337891,38.56666656494141
12896,86.87,58.099999957275394,28.19999996439616
12897,92.37,67.25999999389649,40.96666667683919
12898,91.68,66.99999996337891,39.89999987792969
12899,90.14,65.71999992675781,37.83333330281575
12900,90.39,63.55999992675781,36.89999998982747
12901,91.95,67.22000001220704,39.1333332824707
12902,50.46,10.579999995422364,11.9
12903,86.37,57.840000006103516,23.36666664123535
12904,90.61,64.3200000366211,38.03333333333333
12905,90.94,66.23999987792969,36.766666605631514
12906,90.31,64.47999993896484,33.533333374023435
12907,88.53,62.45999999389648,32.93333329772949
12908,54.03,10.959999963378905,11.699999987284343
12909,10.0,0.9999999996185303,0.8333333326975505
12911,92.26,68.85999998779297,39.699999877929685
12912,75.67,47.279999963378906,16.566666666666666
12913,80.76,51.29999992675781,20.83333329264323
12914,92.28,68.79999986572265,41.93333321126302
12915,90.43,66.85999995117187,37.100000040690105
12918,86.62,58.05999993286133,28.233333287556967
12920,86.84,59.879999951171875,19.466666661580405
12921,91.98,67.15999999389649,38.63333336385091
12923,89.66,65.87999999389649,35.66666660054525
12924,91.22,67.06000004882813,37.70000003051758
12925,10.0,0.9999999996185303,0.8333333333333334
12926,91.73,67.31999995117188,40.53333321126302
12927,86.83,58.37999998779297,27.833333287556965
12928,92.23,68.19999995117188,41.30000005086263
12929,88.67,63.40000002441406,32.56666655476888
12930,92.07,66.87999992675782,39.433333292643226
12931,90.24,62.75999996337891,36.36666670735677
12932,88.4,63.88000002441406,33.83333326212565
12935,57.46,30.639999975585937,12.19999998219808
12936,91.2,65.38000004882812,34.29999991861979
12937,92.46,67.4400000366211,38.76666650390625
12938,88.78,62.39999996948242,30.16666668701172
12939,92.06,67.15999987792969,38.99999998982747
12940,92.79,70.09999992675782,41.133333312988285
12941,75.79,46.23999999389648,15.933333267211914
12942,80.26,49.26000000610352,16.933333302815754
12944,91.43,67.12000000610351,39.266666544596355
12945,89.77,63.32,32.86666658528646
12947,92.47,68.5599999633789,40.53333317057292
12948,89.14,64.63999986572266,33.83333326721191
12949,91.28,64.81999991455078,38.0666665242513
12951,75.85,46.73999998168945,15.699999969482421
12952,86.58,57.999999975585936,27.599999989827474
12953,91.1,65.33999996948242,36.89999986775716
12954,92.22,67.79999998779297,39.2
12955,93.25,69.97999990234375,42.66666672770182
12956,93.43,70.94000001220704,43.13333317057292
12957,87.86,58.83999996337891,32.06666662597656
12958,75.47,46.259999926757814,15.83333334350586
12959,90.26,65.19999999389648,36.433333267211914
12960,85.52,51.35999995117187,24.833333251953125
12961,75.99,46.83999994506836,16.066666676839194
12962,75.47,46.75999996337891,15.466666651407877
12963,92.27,68.10000004882812,41.23333330281576
12964,89.12,61.160000006103516,32.5
12965,91.68,67.58000001220704,39.43333336385091
12966,85.77,57.77999998168945,16.533333251953124
12968,89.19,62.37999992675781,32.23333334350586
12969,91.83,68.49999995117187,40.933333231608074
12970,90.97,68.32000006103516,38.89999993896485
12971,89.64,64.15999991455078,37.06666660563151
12972,91.2,66.52000001220703,32.19999997965495
12973,91.22,65.9,37.599999908447266
12974,82.34,54.359999981689455,20.566666615804035
12975,92.3,70.45999997558594,42.566666646321615
12976,89.36,62.58000001220703,33.03333329772949
12977,91.79,67.97999997558594,40.633333251953125
12978,86.97,58.479999993896485,31.699999837239584
12979,10.0,1.0,0.8333333314259846
12980,90.07,65.42,36.36666658528646
12981,89.05,63.55999993896484,33.79999989827474
12982,91.26,63.58000002441406,27.966666676839193
12983,89.57,62.999999981689456,23.53333326212565
12984,87.71,56.87999993896484,31.93333319091797
12985,91.8,67.48000006103516,39.900000030517575
12986,91.56,66.20000000610352,38.26666670735677
12987,82.95,54.63999992675781,20.19999994913737
12988,88.76,62.71999991455078,32.19999988810221
12989,91.97,69.45999998779297,42.29999998982748
12990,91.37,66.44000002441406,38.49999989827474
12992,91.21,65.11999999389649,37.033333231608076
12993,79.75,51.08000002441406,20.266666631062826
12994,74.38,40.90000000610352,17.966666631062825
12995,87.97,60.339999993896484,27.79999994913737
12996,77.3,46.779999951171874,16.166666631062824
12997,92.31,67.00000003662109,40.36666658528646
12998,91.78,65.07999996337891,37.56666666666667
12999,91.15,66.46000006103516,38.83333330281575
13000,86.86,51.979999993896485,25.76666664123535
13001,88.64,61.29999997558594,32.16666658528646
13002,91.12,65.68000006103516,31.599999928792318
13003,92.19,66.57999992675781,39.60000005086263
13004,87.32,57.18,30.566666631062827
13005,90.48,65.16000001220704,36.59999994913737
13006,79.53,51.09999997558594,21.099999933878582
13008,90.81,65.73999997558593,37.86666657511393
13009,91.83,67.27999992675781,39.46666667683919
13010,90.28,65.79999991455078,26.833333353678384
13011,92.24,66.94000001220704,38.366666676839195
13012,90.54,67.15999991455078,40.533333374023435
13013,52.9,11.419999993896484,12.766666651407878
13015,91.66,66.91999991455079,39.49999993896484
13017,92.76,69.43999997558593,44.166666595458985
13018,93.06,68.01999995117187,41.16666657511393
13020,80.33,42.58,23.666666646321616
13021,90.03,63.80000003662109,33.46666664632161
13022,92.51,68.14000004882813,40.49999993896484
13023,92.54,67.6799999633789,40.66666668701172
13024,75.8,47.86000001220703,15.166666600545247
13025,87.1,57.01999995727539,31.03333336385091
13026,90.78,66.03999993896484,35.7333332824707
13027,90.9,65.64000001220703,36.900000030517575
13028,86.18,54.12000001831055,27.366666610717772
13029,91.87,67.68000004882812,40.63333334350586
13030,87.4,59.639999981689456,30.333333221435545
13031,92.06,67.31999987792969,39.06666654459635
13032,93.58,69.91999995117187,43.93333338419596
13033,91.02,65.14000004882813,36.56666666666667
13034,87.27,57.43999995727539,29.733333251953123
13035,70.12,41.84000002441406,13.599999954223632
13036,90.2,67.51999998779297,39.66666662597656
13037,88.48,63.68000002441406,33.99999991861979
13038,86.09,58.35999993896484,27.166666661580404
13039,93.08,70.46000006103516,44.333333353678384
13040,89.24,64.30000001220704,33.999999933878584
13041,88.32,61.93999996337891,33.500000030517576
13042,87.72,58.680000018310544,30.999999928792317
13043,75.39,46.539999975585935,15.999999964396158
13044,91.38,66.6,38.46666653442383
13046,92.32,67.77999993896485,40.0999999593099
13047,86.39,58.01999996948242,28.23333332824707
13048,91.42,65.16000000610352,36.49999993896484
13049,92.16,68.40000006103516,40.66666663614909
13050,80.73,50.68,21.033333323160807
13051,91.52,67.18,38.499999969482424
13052,92.18,67.15999995117187,37.79999989827474
13053,92.43,67.08000006103515,40.099999928792315
13055,90.19,65.67999997558594,35.433333302815754
13057,86.96,58.41999992675781,27.433333287556966
13058,91.82,67.83999991455079,39.53333321126302
13059,89.93,63.55999999389648,34.266666727701825
13060,53.37,27.499999966430664,9.533333324432373
13061,88.9,62.13999998779297,31.699999994913735
13062,89.63,63.76000002441406,33.26666665649414
13064,88.89,62.1,29.633333318074545
13065,92.06,67.37999998779297,39.06666661580404
13067,87.26,61.52,23.9
13069,90.34,65.89999992675781,37.766666727701825
13070,10.0,0.9999999992370605,0.8333333326975505
13071,92.22,67.28000001220703,38.46666650390625
13072,92.04,66.87999990234376,40.06666666666667
13073,73.23,35.37999997558594,17.166666633605956
13074,89.16,62.93999996948242,31.63333325703939
13076,89.62,64.85999991455078,35.099999857584635
13077,89.89,64.26000000610351,34.19999983723958
13078,10.0,0.9999999996185303,0.8333333326975505
13079,92.81,68.02000004882812,43.499999908447265
13080,75.8,46.23999993286133,15.49999998219808
13081,74.69,47.180000018310544,15.933333338419596
13083,68.12,39.69999997558594,12.69999999745687
13084,91.26,64.97999998779297,37.76666658528646
13085,90.08,63.68000006103516,35.36666664632161
13086,90.69,65.37999992675782,37.399999888102215
13087,75.99,46.41999996948242,15.333333297729492
13088,88.48,61.43999998168945,31.066666646321615
13089,91.39,67.66000004882812,39.566666514078776
13090,89.03,62.67999999389649,33.1333332824707
13091,92.41,68.16000006103516,40.533333302815755
13092,92.39,69.36,40.933333170572915
13093,88.57,61.279999969482425,31.099999867757163
13094,92.46,69.15999998779297,42.59999994913737
13095,89.19,61.460000036621096,33.79999993387858
13096,90.46,66.35999987792968,36.20000004069011
13097,92.19,66.93999993896485,39.233333394368486
13098,86.58,58.51999996948242,28.266666590372722
13099,91.8,67.13999995117187,40.033333363850915
13100,91.23,64.63999995117187,37.966666564941406
13101,85.87,55.419999963378906,25.73333326212565
13102,80.95,50.55999995727539,21.133333338419597
13103,92.05,67.32000002441406,40.10000006103515
13104,88.66,62.31999993896484,32.800000010172525
13105,86.2,52.35999993286133,26.96666659037272
13106,91.49,62.759999987792966,37.366666564941404
13107,92.7,69.48000000610351,42.99999987792969
13108,89.3,63.42,33.56666662597656
13110,91.31,66.3799999633789,37.53333329264323
13112,93.72,70.71999986572266,44.300000061035156
13113,88.87,63.140000036621096,32.39999990844726
13115,91.61,65.6800000366211,37.299999877929686
13116,79.56,51.58000001831055,21.166666671752928
13117,92.2,68.3200000366211,40.83333321126302
13118,86.57,57.699999938964844,27.599999908447266
13119,89.32,65.18000002441406,36.766666615804034
13120,75.91,46.76000001831055,15.633333330790203
13121,92.2,68.56000001220703,40.333333170572914
13122,88.83,62.08000002441406,31.26666665649414
13124,91.98,67.6000000366211,39.53333319091797
13125,89.76,64.71999996337891,37.23333319091797
13126,10.0,0.9999999996185303,0.8333333320617676
13129,92.34,68.80000004882812,41.066666697184246
13130,71.97,35.939999990844726,17.43333332824707
13131,87.61,57.55999996337891,28.0666666208903
13133,92.11,67.89999993896484,38.66666660563151
13134,92.59,68.59999995117188,43.66666658528646
13135,87.37,59.01999992675781,30.90000001525879
13136,89.8,63.799999938964845,34.366666687011715
13137,92.53,68.41999995117187,41.39999991861979
13138,84.98,52.399999926757815,27.066666590372723
13140,89.24,62.70000002441406,32.266666595458986
13141,87.72,57.07999995117188,32.99999996439616
13142,92.15,67.82,38.83333327229818
13143,58.08,31.280000003051757,12.53333334350586
13144,91.54,66.39999991455078,37.799999877929686
13145,92.27,67.42000004882813,41.299999877929686
13146,89.07,63.579999993896486,33.89999994913737
13147,90.25,65.19999991455079,35.36666659545899
13148,75.73,46.55999993896484,15.966666585286458
13149,92.06,66.99999990234375,39.30000002034505
13150,92.16,67.41999996337891,41.33333318074544
13151,86.71,56.93999998168945,31.033333282470704
13152,89.18,62.279999963378906,33.03333334859212
13153,86.45,58.04000002441406,28.499999857584637
13154,86.55,53.01999998168945,26.033333257039388
13155,90.61,62.12000002441406,36.19999983723958
13156,91.49,66.85999993896485,37.900000010172526
13157,90.64,65.59999998779297,39.03333326212565
13158,75.69,47.22,15.433333315531414
13159,88.83,63.499999969482424,33.90000006103516
13160,93.28,70.63999989013672,42.566666646321615
13161,78.39,43.35999996948242,26.799999923706054
13163,76.01,46.61999995117188,16.800000020345053
13164,85.85,57.65999996948242,24.40000002034505
13165,89.07,62.57999991455078,32.20000001017252
13166,93.78,70.69999995117188,45.1999999593099
13167,89.41,62.91999992675781,32.43333332824707
13168,83.91,56.55999998168945,24.16666659037272
13169,92.32,69.30000002441406,43.26666667683919
13170,76.11,46.79999992675781,15.2
13171,93.72,70.73999987792969,45.49999986775716
13172,88.9,62.18000001220703,31.83333336385091
13173,88.88,63.05999999389648,34.066666646321615
13174,91.72,67.47999998779297,40.96666654459636
13175,90.79,67.66000006103516,37.099999928792315
13176,81.25,47.71999996948242,25.533333333333335
13177,92.06,66.64000003662109,40.066666646321615
13178,91.64,66.2999999267578,37.633333272298174
13179,10.0,0.9999999996185303,0.8333333320617676
13180,92.98,70.1999999633789,45.03333338419596
13181,89.17,63.83999996337891,33.79999999491374
13182,91.17,66.61999992675781,37.99999992879232
13183,86.93,55.419999951171874,29.133333363850912
13184,10.0,1.0,0.8333333326975505
13185,88.76,62.03999993896485,32.166666524251305
13186,87.58,55.699999938964844,29.033333323160807
13187,79.92,50.1,20.933333333333334
13188,92.25,68.67999990234375,40.299999877929686
13189,82.42,55.26000000610352,20.26666658528646
13190,70.57,34.920000006103514,15.133333305358887
13191,91.54,67.1800000366211,39.36666660563151
13192,87.7,57.28000001220703,29.16666659037272
13193,90.85,63.53999998779297,36.83333339436849
13194,93.17,69.89999995117188,44.76666669718424
13195,86.46,57.56,28.399999938964843
13196,88.42,63.560000006103515,34.06666662597656
13197,91.63,67.83999995117188,40.63333323160807
13198,91.88,67.71999991455078,40.43333336385091
13199,54.95,30.96,12.36666663869222
13200,88.58,61.86000000610352,33.03333322143555
13201,68.82,39.65999998779297,14.133333287556965
13202,80.42,49.420000006103514,16.700000015258787
13203,91.92,66.99999986572266,38.366666564941404
13204,88.52,61.28,29.299999994913737
13205,91.25,66.37999992675782,38.50000006103516
13206,90.69,65.60000001220703,36.53333338419596
13207,89.51,60.96,35.36666666666667
13208,91.28,65.85999987792968,31.866666600545248
13209,81.86,53.65999994506836,21.199999994913735
13210,66.93,37.89999999084473,16.033333330790203
13211,86.8,55.15999997558594,28.83333331298828
13212,75.62,46.53999993286133,16.133333297729493
13213,92.2,67.05999998779296,39.69999989827474
13214,92.75,68.88000006103516,43.43333327229818
13215,88.82,61.15999991455078,32.53333339436849
13216,88.98,61.999999981689456,31.933333302815754
13217,91.85,66.37999999389649,38.099999857584635
13218,90.89,64.84000003662109,35.56666662597656
13219,90.37,64.11999998168945,36.63333333333333
13221,90.35,63.03999991455078,36.39999998982747
13222,88.8,62.399999993896486,31.76666672770182
13223,91.91,68.68,42.033333180745444
13224,92.72,68.52000004882812,42.40000006103516
13225,93.19,69.48000003662109,44.79999984741211
13226,92.72,69.47999987792969,43.86666660563151
13227,89.99,65.51999997558593,37.8666667175293
13228,86.12,58.99999995117187,27.766666595458986
13229,90.44,66.00000000610352,37.96666668701172
13230,89.99,63.95999998168946,35.09999989827474
13231,88.2,61.27999994506836,21.966666610717773
13232,91.25,66.08000001220704,39.73333323160807
13233,10.0,0.9999999988555908,0.8333333333333334
13235,91.45,67.67999993896484,38.399999837239584
13236,89.6,59.99999999389649,22.533333333333335
13238,88.71,63.49999999389649,33.29999995930989
13239,93.26,70.21999999389648,43.966666564941406
13240,88.63,62.31999995117187,32.43333339436849
13241,92.27,67.65999986572265,39.0999999593099
13242,91.14,65.25999999389649,38.73333337402344
13243,88.73,62.33999998779297,32.06666665649414
13244,92.27,68.75999991455078,40.9666667175293
13245,88.93,60.77999999389648,35.06666656494141
13246,87.86,61.51999991455078,29.399999888102215
13247,92.52,68.39999995117188,40.4333332417806
13248,87.86,59.039999963378904,32.06666662597656
13249,92.0,68.20000002441407,41.06666660563151
13251,92.51,68.09999995117188,41.7666665649414
13252,92.03,68.03999997558594,39.06666654459635
13253,89.31,62.36,34.43333325195312
13254,90.92,65.92000004882813,37.199999857584636
13255,89.11,65.33999992675781,34.266666631062826
13256,92.53,68.27999993896485,40.36666669718424
13257,75.56,45.8,15.366666615804036
13258,86.41,58.41999998168945,27.699999938964844
13259,89.99,66.06000003662109,38.53333332316081
13260,75.86,46.679999969482424,15.466666661580403
13261,92.01,68.57999995117187,43.2666665242513
13262,90.49,65.72000001220704,37.66666655476888
13263,88.91,63.32000001220703,33.7666665649414
13264,92.22,68.55999992675781,41.6999999593099
13265,91.59,67.43999996337891,38.89999987792969
13266,90.77,65.68000001220703,33.56666665649414
13267,73.87,44.40000000610352,14.566666653951009
13268,86.44,55.75999994506836,26.63333332824707
13269,63.47,33.5599999786377,13.73333334350586
13270,72.15,37.179999963378904,16.366666661580403
13271,91.74,66.56000002441407,40.03333331298828
13272,75.67,47.20000002441406,15.666666661580404
13273,92.34,68.51999996337891,42.133333201090494
13274,90.31,64.31999998779297,32.533333267211916
13275,89.3,62.47999998779297,31.466666697184245
13276,91.88,66.74000000610351,38.866666615804036
13277,93.37,69.84000002441407,44.20000002034505
13278,10.0,0.9999999996185303,0.8333333333333334
13280,91.51,65.42000003662109,36.400000020345054
13281,53.06,10.839999993896484,11.09999999109904
13282,91.7,65.5200000366211,39.233333262125655
13283,86.77,55.2199999633789,23.400000030517578
13284,91.62,66.55999986572266,39.60000003051758
13285,91.84,64.14,33.06666659545898
13286,10.0,1.0,0.8333333320617676
13287,89.54,64.58000001220704,34.199999928792316
13288,89.75,62.660000006103516,35.46666658528646
13289,89.71,65.7,37.166666534423825
13290,89.42,64.17999993896484,34.33333339436849
13291,93.24,70.50000006103515,44.366666727701826
13292,92.19,67.55999995117187,41.39999998982747
13293,90.96,65.41999995117187,36.76666651407878
13294,88.56,62.16000002441406,31.066666646321615
13296,90.49,66.08000003662109,39.49999986775716
13297,91.52,66.14000000610352,40.7333332417806
13299,91.11,65.4600000366211,35.399999959309895
13300,91.93,66.91999991455079,38.79999986775716
13302,91.9,66.29999999389648,39.19999988810221
13303,88.12,61.67999998779297,36.599999928792315
13304,88.45,59.47999995117188,34.79999998982748
13305,88.56,62.20000003662109,32.76666657511393
13306,90.91,66.08000002441406,37.36666666666667
13307,90.32,65.94000001220704,38.33333336385091
13308,92.57,68.49999996337891,43.73333319091797
13309,89.2,62.92,35.199999964396156
13310,91.43,67.85999996337891,39.13333336385091
13311,88.55,62.76,32.19999993387858
13312,91.84,67.35999999389648,39.133333201090494
13313,89.0,61.26,31.633333241780598
13314,72.53,39.83999995727539,12.633333335876465
13315,90.78,66.6199999633789,39.13333330281576
13316,92.26,68.11999993896484,42.6333332824707
13317,92.78,68.1799999633789,43.03333321126302
13319,92.74,68.92,43.866666676839195
13320,89.33,63.53999998779297,32.89999992879232
13321,86.37,57.81999995117187,28.166666564941405
13322,84.86,57.67999994506836,24.23333327229818
13324,10.0,1.0,0.8333333326975505
13327,88.58,61.73999997558594,32.166666656494144
13328,92.11,67.90000004882812,38.79999984741211
13329,88.75,61.439999987792966,32.36666658528646
13330,92.99,69.7999998779297,43.06666662597656
13331,88.78,63.87999996337891,33.599999979654946
13332,69.65,41.12000000610352,14.333333282470702
13333,88.3,61.539999963378904,29.333333287556965
13334,53.06,10.839999995422364,11.766666676839193
13335,92.13,69.82,43.16666669718425
13336,93.29,69.88000004882812,42.666666656494144
13337,87.48,58.099999957275394,30.766666564941406
13338,91.95,65.23999987792969,36.46666659545898
13339,84.17,49.90000001220703,21.299999989827473
13340,90.31,64.21999999389648,33.899999959309895
13341,91.42,66.11999997558594,37.23333321126302
13342,90.97,64.84000001220703,36.53333335367839
13343,91.81,66.01999992675782,40.69999994913737
13344,87.82,62.240000061035154,29.766666600545246
13346,88.84,62.299999993896485,32.699999857584636
13347,91.36,65.71999991455078,38.799999938964845
13348,81.69,44.03999998779297,25.933333318074546
13349,92.52,68.24,40.63333326212565
13350,80.33,41.05999992675781,23.633333318074545
13351,87.58,57.859999975585936,31.999999959309896
13352,93.57,70.31999987792969,43.166666534423825
13353,91.48,66.14,38.7
13354,93.43,70.85999996337891,45.06666672770182
13355,84.86,57.679999975585936,23.69999993387858
13357,89.6,65.14000001220703,36.466666697184245
13358,91.23,65.90000004882812,38.233333221435544
13360,89.24,63.14,32.33333326721191
13361,89.06,65.67999998779297,34.36666670735677
13362,90.04,66.59999997558593,38.599999969482425
13363,93.88,70.79999993896485,45.43333325195312
13365,92.29,67.53999998779297,40.43333331298828
13366,92.55,67.83999989013672,39.466666564941406
13367,92.46,68.5400000366211,42.39999996948242
13369,67.47,37.98000001220703,13.000000002543132
13370,90.32,65.73999998779297,36.199999867757164
13372,92.42,68.09999998779297,40.366666676839195
13373,92.42,68.87999992675782,43.400000010172526
13375,92.12,69.05999995117187,41.06666668701172
13377,92.02,67.27999991455079,38.76666650390625
13378,76.96,45.59999997558594,13.599999954223632
13379,92.57,68.68000001220703,42.1999999593099
13380,86.96,58.41999997558594,28.033333287556967
13381,92.54,69.28000001220703,42.96666668701172
13383,92.29,67.96000004882812,41.26666663614909
13384,88.59,61.99999999389649,31.399999979654947
13385,86.7,60.81999999389649,27.799999923706054
13386,86.78,57.700000006103515,28.3666666208903
13387,92.1,67.05999998779296,39.06666653442383
13388,91.23,66.2400000366211,38.233333394368486
13389,91.85,67.83999991455079,40.13333329264323
13391,91.7,66.64000003662109,39.66666651407878
13392,79.04,43.51999996337891,21.6
13393,93.19,69.55999991455079,42.63333335367839
13394,88.77,61.45999997558594,33.06666660054525
13395,88.53,62.459999969482425,29.599999938964842
13396,92.32,67.36000006103515,40.36666658528646
13397,92.14,67.28,39.6333332417806
13398,93.19,68.90000006103516,43.599999989827474
13399,92.63,70.61999987792969,43.66666663614909
13400,91.64,66.28000002441406,39.96666653442383
13401,87.01,58.63999997558594,28.466666661580405
13404,72.55,36.11999997558594,16.333333300272624
13405,92.1,68.45999991455078,41.833333353678384
13406,90.29,62.97999991455078,33.69999989827474
13407,87.69,58.69999998168945,31.499999954223632
13408,92.66,69.57999990234374,41.89999989827474
13409,68.8,40.21999996948242,13.833333292643228
13410,92.75,68.87999998779297,42.13333317057292
13411,88.59,61.079999938964846,31.799999888102214
13412,80.37,40.37999994506836,20.866666615804036
13413,91.66,66.95999989013671,39.666666646321616
13414,92.16,67.91999989013672,40.633333190917966
13415,91.94,68.85999996337891,41.26666657511393
13416,93.23,69.4600000366211,43.9333332417806
13418,91.32,66.86000001220702,37.26666665649414
13419,89.66,63.439999865722655,36.66666656494141
13420,87.02,57.75999995727539,29.200000061035155
13421,73.35,44.59999994506836,14.333333315531412
13422,93.28,69.72000002441406,45.13333330281576
13423,91.93,68.03999993896484,40.13333336385091
13424,92.15,67.9000000366211,40.56666653442383
13425,92.21,67.95999998779297,38.43333339436849
13426,89.88,67.9600000366211,39.93333334350586
13427,88.8,62.600000024414065,34.833333353678384
13428,90.84,64.07999993896485,35.36666653442383
13429,10.0,0.9999999996185303,0.8333333320617676
13430,90.46,66.7,37.06666659545898
13432,86.82,60.99999995727539,28.533333333333335
13433,89.32,63.159999938964845,33.43333339436849
13434,88.69,61.55999998779297,31.933333323160806
13435,88.57,62.599999957275394,32.56666660563151
13437,88.38,62.96,34.56666663614909
13438,92.06,66.21999986572266,39.099999928792315
13439,90.94,62.11999996337891,38.33333321126302
13440,91.21,65.68000004882812,38.966666564941406
13441,90.45,66.33999993896484,37.86666665649414
13442,92.13,69.32000004882812,43.033333231608076
13443,91.51,68.04000000610351,40.2333332824707
13444,79.61,50.079999981689454,20.33333334350586
13445,92.34,67.74000004882812,42.26666663614909
13446,71.0,35.43999996337891,15.99999994913737
13447,79.61,49.879999951171875,20.966666697184245
13448,92.36,68.31999997558594,41.30000003051758
13449,92.58,69.25999986572266,41.766666544596355
13452,89.01,63.2,33.199999989827475
13453,90.71,63.73999992675781,33.43333331298828
13454,89.52,65.22000004882813,37.70000005086263
13455,79.8,49.29999996948242,19.599999944051106
13456,87.67,58.03999999389649,32.366666600545244
13457,92.27,67.66000002441406,38.19999997965495
13458,89.52,64.9399998779297,36.0999999593099
13459,85.76,54.07999995117188,26.26666660563151
13460,80.22,52.299999993896485,17.53333336385091
13462,84.54,57.099999951171874,16.500000010172528
13463,89.07,62.25999996948242,33.13333336385091
13464,91.98,67.6200000366211,38.9
13465,86.51,57.44000001220703,24.399999969482423
13466,92.15,67.82000006103516,39.66666657511393
13467,90.03,63.819999981689456,36.79999998982748
13468,88.69,63.58000000610352,33.53333332316081
13469,78.52,46.91999999389648,17.466666676839193
13470,90.82,66.81999995117188,38.16666670735677
13471,88.91,64.36000003662109,34.29999993387858
13472,86.78,61.640000024414064,29.83333329264323
13473,89.91,66.27999993896485,37.79999990844727
13474,92.24,68.13999992675781,40.93333337402344
13475,91.31,66.95999993896484,37.89999993896485
13476,88.64,62.27999999389648,33.03333334350586
13477,75.53,46.22,16.533333282470704
13478,92.96,68.90000006103516,41.73333323160807
13480,90.92,63.27999997558594,33.26666669718424
13481,91.77,69.09999993896484,41.69999994913737
13482,91.18,65.93999986572265,38.53333333333333
13483,91.85,67.04000002441406,39.066666575113935
13484,89.25,62.55999999389648,31.799999908447266
13485,91.23,65.38,36.433333353678385
13486,90.97,65.37999992675782,36.96666672770182
13487,92.05,67.43999996337891,38.599999969482425
13488,91.96,66.93999986572265,39.266666595458986
13489,73.72,44.35999994506836,14.633333315531413
13490,88.22,59.61999998168945,32.80000002034505
13491,86.67,58.30000003662109,27.63333334350586
13492,91.98,68.55999993896485,43.233333384195966
13493,90.24,64.03999997558594,34.33333325195313
13494,88.58,61.65999998779297,33.13333323160807
13495,90.66,65.78,37.266666595458986
13496,91.9,67.77999987792968,34.5999999593099
13497,87.76,57.44000001831055,30.433333267211914
13498,92.14,68.99999995117187,41.633333272298174
13499,90.24,64.61999995117188,36.666666666666664
13500,91.24,62.77999999389648,32.233333394368486
13501,89.96,63.77999991455078,33.46666658528646
13502,85.57,57.94,25.3666666208903
13504,88.98,62.59999993896484,31.633333272298177
13505,88.64,61.73999998779297,22.166666585286457
13506,92.23,68.19999993896485,41.96666660563151
13508,92.31,66.68,39.466666514078774
13509,91.2,65.55999999389648,38.166666534423825
13510,91.81,67.07999986572266,39.833333353678384
13511,91.37,63.85999999389649,27.499999888102213
13512,88.85,61.959999969482425,32.56666655476888
13513,91.84,67.75999998779297,41.966666564941406
13514,89.87,63.44000006103516,35.69999989827474
13515,92.33,68.18000002441406,41.93333321126302
13516,92.42,67.41999992675781,38.79999995930989
13517,91.49,68.02000006103516,41.83333318074544
13518,90.53,63.31999992675781,35.93333322143555
13519,90.05,64.91999992675781,35.46666659545898
13520,91.57,66.65999995117187,39.666666595458985
13521,86.39,57.97999995117188,27.633333307902017
13522,86.85,56.57999995727539,30.66666659037272
13523,85.96,57.45999999389648,28.699999944051108
13524,91.75,65.94,39.566666646321615
13525,92.3,69.69999989013672,42.86666658528646
13526,88.85,61.43999996948242,20.73333330790202
13527,10.0,0.9999999988555908,0.8333333333333334
13529,92.18,67.96000002441406,39.53333329264323
13530,89.63,65.42000004882813,37.23333317057292
13531,92.26,68.40000006103516,38.83333327229818
13533,86.58,56.519999951171876,28.666666646321616
13534,89.55,65.79999995727539,35.79999985758464
13535,89.89,65.84000002441407,35.766666595458986
13536,89.24,64.97999992675781,33.93333336385091
13537,73.73,43.85999994506836,14.533333297729492
13538,92.15,67.11999992675781,39.600000040690105
13540,92.11,67.63999996337891,39.699999938964844
13541,89.6,62.599999963378906,35.96666668701172
13542,87.31,56.41999992675781,29.666666615804036
13543,92.47,67.4400000366211,41.16666670735677
13544,91.66,66.7600000366211,38.53333321126302
13545,92.74,67.94000001220704,41.033333231608076
13546,90.16,64.29999995117187,35.4333332010905
13547,91.93,69.13999995117187,39.733333272298175
13549,73.74,44.26000002441406,15.23333332824707
13550,91.98,67.32000006103516,39.199999928792316
13551,93.79,71.44,43.633333272298174
13553,92.41,68.3800000366211,42.166666646321616
13554,91.6,67.78000001220703,38.06666666666667
13556,91.77,67.12000004882813,39.79999990844727
13557,86.24,57.77999993896484,23.433333333333334
13558,92.28,68.66,40.23333337402344
13559,91.85,68.08000004882813,38.89999989827474
13562,91.0,66.51999993896484,33.06666667683919
13563,85.42,56.73999993286133,23.73333329264323
13564,89.02,62.92000001220703,31.666666564941405
13565,89.06,62.22000002441406,34.76666668701172
13566,89.63,65.33999999389648,35.733333297729494
13567,86.0,55.61999996948242,27.36666660563151
13568,91.85,66.99999992675781,38.60000006103515
13569,87.42,57.21999993286133,32.49999992879232
13570,92.36,67.45999999389649,39.433333302815754
13571,91.26,66.77999995117187,38.76666663614909
13573,91.96,69.97999997558594,32.833333282470704
13574,92.42,70.71999993896485,44.43333321126302
13575,91.22,65.62000004882813,35.93333326212565
13576,80.33,48.83999992675781,17.39999998219808
13577,70.25,40.0799999633789,13.733333318074544
13578,93.13,70.10000004882812,44.699999877929685
13579,92.0,66.39999995117188,40.73333330281576
13580,89.12,60.219999981689455,34.36666660563151
13583,93.22,69.65999996337891,46.13333329264323
13584,83.21,51.81999993286133,20.533333300272623
13586,87.67,56.259999987792966,13.966666631062825
13587,92.06,67.51999995117187,40.20000003051758
13588,91.95,67.98000006103516,39.49999986775716
13589,91.22,65.41999991455079,38.46666658528646
13590,85.7,54.95999995727539,28.166666631062824
13592,91.38,62.19999999389648,33.733333262125655
13593,89.75,64.52000000610352,34.033333363850915
13594,92.47,69.09999991455078,44.166666595458985
13595,92.53,69.53999997558594,43.83333336385091
13596,90.72,63.95999999389648,37.86666651407877
13597,92.59,69.83999986572266,42.83333325195313
13599,92.14,67.13999992675781,39.66666668701172
13600,91.97,68.76000004882812,40.30000003051758
13601,75.92,46.419999957275394,15.09999996693929
13602,87.71,59.859999963378904,31.46666668701172
13603,92.67,70.4399998779297,43.06666659545898
13604,92.47,65.31999993896484,38.89999986775716
13605,92.95,69.79999993896485,43.033333180745444
13606,92.1,67.34000004882813,37.966666564941406
13607,92.29,68.65999995117187,42.366666687011715
13608,88.88,63.03999998779297,33.66666657511393
13609,92.95,68.40000001220703,40.699999938964844
13611,92.49,67.81999987792969,39.03333334350586
13612,10.0,0.9999999996185303,0.8333333333333334
13613,89.45,63.61999994506836,32.46666668701172
13614,91.05,65.78000004882813,35.79999995930989
13615,89.09,61.18000002441406,33.866666676839195
13616,91.01,65.2399999633789,35.966666600545246
13617,91.45,67.68,38.3333332417806
13618,86.58,58.200000006103515,27.93333334859212
13619,75.99,47.21999998779297,16.266666633605958
13620,88.22,61.83999998779297,29.20000002034505
13621,89.0,61.56,32.599999928792315
13622,90.95,64.17999999389649,33.80000002034505
13623,92.19,68.52000000610352,40.06666653442383
13624,89.25,64.28000004882813,32.6999999593099
13625,85.5,51.01999993286133,24.033333353678387
13626,92.02,67.58000004882813,39.89999989827474
13627,93.29,70.81999986572265,44.400000010172526
13628,88.97,61.30000003662109,29.03333334350586
13629,92.06,67.51999995117187,38.099999969482425
13630,10.0,0.9999999992370605,0.8333333333333334
13631,88.85,61.919999963378906,34.06666655476888
13632,86.86,52.920000018310546,26.500000015258788
13633,80.27,50.83999998779297,20.733333348592122
13634,80.79,51.30000001831055,20.333333287556965
13635,80.49,49.139999963378905,17.699999997456867
13637,89.69,61.83999996948242,36.93333336385091
13638,86.12,56.65999995727539,25.500000020345052
13639,88.58,62.25999995727539,32.699999989827475
13640,92.87,69.51999989013672,44.16666650390625
13641,86.52,55.73999994506836,27.96666662597656
13642,76.26,46.47999995727539,15.066666648864746
13643,91.12,65.82000004882812,37.59999986775716
13644,93.76,71.17999997558594,45.33333325195313
13645,92.9,69.33999989013672,42.733333333333334
13646,86.67,58.44000001831055,28.39999993387858
13648,86.33,53.600000006103514,27.366666575113932
13649,91.84,66.94000004882813,39.3666665242513
13650,83.57,55.03999994506836,24.566666590372723
13651,92.08,68.43999991455078,40.099999969482425
13652,93.45,69.99999997558594,44.49999992879232
13653,92.28,68.57999997558593,43.233333221435544
13655,57.46,30.87999997253418,12.56666664123535
13656,86.58,58.31999997558594,28.066666681925454
13657,91.34,66.89999991455078,38.333333170572914
13658,87.86,62.29999991455078,31.46666660563151
13659,86.23,58.85999999389649,27.766666681925457
13660,92.69,69.36000006103515,41.933333282470706
13661,89.07,62.39999996948242,32.033333267211916
13662,88.81,60.719999926757815,21.033333353678387
13663,86.71,56.519999938964844,27.86666660563151
13664,10.0,0.9999999996185303,0.8333333320617676
13665,92.39,68.4,39.93333327229818
13666,92.12,67.25999992675781,33.999999959309896
13667,73.65,44.63999997558594,15.33333332824707
13668,10.0,1.0,0.8333333326975505
13669,90.44,63.78000006103515,35.366666554768884
13670,77.29,43.11999996948242,22.06666668701172
13671,92.56,67.76000001220703,40.4333332010905
13673,87.75,57.65999996948242,33.433333282470706
13674,90.0,64.07999999389648,34.199999928792316
13675,93.3,70.08000006103515,43.63333339436849
13676,73.22,45.439999932861326,14.79999994913737
13677,87.49,59.21999993286133,34.5999999593099
13678,89.38,64.53999999389649,35.299999938964845
13679,88.01,63.859999981689455,33.700000061035155
13680,91.46,66.69999999389648,38.266666544596355
13681,92.47,67.95999992675782,39.7666665242513
13682,89.03,61.39999993896485,30.466666661580405
13683,77.36,44.82000000610351,26.399999938964843
13684,86.32,57.399999975585935,27.900000010172526
13685,92.33,68.52000006103516,39.36666650390625
13686,91.51,65.56000001220703,36.63333339436849
13687,90.9,64.53999997558594,39.433333292643226
13688,92.62,68.83999991455079,41.73333330281576
13689,91.91,67.0399999633789,38.566666575113935
13690,92.42,68.67999999389649,38.56666650390625
13691,90.8,65.57999995727539,37.29999992879232
13692,90.92,66.73999993896484,35.23333337402344
13693,92.73,69.46000006103516,43.23333337402344
13694,58.18,11.079999987792968,14.099999959309896
13695,87.54,60.63999999389648,24.766666600545246
13696,74.06,44.439999987792966,14.99999998474121
13697,90.46,65.5599999633789,27.933333343505858
13698,91.24,67.18000004882812,38.93333332316081
13699,10.0,1.0,0.8333333307902018
13701,87.57,58.37999991455078,30.466666615804037
13702,92.61,67.99999995117187,39.2
13703,91.16,63.88000002441406,32.46666664632161
13704,92.11,69.23999995117188,42.13333326212565
13705,91.18,67.17999995117188,39.4
13706,91.77,67.29999999389648,40.96666650390625
13708,92.69,68.15999993896484,42.69999984741211
13709,89.61,64.77999998779296,35.20000003051758
13710,87.72,57.51999997558594,28.09999997965495
13711,83.03,56.119999987792966,26.233333287556967
13712,92.4,68.35999995117187,40.366666554768884
13713,86.75,56.96,23.599999923706054
13715,80.3,45.12000002441406,26.766666697184245
13716,91.85,67.51999986572265,39.43333321126302
13719,91.47,67.86000003662109,38.66666662597656
13720,92.17,67.99999995117187,41.16666663614909
13721,86.9,57.599999951171874,31.7
13722,89.54,63.439999993896485,33.39999994913737
13723,91.94,68.17999986572265,41.73333325195313
13724,88.37,63.079999993896486,30.69999994913737
13725,89.81,65.58000003662109,37.16666657511393
13726,91.05,65.39999987792969,34.233333201090495
13727,91.89,67.27999994506835,39.733333272298175
13728,10.0,0.9999999988555908,0.8333333301544189
13729,87.44,58.13999999389648,32.09999988810221
13730,91.08,65.55999995117187,37.26666670735677
13731,91.94,66.70000004882813,39.233333272298175
13732,91.43,67.21999987792968,39.16666670735677
13733,90.32,64.51999993896484,36.8333332010905
13734,86.52,58.41999993896484,28.699999969482423
13735,92.58,67.44000006103515,43.39999994913737
13736,91.89,68.05999998779296,42.099999908447266
13737,92.45,68.43999996337891,40.933333292643226
13738,89.81,62.779999951171874,29.566666661580403
13739,91.43,66.62000004882813,37.60000006103515
13740,89.86,63.36000001220703,36.19999991861979
13742,90.59,64.47999991455079,29.499999857584637
13743,92.95,70.2999999267578,43.99999984741211
13744,91.83,67.69999989013672,39.066666697184246
13745,92.19,66.6999999633789,39.1
13746,88.84,62.579999938964846,32.06666661580404
13747,10.0,0.9999999992370605,0.8333333333333334
13748,91.66,66.46000002441406,39.46666667683919
13749,92.26,68.25999997558594,40.3333332417806
13750,93.34,69.81999987792969,42.8000000406901
13751,92.02,67.43999997558593,39.299999877929686
13752,68.09,39.37999993286133,13.166666625976562
13753,84.85,57.99999998779297,24.06666668701172
13754,88.79,62.11999998168945,31.70000003051758
13755,93.49,70.23999995117188,43.699999877929685
13756,10.0,0.9999999996185303,0.8333333333333334
13757,92.32,67.03999992675782,40.29999989827474
13758,86.2,53.09999993896484,24.466666595458985
13759,92.68,68.81999993896484,43.366666564941404
13760,88.68,61.72000001220703,32.09999988810221
13761,93.32,70.11999991455077,43.23333318074544
13762,89.38,63.920000006103514,35.76666668701172
13763,86.69,57.739999957275394,28.499999984741212
13764,85.85,55.16000001831055,25.799999994913737
13765,92.23,69.59999995117188,43.53333326212565
13766,91.35,67.17999992675782,39.09999989827474
13767,75.82,47.65999994506836,15.533333312988281
13768,92.05,69.03999999389649,42.399999888102215
13769,92.56,69.25999999389649,42.06666655476888
13770,91.98,67.6600000366211,39.533333241780596
13771,88.75,62.33999997558594,33.13333333333333
13772,89.8,64.53999992675782,36.06666653442383
13773,89.21,62.899999993896486,32.83333332824707
13774,84.15,54.59999994506836,26.73333334350586
13775,93.39,69.77999995117187,41.73333334350586
13776,90.28,64.00000006103515,35.833333282470704
13777,92.63,67.3200000366211,39.23333318074544
13778,93.89,71.0,45.73333332316081
13779,86.38,52.259999975585934,27.399999923706055
13780,89.38,65.00000004882813,33.69999989827474
13781,92.17,68.81999987792969,39.63333337402344
13782,90.14,63.479999993896485,34.99999989827474
13783,91.95,66.90000006103516,39.49999984741211
13784,88.92,63.980000006103516,34.83333332316081
13785,92.23,69.35999998779297,44.93333321126302
13786,91.54,66.95999992675782,38.666666666666664
13790,90.04,64.36000000610352,35.96666665649414
13791,92.25,68.56000000610352,41.599999908447266
13792,90.23,63.41999991455078,35.7666665242513
13793,88.79,62.31999997558594,31.966666727701824
13794,91.6,66.15999998779297,30.299999888102214
13795,90.85,65.24000001220703,36.53333327229818
13796,90.77,66.96,40.56666661580404
13797,88.7,62.53999993896485,31.799999959309897
13798,86.57,56.94000001831055,22.900000005086262
13799,92.37,68.68,42.066666717529294
13800,91.53,67.46000004882812,38.9333332417806
13802,87.86,57.45999998168946,17.93333331298828
13804,92.05,67.57999998779297,39.900000020345054
13805,93.09,69.97999998779297,44.53333329264323
13806,90.01,64.05999998168946,35.8333332010905
13807,90.67,64.94000002441406,36.43333326212565
13808,84.57,53.560000006103515,23.96666662597656
13810,91.13,66.33999986572266,38.999999979654945
13811,92.14,67.14000004882813,39.86666653442383
13812,92.66,68.08000004882813,40.63333322143555
13813,84.8,57.539999926757815,23.999999959309896
13815,87.81,58.43999995727539,31.36666659037272
13817,85.25,58.179999975585936,23.86666665140788
13818,92.98,68.16000004882812,42.99999994913737
13819,88.39,58.93999996337891,32.300000061035156
13820,91.99,66.78000006103515,39.43333338419596
13821,92.63,69.75999997558594,44.10000005086263
13822,92.31,67.37999992675782,40.33333325195313
13823,92.02,68.82000004882812,42.43333326212565
13824,75.37,47.34000002441406,15.866666631062825
13826,92.91,69.65999995117187,43.66666670735677
13827,75.69,46.53999995117187,16.166666664123536
13828,88.59,63.079999926757814,33.06666659037272
13829,92.38,66.41999997558594,38.49999991861979
13830,92.36,68.49999986572266,41.3000000406901
13831,91.76,67.2999999267578,37.899999959309895
13833,92.8,67.61999998168945,39.866666676839195
13835,89.85,63.639999963378905,33.46666665649414
13836,91.8,67.71999997558594,37.89999991861979
13837,82.09,54.819999969482424,19.733333267211915
13838,87.41,58.21999996948242,31.099999908447266
13839,89.98,64.53999997558594,36.26666669718424
13840,92.44,68.73999993896484,41.43333332316081
13841,89.38,63.9,33.06666656494141
13842,91.03,67.1999999633789,37.666666646321616
13843,92.68,70.11999990234375,43.733333384195966
13844,89.03,61.73999999389648,32.53333332316081
13845,82.77,51.74,22.76666664123535
13846,91.01,66.78000002441406,38.066666697184246
13847,86.55,57.919999951171874,27.599999908447266
13848,91.5,65.24000001220703,37.89999993896485
13849,89.22,62.319999981689456,34.199999857584636
13850,93.03,68.30000004882812,41.199999928792316
13851,84.99,57.77999997558594,23.099999969482422
13852,76.12,46.71999999389649,15.23333334350586
13853,86.93,56.72000000610352,30.300000030517577
13854,92.06,67.22000000610352,38.66666654459635
13855,91.49,65.4399999267578,37.16666656494141
13856,86.45,58.499999963378905,27.899999908447267
13857,91.93,66.45999987792969,38.666666646321616
13858,87.09,57.36000001220703,31.19999995422363
13860,84.69,56.01999996948242,23.933333251953126
13861,90.84,67.10000000610351,37.43333337402344
13862,89.1,63.359999975585936,33.96666650390625
13863,93.44,69.66,43.266666666666666
13864,90.82,65.7999999267578,29.666666666666668
13865,91.47,66.03999999389649,36.96666672770182
13866,89.84,64.08000000610352,36.033333231608076
13867,92.32,68.00000004882813,38.966666564941406
13868,88.76,62.319999963378905,30.333333267211913
13869,93.63,70.25999993896484,44.20000004069011
13870,84.89,56.8,15.766666636149088
13871,87.67,57.29999996948242,31.699999989827475
13872,90.13,64.15999998168945,36.266666666666666
13873,92.13,67.27999998779296,38.89999987792969
13874,89.43,65.26000002441407,34.56666665649414
13875,90.22,64.4,37.23333329264323
13876,89.17,61.619999993896485,34.46666672770182
13877,88.65,63.54000002441406,33.39999997965495
13878,89.85,64.44000002441406,34.066666585286455
13880,89.37,63.51999997558594,34.49999994913737
13881,75.72,47.31999993896484,16.46666660054525
13882,90.91,64.41999993896485,35.366666564941404
13883,91.97,67.59999992675782,40.66666670735677
13884,92.8,69.55999992675781,41.699999877929685
13885,88.82,62.41999994506836,31.39999998474121
13886,87.59,56.62000002441406,29.899999989827474
13887,89.85,63.95999995727539,33.69999991861979
13888,90.92,65.95999992675782,31.96666665649414
13889,92.04,67.74000004882812,39.33333330281575
13891,91.45,66.63999992675781,40.26666657511393
13892,91.63,66.71999995117187,39.13333334350586
13893,89.95,63.47999995117188,36.73333335367838
13894,73.71,42.87999996337891,15.433333318074544
13895,91.96,67.88000000610351,39.499999979654945
13896,10.0,0.9999999996185303,0.8333333333333334
13897,91.77,65.91999991455079,37.13333326212565
13898,91.92,68.55999991455079,41.733333333333334
13899,88.82,60.89999995117188,20.80000001525879
13900,69.59,40.82,13.599999969482422
13901,75.58,47.27999998168945,15.866666633605957
13902,88.72,59.53999998779297,21.1666666208903
13903,92.2,66.75999993896484,38.06666665649414
13904,92.88,69.07999998779297,44.066666717529294
13905,79.9,50.319999981689456,20.466666595458985
13906,89.51,60.05999991455078,23.4
13908,81.39,49.19999999389648,18.433333323160806
13909,89.2,63.919999951171874,34.16666672770182
13910,92.38,69.02000006103516,41.66666656494141
13911,78.77,43.880000006103515,22.26666665649414
13912,88.99,63.18000000610351,33.79999993387858
13913,92.47,67.59999995117188,39.46666668701172
13914,91.56,66.01999992675782,37.06666656494141
13915,84.77,56.86000002441406,23.80000001525879
13916,92.58,69.05999993896485,42.09999987792969
13917,91.6,65.60000002441406,38.566666707356774
13918,90.26,63.99999993896484,33.39999997965495
13919,85.42,56.759999926757814,16.500000002543132
13921,91.2,66.27999987792968,37.16666650390625
13922,92.43,68.70000000610352,40.86666670735677
13923,88.96,63.03999998779297,35.63333333333333
13924,92.6,67.62000001220703,40.633333272298174
13926,93.15,70.1199999633789,43.20000004069011
13927,91.47,67.05999992675781,39.0666665242513
13928,91.26,61.7199999633789,32.23333325703939
13929,92.07,66.78000000610352,39.16666670735677
13930,91.87,67.03999995117188,39.60000003051758
13931,86.56,58.11999996948242,28.099999954223634
13932,91.29,65.31999991455078,38.566666575113935
13933,92.24,67.35999992675781,38.166666666666664
13934,91.64,68.99999996337891,42.60000005086263
13935,91.65,65.98,38.166666595458985
13936,91.31,66.32000006103516,37.29999985758464
13937,86.4,55.49999993286133,26.499999954223632
13938,90.68,65.6800000366211,36.43333337402344
13939,91.79,67.99999993896485,39.86666666666667
13940,91.58,64.71999993286133,36.06666662597656
13941,92.78,68.91999991455079,40.09999984741211
13942,87.83,58.04000002441406,32.23333326721191
13943,82.16,50.53999995117187,20.066666676839194
13944,85.66,54.74,25.49999996439616
13945,82.25,47.27999999389648,22.93333326212565
13946,91.02,64.73999998779297,36.76666657511393
13947,89.18,63.97999998779297,33.66666658528646
13948,91.63,65.81999998779297,36.73333335367838
13949,88.74,63.079999981689454,31.26666665649414
13951,87.48,56.12000002441406,32.19999988810221
13952,87.86,59.91999998779297,32.03333339436849
13953,75.84,45.87999997558594,15.83333332824707
13954,89.32,64.48000000610351,33.03333334350586
13955,93.01,69.24000006103516,41.3666667175293
13956,91.09,64.17999992675782,38.200000061035155
13957,90.15,65.41999986572266,38.166666666666664
13958,75.64,45.63999994506836,15.899999969482423
13959,92.45,68.48000000610351,42.56666665649414
13960,88.68,62.57999995727539,32.099999989827474
13961,90.27,64.99999992675781,36.799999888102214
13962,88.87,60.07999998779297,31.56666657511393
13964,90.22,65.8800000366211,37.733333394368486
13966,91.31,63.140000024414064,31.46666660054525
13967,89.84,63.42000001220703,33.69999990844727
13968,89.37,62.380000006103515,32.86666663106283
13969,91.54,66.40000004882812,38.46666650390625
13970,92.21,68.19999997558594,41.09999986775716
13971,10.0,1.0,0.8333333314259846
13972,88.79,63.539999926757815,32.899999888102215
13973,80.0,50.01999998168945,21.79999996948242
13974,91.84,67.19999993896485,38.80000003051758
13975,76.39,46.55999998168945,15.93333334350586
13976,92.06,66.78,40.06666660563151
13977,92.43,67.90000004882812,41.26666668701172
13978,89.17,64.03999993896484,34.433333353678385
13979,92.29,68.98000002441407,41.5333332824707
13980,72.95,44.53999995727539,14.633333348592123
13982,90.57,65.73999993896484,35.53333321126302
13983,90.65,65.54000004882812,37.53333322143555
13984,55.73,31.179999975585936,12.1
13985,92.26,67.66000002441406,40.833333343505856
13986,92.71,68.41999997558594,42.199999989827475
13987,93.54,68.94000002441406,42.333333353678384
13988,84.05,51.460000024414065,21.933333353678385
13989,91.5,68.09999997558593,40.4333332417806
13990,92.44,66.89999997558594,39.16666662597656
13992,90.83,65.61999993896484,36.46666666666667
13993,92.53,67.00000002441406,38.13333323160807
13994,78.5,45.73999992675781,16.033333267211916
13996,91.16,64.92000001220703,39.39999986775716
13998,76.61,46.259999981689454,15.666666600545247
14000,91.41,65.58000004882813,36.39999989827474
14001,92.54,69.67999998779297,42.800000010172525
14002,92.02,69.24000002441406,41.36666660563151
14003,91.82,67.78000003662109,38.83333337402344
14004,82.62,54.63999993896484,20.833333282470704
14005,55.52,29.559999966430663,11.39999998474121
14006,78.28,44.63999997558594,24.766666697184245
14007,90.28,64.36000004882813,33.79999996439616
14008,73.25,45.18000001220703,15.466666633605957
14009,92.38,66.96000004882812,38.566666697184246
14010,89.85,63.81999992675781,34.33333328755697
14011,77.86,44.880000006103515,26.666666646321616
14012,91.15,65.59999992675782,36.59999986775716
14013,88.74,60.99999993896484,22.633333287556965
14014,91.8,68.69999993896485,39.26666650390625
14015,10.0,0.9999999996185303,0.8333333314259846
14017,10.0,0.9999999992370605,0.8333333326975505
14018,10.0,1.0,0.8333333320617676
14020,88.48,61.72000001831055,32.799999888102214
14021,88.56,62.219999975585935,32.066666646321615
14022,91.08,66.51999996337891,35.63333333333333
14023,85.93,56.43999995117188,27.366666646321615
14024,90.28,64.33999998168946,34.46666657511393
14025,84.54,57.70000002441406,23.899999923706055
14026,92.59,68.92000001220703,43.866666554768884
14027,91.88,67.27999999389648,40.26666658528646
14028,68.47,39.21999993896485,13.099999989827474
14030,63.38,35.839999951171876,12.633333320617675
14031,92.75,67.71999991455078,39.633333251953125
14032,88.79,62.84000002441406,33.06666665140788
14033,79.34,51.09999994506836,20.933333353678385
14034,76.61,46.26000001220703,15.466666610717773
14035,80.27,51.02000001220703,16.69999993387858
14036,87.92,59.46000000610351,30.36666659037272
14038,75.2,46.79999996948242,15.466666681925457
14040,92.86,68.65999998779297,40.733333394368486
14041,92.0,67.8000000366211,39.566666575113935
14042,91.98,67.16000001220704,38.499999837239585
14043,86.11,57.03999993286133,22.766666666666666
14044,90.01,64.47999992675781,33.33333336385091
14045,91.33,68.83999986572266,37.66666662597656
14047,72.48,36.119999987792966,16.333333300272624
14048,90.09,62.37999997558594,36.03333320109049
14049,91.27,63.67999998779297,30.966666646321613
14050,92.27,67.31999987792969,39.133333384195964
14051,91.91,67.31999993896484,39.33333339436849
14052,88.86,62.119999993896485,32.00000006103516
14053,91.41,68.01999995117187,39.3333332417806
14054,92.3,68.3800000366211,40.63333339436849
14055,92.7,68.9599999633789,43.033333241780596
14056,86.06,58.600000024414065,28.39999998474121
14057,75.01,46.02000001220703,15.766666636149088
14058,92.06,67.99999998779298,40.13333322143555
14059,90.64,64.51999993896484,32.96666655476888
14060,84.29,50.30000000610352,22.366666625976563
14061,89.4,64.35999998779297,36.83333323160807
14062,90.18,65.50000003662109,37.233333272298175
14063,89.35,61.04000000610352,33.09999993896484
14065,91.04,65.72000003662109,36.16666660563151
14066,92.18,68.87999986572265,43.33333338419596
14067,92.46,67.02000001220703,40.03333338419596
14068,75.28,46.79999998168945,15.43333334350586
14069,92.19,69.79999986572265,43.20000001017252
14070,88.66,61.999999975585936,30.833333221435545
14071,92.21,67.9400000366211,40.00000006103516
14072,89.0,64.15999995117187,32.79999998982748
14073,91.19,64.27999993896485,37.76666653442383
14074,71.93,37.76000001831055,16.600000020345053
14075,86.31,54.500000024414064,26.13333325703939
14076,92.03,66.95999992675782,38.633333312988285
14077,90.56,64.54000000610351,34.099999908447266
14078,92.47,68.77999993896485,42.499999908447265
14079,89.07,61.800000048828124,21.69999994913737
14080,89.34,63.679999969482424,34.033333251953124
14081,92.06,68.07999986572266,39.83333326721191
14082,92.0,67.59999991455078,39.46666657511393
14083,92.42,67.23999995117188,40.199999938964844
14084,92.42,68.75999997558594,42.43333325195312
14085,91.25,65.81999991455078,38.93333321126302
14086,92.41,67.26000004882812,41.59999984741211
14088,91.45,66.83999998779296,39.3333332010905
14089,89.32,62.30000003662109,32.63333333333333
14090,92.36,66.9600000366211,39.63333329264323
14091,93.09,70.03999991455078,42.466666514078774
14092,91.51,66.00000000610352,38.59999994913737
14093,86.55,55.799999938964845,30.5666666208903
14094,86.78,60.22000001220703,27.23333329772949
14095,76.12,47.19999998779297,16.466666664123537
14096,90.5,64.92000006103515,34.86666650390625
14097,89.2,62.840000006103516,32.199999928792316
14098,92.09,67.9,39.66666657511393
14099,91.93,67.53999997558594,37.899999837239584
14100,93.02,68.98000003662109,44.03333322143555
14101,81.96,43.239999951171875,25.566666625976563
14102,89.34,65.41999991455079,34.49999988810222
14103,89.11,63.11999996337891,33.16666660563151
14104,89.17,63.119999938964845,33.06666659037272
14105,80.32,51.58000002441406,21.633333251953125
14106,92.42,67.87999995117187,39.16666658528646
14107,92.42,69.53999993896484,43.13333337402344
14108,86.87,57.75999996337891,29.16666660054525
14109,86.85,58.17999995727539,27.63333332824707
14111,88.57,63.079999938964846,33.866666615804036
14112,91.0,68.65999986572265,40.899999837239584
14113,87.3,56.939999926757814,30.699999908447264
14114,91.7,68.81999987792969,40.83333318074544
14115,92.68,68.66000006103516,41.533333241780596
14117,86.66,58.079999993896486,28.466666585286458
14119,89.13,64.35999998779297,32.96666658528646
14120,68.63,40.239999951171875,13.266666666666667
14121,89.76,64.92000000610352,33.13333334350586
14122,91.2,65.42000000610352,36.69999984741211
14123,91.43,67.37999991455078,38.63333317057292
14124,88.35,61.95999997558594,29.933333287556966
14126,89.94,66.66,37.333333170572914
14127,90.72,66.1599999267578,40.73333334350586
14128,10.0,0.9999999996185303,0.8333333333333334
14129,91.03,65.70000004882813,36.83333330281575
14130,83.83,50.85999994506836,22.29999994913737
14131,84.72,51.2,24.833333333333332
14132,93.25,70.67999992675782,43.09999994913737
14133,86.67,58.799999993896485,27.39999996439616
14134,91.21,64.79999999389648,36.66666667683919
14135,90.43,63.69999997558594,36.933333353678385
14136,68.72,39.30000002441406,12.666666641235352
14137,92.85,68.45999986572265,42.866666544596356
14138,88.65,62.26000001220703,33.966666600545246
14140,93.35,70.95999995117188,44.93333332316081
14142,90.06,66.51999996337891,27.99999996948242
14143,91.91,68.79999986572265,39.233333272298175
14144,75.47,46.939999926757814,15.699999969482421
14146,86.67,58.11999998168945,28.366666615804036
14147,90.0,63.699999938964844,32.86666663106283
14148,92.68,69.77999998779296,43.16666651407878
14149,93.12,70.07999989013672,45.13333323160807
14150,91.52,67.27999991455079,39.3000000406901
14151,88.41,60.81999999389649,33.13333337402344
14154,88.28,58.519999945068356,29.333333267211913
14155,75.53,46.73999998168945,16.066666661580403
14156,92.02,66.56000006103515,38.69999989827474
14157,87.63,57.19999997558594,31.39999992879232
14159,91.42,65.01999991455078,37.300000061035156
14160,73.65,40.07999998779297,19.09999991861979
14161,89.25,63.63999995117187,34.6333332824707
14162,90.61,63.52000001220703,39.900000010172526
14163,10.0,0.9999999996185303,0.8333333333333334
14164,91.76,67.31999993896484,39.3
14165,90.13,66.31999993896484,36.8
14166,92.01,67.25999991455078,39.70000004069011
14167,91.16,66.46000001220703,37.70000001017252
14168,92.56,68.71999992675781,41.8666667175293
14169,88.48,61.45999992675781,31.966666575113933
14170,88.59,63.100000018310546,31.73333332824707
14171,92.25,67.62000004882813,39.46666668701172
14172,91.35,67.82000002441406,39.66666650390625
14173,91.05,65.54000004882812,36.933333170572915
14175,92.03,68.76000002441407,39.699999877929685
14176,87.13,58.69999996337891,25.5333332417806
14177,75.92,47.66000001220703,15.466666676839193
14178,92.33,67.81999991455078,41.766666666666666
14179,86.64,57.47999997558594,30.09999994913737
14180,92.77,70.17999986572265,44.33333319091797
14181,88.9,63.999999981689456,34.16666655476888
14182,91.44,67.86000006103515,39.70000001017252
14183,92.78,65.98000002441407,35.499999979654945
14184,81.15,44.47999996337891,26.233333302815755
14185,91.96,68.35999996337891,42.29999996948242
14186,88.6,62.58000001220703,31.300000010172525
14187,63.6,33.77999998168945,13.799999954223633
14188,90.99,64.77999991455079,38.66666655476888
14189,69.2,40.26000000305176,13.000000002543132
14190,91.77,66.69999993896485,38.89999993896485
14191,91.34,66.36000002441406,36.70000003051758
14192,92.26,68.17999998779297,38.49999987792969
14193,86.3,57.47999992675781,23.433333338419597
14194,91.21,64.6,34.73333332824707
14195,90.78,66.84000006103516,38.266666666666666
14196,92.46,68.75999995117188,40.93333327229818
14197,69.96,41.159999932861325,14.166666681925456
14198,82.97,50.54000001831054,21.099999964396158
14199,89.05,62.7199999633789,32.43333331298828
14200,90.25,66.85999992675781,38.66666669718425
14201,89.26,62.8,32.16666668701172
14202,91.37,65.48000001220703,37.300000010172525
14203,93.55,70.29999986572265,43.36666658528646
14204,93.11,69.72000002441406,43.20000005086263
14205,10.0,0.9999999996185303,0.8333333326975505
14206,75.15,46.92,15.933333282470704
14207,91.86,67.19999991455079,39.666666656494144
14208,90.85,64.81999993896484,37.16666670735677
14209,91.54,67.17999997558594,39.1333332417806
14210,91.31,65.09999986572265,33.16666658528646
14211,76.43,46.439999975585934,15.633333302815755
14212,89.05,62.719999975585935,32.89999985758463
14213,89.44,65.14000000610352,36.99999991861979
14214,92.67,67.77999995117187,41.233333201090495
14215,92.09,67.49999986572266,38.63333337402344
14216,92.16,68.55999998779296,40.76666657511393
14217,93.34,71.16000002441406,46.26666658528646
14218,93.44,70.35999989013672,43.83333338419596
14219,91.79,68.01999991455078,40.96666672770182
14220,92.17,67.45999993896484,40.166666656494144
14221,92.36,68.88000000610351,43.43333318074544
14222,89.5,62.39999998779297,35.19999997965495
14223,92.05,67.52000001220703,37.966666697184245
14225,81.11,52.19999996337891,17.799999918619793
14226,92.11,67.58000000610352,39.19999996948242
14227,92.21,67.29999991455078,40.33333323160807
14228,93.66,70.10000006103516,44.099999989827474
14229,92.74,69.03999992675782,37.89999990844726
14230,91.04,64.84000006103516,32.93333322143555
14231,80.27,50.039999975585935,21.266666610717774
14232,92.64,68.43999995117187,41.799999877929686
14233,90.84,63.18000002441406,28.333333262125652
14235,89.43,65.49999993896485,34.63333333333333
14236,90.0,64.49999993896485,35.26666669718424
14237,86.84,57.519999993896484,27.599999994913738
14238,90.59,65.04,36.43333339436849
14239,93.03,68.88000001220703,41.099999969482425
14240,92.59,69.63999997558594,41.23333317057292
14241,86.56,58.55999996948242,27.833333282470704
14242,91.52,66.08000002441406,41.39999989827474
14243,88.87,62.71999991455078,32.466666661580405
14244,89.17,63.939999993896485,33.33333339436849
14245,91.35,67.29999995117187,38.3333332010905
14246,81.05,51.36000001220703,16.033333333333335
14247,90.68,61.77999991455078,35.43333319091797
14248,86.63,55.339999932861325,30.06666668701172
14249,88.95,62.01999991455078,32.766666595458986
14250,89.31,61.72000001220703,32.133333190917966
14251,93.17,69.94000006103515,42.00000005086263
14252,10.0,0.9999999996185303,0.8333333320617676
14253,93.67,70.93999995117187,44.73333318074544
14254,89.51,63.65999992675781,31.13333319091797
14256,92.3,67.70000001220703,39.23333331298828
14257,75.88,46.31999994506836,15.73333334350586
14258,92.42,68.85999996337891,42.699999857584636
14259,74.99,46.97999992675781,15.93333332824707
14260,91.26,63.19999999389648,33.099999918619794
14261,91.52,67.33999992675781,39.86666670735677
14262,91.84,68.11999987792969,40.133333180745446
14263,87.9,59.139999969482425,33.13333317057292
14265,92.53,67.51999995117187,40.53333327229818
14266,89.64,64.31999991455078,34.0333332824707
14267,88.73,62.83999997558594,32.43333329772949
14268,92.53,69.27999996337891,42.96666657511393
14269,88.76,61.41999999389648,32.03333331298828
14270,89.46,64.71999992675781,36.46666650390625
14271,92.37,67.17999986572265,37.999999979654945
14272,93.11,69.09999999389649,40.73333318074544
14274,92.45,69.29999986572265,43.3
14275,88.71,61.759999865722655,32.26666662597656
14276,88.36,57.46000001220703,27.73333339436849
14277,91.48,66.39999993896484,38.99999993896484
14278,90.64,64.15999998779297,39.09999984741211
14279,90.55,67.07999999389648,39.13333333333333
14280,69.03,40.16000001831055,13.733333287556967
14281,91.74,67.03999991455078,40.833333343505856
14282,90.31,63.579999981689454,36.23333335367838
14283,91.38,65.29999993896485,36.533333302815755
14284,92.07,69.0,41.43333319091797
14285,89.74,65.29999996337891,36.499999837239585
14286,90.4,65.81999998779297,39.233333333333334
14288,91.43,67.17999996948242,39.56666661580404
14290,92.36,67.6599999267578,40.23333323160807
14291,92.37,68.26,41.133333384195964
14292,87.64,57.439999987792966,32.19999999491374
14293,87.71,60.82,33.43333326212565
14294,93.24,69.99999991455078,43.83333337402344
14295,68.72,38.62,13.533333302815755
14297,91.74,67.16000000610352,38.966666697184245
14298,85.58,57.27999992675781,24.533333338419595
14300,91.92,67.51999998779297,39.39999986775716
14301,89.68,64.4000000366211,33.29999996439616
14302,89.81,64.28000004882813,35.5
14303,90.04,63.179999981689456,36.23333337402344
14305,91.28,66.77999995117187,39.99999994913737
14306,92.96,68.87999998779297,43.033333180745444
14307,92.09,68.03999998779297,38.60000001017253
14308,92.29,67.45999986572265,41.099999908447266
14309,90.04,66.29999986572265,33.73333319091797
14310,91.93,67.35999992675781,39.33333318074544
14311,10.0,0.9999999996185303,0.8333333333333334
14312,92.81,69.97999997558594,40.29999983723958
14313,92.59,69.4599999633789,44.46666670735677
14314,91.94,66.27999995117187,40.800000010172525
14315,80.34,51.139999963378905,20.866666664123535
14316,91.91,67.60000006103516,39.23333321126302
14317,91.75,65.77999998168946,37.96666659545898
14318,79.67,50.660000006103516,21.200000010172527
14319,84.66,57.11999996948242,24.366666681925455
14320,79.91,51.01999997558594,21.833333328247072
14321,87.76,60.079999981689454,33.76666662597656
14322,89.98,64.17999999389649,34.93333333333333
14323,92.15,66.87999998168945,38.83333325195313
14324,90.06,65.19999993896485,35.39999996948242
14326,88.94,63.079999975585935,33.56666668701172
14327,88.06,56.65999995727539,29.03333329772949
14328,92.19,67.01999992675782,39.6333332417806
14329,91.6,67.09999992675782,39.46666666666667
14330,91.61,66.78000003662109,38.533333251953124
14332,88.95,63.75999995727539,33.19999999491374
14333,92.6,68.43999995117187,42.23333318074544
14334,87.99,60.35999995117187,20.99999994405111
14335,90.73,65.51999995117187,37.53333317057292
14336,89.92,63.6,35.466666636149085
14337,89.99,65.56000001220703,33.93333331298828
14338,93.13,69.30000004882812,43.96666650390625
14339,92.29,66.80000001220704,38.099999969482425
14340,89.02,64.99999998168946,35.53333319091797
14341,90.22,66.45999998168945,36.36666669718424
14342,89.26,64.43999997558593,35.59999983723959
14343,92.57,68.68000006103516,41.19999988810221
14344,84.11,52.87999997558594,23.066666666666666
14345,88.71,61.76,28.766666651407878
14346,89.52,64.45999998779297,33.900000030517575
14347,88.88,63.76000002441406,33.63333333333333
14348,88.49,62.24,32.866666676839195
14350,92.76,67.72000004882813,41.29999989827474
14351,85.41,56.820000024414064,24.133333302815757
14353,92.24,68.13999987792968,39.333333333333336
14354,88.48,62.84000001220703,32.666666646321616
14355,92.02,68.82000004882812,38.53333327229818
14356,93.04,68.97999995117188,43.29999984741211
14357,90.75,66.19999995117188,32.033333251953124
14358,79.34,45.97999997558594,17.23333329772949
14359,93.06,68.66000006103516,44.36666664632161
14360,90.31,63.71999993896485,34.33333329264323
14361,89.05,64.33999999389648,35.26666662597656
14362,86.94,60.599999963378906,28.466666615804037
14363,92.2,67.73999991455078,40.13333329264323
14364,91.89,67.31999987792969,39.26666663614909
14365,90.68,65.51999993896484,37.63333329264323
14366,86.38,59.34000001220703,28.066666636149087
14367,92.0,68.27999998779296,40.400000030517575
14368,92.85,69.05999992675781,43.06666650390625
14369,92.26,67.66000000610352,42.26666670735677
14370,92.15,66.79999995117187,39.39999996948242
14371,90.93,66.44,37.96666650390625
14372,88.85,61.739999951171875,32.733333297729494
14373,92.29,69.0799998779297,41.79999992879232
14374,92.18,67.03999991455078,40.3333332417806
14375,93.89,71.89999998779297,44.73333335367838
14376,76.13,47.61999996948242,15.733333297729493
14377,93.12,69.74000004882812,44.199999928792316
14378,90.27,66.47999993896484,40.76666665649414
14379,89.29,63.50000001220703,35.46666664632161
14380,87.81,62.13999991455078,31.49999996439616
14382,91.09,67.37999989013672,37.13333322143555
14383,74.42,42.51999996948242,14.866666651407877
14384,92.05,68.10000006103516,37.93333321126302
14385,91.19,64.5200000366211,35.10000002034505
14387,10.0,0.9999999996185303,0.8333333326975505
14388,79.67,48.59999998168945,22.13333326212565
14389,86.6,58.79999995117188,28.79999997965495
14390,88.69,63.53999995117187,34.23333326721191
14391,89.71,61.23999996337891,36.49999985758463
14392,86.23,57.49999995727539,28.16666660054525
14393,86.4,54.4,26.299999938964845
14394,90.37,66.55999992675781,38.03333333333333
14395,10.0,0.9999999996185303,0.8333333314259846
14396,91.54,66.86000001220702,38.5666665242513
14397,90.98,64.16,39.93333327229818
14398,90.61,64.41999993896485,36.50000006103516
14399,89.11,64.53999991455078,33.933333282470706
14400,90.49,65.72000004882813,38.76666653442383
14401,91.15,65.59999991455078,37.166666646321616
14402,87.22,59.73999991455078,30.03333329772949
14403,91.53,67.24000006103516,38.16666650390625
14404,90.34,65.83999991455079,38.73333318074544
14405,89.61,64.3800000366211,36.76666663614909
14406,85.36,57.79999997558594,23.333333287556965
14407,86.77,58.49999993896484,28.599999857584635
14408,89.37,62.72000000610352,32.46666654459636
14409,87.99,61.339999951171876,30.23333327738444
14410,93.28,69.81999986572265,43.29999991861979
14411,92.15,68.93999995117187,41.39999989827474
14412,92.06,67.21999992675781,39.16666661580404
14413,90.73,64.24000001220703,35.799999877929686
14414,91.37,65.61999999389649,37.76666657511393
14415,91.98,66.57999993896485,38.93333337402344
14416,93.64,69.72000000610352,42.366666687011715
14417,92.4,68.75999992675781,45.06666654459635
14419,92.09,67.87999995117187,39.13333323160807
14420,87.65,57.119999932861326,29.833333221435545
14421,91.33,65.16000001220704,36.633333323160805
14422,80.14,49.13999994506836,19.800000005086265
14423,88.85,62.68,33.03333335367839
14424,87.18,55.779999969482425,27.66666659037272
14425,89.52,65.15999996337891,35.56666667683919
14426,88.62,64.72000000610352,34.39999985758463
14427,91.1,65.6599999267578,36.93333325195312
14428,89.12,63.83999989013672,32.53333322143555
14430,91.31,66.61999995117188,38.23333334350586
14431,88.58,61.240000006103514,32.2333332824707
14432,93.26,69.16000002441406,42.8
14433,92.1,68.10000001220703,40.63333321126302
14435,92.19,67.56000004882813,37.46666666666667
14436,88.46,61.13999995117187,34.53333320109049
14437,81.86,54.09999999389648,19.63333326212565
14438,90.58,62.86000000610352,37.666666717529296
14439,88.84,61.53999991455078,32.700000061035155
14440,92.1,67.27999989013672,38.999999908447265
14442,92.14,66.89999997558594,38.166666666666664
14443,94.08,71.25999998779297,44.9
14444,88.58,62.36000001220703,31.26666672770182
14445,85.22,57.22000001831055,16.69999993387858
14446,89.27,63.62000003662109,33.166666524251305
14447,89.17,63.52000002441406,32.9
14448,92.64,69.07999995117187,42.76666655476888
14449,91.33,68.3799999633789,39.93333321126302
14450,92.8,69.64000004882813,43.833333221435545
14451,92.33,68.49999997558594,42.26666657511393
14452,91.65,66.72000003662109,38.56666663614909
14453,88.41,61.980000006103516,32.53333332316081
14454,87.33,58.159999993896484,31.43333339436849
14455,92.78,69.89999987792969,44.033333180745444
14457,91.36,65.83999998779296,38.73333317057292
14458,91.93,67.55999991455079,37.03333326212565
14459,57.83,31.800000012207033,13.266666666666667
14460,86.27,57.93999995727539,27.533333257039388
14461,90.77,65.72000000610352,36.73333319091797
14463,92.19,67.60000004882812,39.60000001017253
14464,91.32,66.00000006103515,37.93333319091797
14465,89.13,63.539999963378904,33.19999994913737
14466,92.13,67.22000001220704,38.93333331298828
14467,86.74,58.779999969482425,27.866666615804036
14468,92.87,69.25999986572266,44.16666657511393
14469,93.71,70.80000006103515,43.9000000406901
14470,91.59,66.12000001220703,38.4333332010905
14471,10.0,1.0,0.8333333326975505
14472,75.56,45.69999993286133,15.433333302815756
14474,89.05,64.16000004882812,33.39999996439616
14475,93.34,69.28000001220703,45.166666524251305
14476,91.79,66.45999999389649,36.43333339436849
14477,92.12,68.2600000366211,42.39999993896485
14478,91.96,67.51999995117187,38.46666659545898
14479,90.53,66.16000002441406,37.89999989827474
14481,90.94,65.00000004882813,30.066666590372723
14482,92.03,67.71999989013672,39.33333323160807
14483,86.25,58.420000006103514,27.1666666208903
14484,90.64,64.89999993896484,35.300000061035156
14485,10.0,0.9999999996185303,0.8333333333333334
14487,82.71,53.880000012207034,21.23333330790202
14488,90.39,64.71999996948242,34.099999989827474
14489,87.57,60.33999995727539,33.06666650390625
14490,92.46,66.77999991455079,40.066666514078776
14492,92.59,68.86000002441406,41.366666687011715
14494,91.46,67.71999986572266,40.633333201090494
14495,92.6,66.97999993896484,40.29999985758464
14496,75.41,46.72,16.43333332824707
14497,90.31,63.63999999389648,35.43333325195312
14498,84.2,56.03999994506836,25.433333302815754
14499,93.12,69.78000006103515,43.89999992879232
14500,80.66,51.54000000610352,19.166666661580404
14502,91.25,67.38000004882812,39.76666663614909
14503,88.43,63.18000000610351,30.766666687011718
14504,91.74,68.08000003662109,38.56666667683919
14505,89.69,63.39999996948242,35.633333272298174
14506,90.76,67.37999990234376,39.56666672770182
14509,90.26,64.89999996948242,36.16666656494141
14510,86.65,56.02000002441406,27.766666661580405
14511,92.01,66.98000004882813,40.53333321126302
14512,85.24,57.15999995727539,23.599999989827474
14513,80.05,47.619999932861326,19.13333332316081
14514,92.14,68.99999987792968,40.8333332010905
14515,79.67,50.680000018310544,20.900000030517578
14516,92.18,67.94000004882813,39.53333320109049
14518,92.31,67.41999991455079,38.966666564941406
14519,75.8,46.15999996948242,15.766666651407878
14520,89.57,62.26000001220703,34.26666668701172
14521,91.46,65.9399998779297,37.16666654459635
14522,93.36,69.89999997558594,44.23333334350586
14523,91.65,67.16000000610352,39.766666605631514
14524,88.55,63.12000000610352,33.43333322143555
14525,88.58,60.099999951171874,33.999999933878584
14526,70.9,39.420000024414065,18.93333331298828
14527,86.82,58.55999996948242,27.366666666666667
14528,91.99,67.07999997558593,38.63333326212565
14529,91.1,65.33999999389648,36.69999991861979
14530,86.62,58.91999999389648,28.233333251953123
14531,92.0,67.17999991455078,40.133333272298174
14532,88.28,57.55999999389648,31.366666625976563
14533,90.97,65.37999993896484,36.900000030517575
14534,89.03,62.51999996337891,32.53333326212565
14535,91.1,67.81999995117188,33.833333333333336
14536,57.07,30.019999990844727,12.3
14537,85.78,51.420000024414065,27.26666660563151
14539,92.94,68.91999998779296,42.866666676839195
14540,75.6,47.13999998779297,16.166666664123536
14541,85.27,58.31999993896484,24.433333363850913
14542,68.72,38.619999926757814,13.366666664123535
14543,89.19,63.499999963378905,33.96666665649414
14544,86.0,57.779999969482425,27.899999923706055
14545,91.2,67.28000000610352,32.66666658528646
14546,92.47,68.91999997558594,41.23333317057292
14548,92.67,68.68,43.63333321126302
14549,84.33,51.799999938964845,17.066666636149087
14550,86.56,58.37999998168945,27.499999888102213
14551,90.94,63.979999993896485,32.23333325703939
14552,91.01,65.03999993896484,37.10000001017253
14553,79.66,43.99999999389649,26.666666585286457
14554,73.84,44.55999997558594,15.433333315531414
14555,88.59,64.59999992675782,34.99999989827474
14556,88.27,60.23999992675781,32.99999988810222
14557,86.04,57.32000000610351,26.73333326212565
14558,90.29,65.31999997558594,37.46666660563151
14559,88.95,61.49999993896484,30.633333363850912
14561,92.0,68.31999989013671,40.63333329264323
14562,89.0,63.04000002441406,34.766666631062826
14563,92.19,66.8000000366211,40.199999928792316
14564,91.17,66.87999997558593,38.66666662597656
14565,88.88,62.43999998168945,32.533333267211916
14566,86.68,56.45999991455078,30.300000010172525
14567,92.61,69.63999998779298,42.400000020345054
14568,90.62,65.57999993896485,35.73333317057292
14569,90.58,64.35999991455078,35.69999990844727
14570,91.1,66.00000003662109,35.43333332824707
14571,65.41,13.319999992370606,15.76666663869222
14574,92.83,69.75999986572266,44.03333322143555
14576,87.7,59.95999998779297,28.600000020345053
14577,76.03,46.25999994506836,15.166666648864746
14578,91.67,67.09999998168945,38.93333336385091
14579,91.16,64.88000000610351,22.333333348592124
14581,91.02,65.40000004882812,39.49999998982747
14582,91.26,67.05999992675781,36.8000000406901
14583,92.88,68.59999995117188,43.49999985758463
14584,86.29,58.34,27.69999996439616
14586,89.24,64.12000001220703,33.83333332824707
14587,70.16,41.33999997558594,14.099999954223632
14588,87.4,56.69999996337891,28.033333251953124
14589,86.63,58.26000001831055,28.233333353678386
14590,84.2,54.77999993896484,26.699999979654947
14591,75.87,46.14000001220703,15.833333315531412
14592,91.22,66.82000000610351,38.19999997965495
14593,86.54,58.48000002441406,28.399999938964843
14594,86.84,55.64000001220703,30.46666655476888
14595,10.0,0.9999999988555908,0.8333333326975505
14596,69.77,41.18,13.266666651407878
14597,79.5,51.299999938964845,21.56666665140788
14598,92.43,68.4400000366211,39.7
14599,75.53,46.259999938964846,16.29999997965495
14600,86.53,56.04,29.666666595458985
14601,89.27,63.77999999389648,32.733333297729494
14603,93.01,68.70000006103515,41.09999986775716
14604,92.64,69.63999991455078,42.63333337402344
14605,86.57,56.97999994506836,23.266666625976562
14606,92.67,69.92,43.766666666666666
14607,92.74,70.56000001220703,44.63333330281576
14608,86.67,58.619999987792966,28.63333329264323
14609,93.05,69.63999995117187,43.933333302815754
14610,91.69,67.26000006103516,38.66666661580404
14611,80.03,50.85999993896484,16.56666665140788
14612,86.31,57.89999996948242,29.300000061035156
14613,80.85,48.72000000610352,20.59999991861979
14614,85.05,54.95999993286133,25.09999998474121
14615,84.69,56.76000002441406,16.999999989827472
14616,93.37,70.00000004882813,42.966666514078774
14617,90.39,63.73999999389648,36.19999983723958
14618,89.94,63.880000012207034,33.66666672770182
14619,88.88,63.45999999389648,35.30000002034505
14620,92.91,68.53999987792969,41.83333339436849
14621,85.83,54.77999995727539,27.799999938964845
14623,88.58,58.359999963378904,32.500000020345055
14625,87.31,56.699999945068356,17.533333267211916
14626,10.0,0.9999999992370605,0.8333333320617676
14627,91.99,67.8200000366211,38.899999888102215
14628,87.68,56.599999951171874,31.966666676839193
14629,84.57,53.63999998779297,24.999999923706056
14630,84.96,51.64000000610351,25.79999994913737
14631,88.86,63.08000001220703,32.83333326721191
14632,89.77,65.1200000366211,34.83333326212565
14633,92.65,68.98000004882813,44.033333251953124
14634,91.64,68.58000004882813,38.16666655476888
14635,87.79,59.29999996948242,32.49999996439616
14636,90.42,64.7400000366211,35.76666663614909
14637,86.19,60.94,27.23333329264323
14638,93.85,70.92,44.26666662597656
14639,91.52,64.45999992675782,33.533333363850915
14640,93.38,70.1799999633789,44.90000005086263
14641,88.77,64.70000000610352,34.06666656494141
14642,86.65,56.28000001220703,23.76666663614909
14643,90.53,65.01999991455078,36.16666669718425
14644,75.53,46.560000006103515,15.4666666208903
14645,10.0,1.0,0.8333333326975505
14646,92.17,66.61999997558594,39.19999983723958
14648,92.19,66.57999991455078,39.599999857584635
14649,79.38,49.77999997558594,19.03333326212565
14650,91.16,65.71999998779297,38.26666658528646
14652,91.37,65.98000001220703,38.29999996948242
14653,78.68,43.299999938964845,16.666666661580404
14655,92.79,69.62000006103516,42.36666657511393
14656,90.03,63.45999992675781,35.733333394368486
14657,90.57,63.619999926757814,38.03333317057292
14658,89.7,66.14000003662109,37.06666665649414
14659,10.0,0.9999999996185303,0.8333333326975505
14660,89.46,62.22000000610352,32.26666669718424
14661,87.19,57.51999998168945,29.599999908447266
14662,91.85,67.79999996337891,41.000000030517576
14663,84.14,57.659999938964845,24.166666676839192
14664,91.95,67.51999995117187,38.2666665242513
14665,87.07,55.72000002441406,25.866666697184243
14666,91.46,67.39999999389649,40.49999986775716
14667,92.25,68.03999989013671,39.66666654459635
14670,87.83,57.85999993286133,29.66666665649414
14671,86.74,56.43999996948242,27.93333332824707
14672,10.0,0.9999999988555908,0.8333333333333334
14674,86.44,58.16,28.033333272298176
14675,88.75,62.799999938964845,32.333333353678384
14676,92.24,68.91999991455079,43.53333335367839
14677,88.87,62.41999998779297,33.23333323160807
14678,89.94,65.95999999389649,35.96666655476888
14679,91.97,67.77999998168946,43.533333241780596
14680,91.55,66.07999997558593,38.533333267211916
14681,91.94,68.19999991455079,40.69999990844727
14682,89.09,61.499999963378905,32.16666663614909
14683,92.76,68.36000002441406,41.73333337402344
14685,78.97,43.86000001220703,26.399999954223635
14687,91.17,65.73999993896484,29.86666660563151
14688,79.74,40.59999999389648,20.29999996948242
14689,92.13,67.68000004882812,40.79999989827474
14690,86.96,58.41999992675781,27.733333267211915
14691,75.73,47.30000001831055,16.100000010172526
14692,85.42,56.660000061035156,16.499999984741212
14694,86.31,59.23999996337891,28.133333251953125
14695,89.83,64.39999987792969,33.83333332316081
14696,82.61,54.42,20.066666625976563
14697,89.62,64.49999999389648,33.73333319091797
14698,91.85,67.83999998779296,40.133333272298174
14699,79.0,50.67999995117187,22.433333333333334
14700,91.26,67.09999987792969,38.23333330281576
14701,87.72,57.55999993896484,32.200000061035155
14702,88.23,62.27999997558594,34.23333326721191
14703,93.16,70.09999986572265,44.533333241780596
14704,88.1,60.339999938964844,32.833333221435545
14705,92.25,68.33999992675781,41.23333325195313
14706,91.67,67.19999987792968,38.433333353678385
14707,83.66,54.03999993286133,26.333333318074544
14708,91.96,67.69999998779296,40.99999985758463
14709,93.62,70.20000003662109,45.13333336385091
14710,91.85,67.88000000610351,41.766666615804034
14711,71.04,35.99999999389649,16.033333302815755
14712,92.17,67.09999991455078,39.733333201090495
14713,91.8,69.07999997558593,42.7666665242513
14714,93.63,71.27999986572266,44.8333332417806
14715,10.0,0.9999999988555908,0.8333333314259846
14716,91.33,67.71999992675781,36.36666653442383
14717,92.11,67.76000004882812,39.33333326212565
14718,89.43,64.11999992675781,33.266666631062826
14721,90.19,64.39999995117188,35.43333326212565
14722,90.53,66.34000002441407,38.36666662597656
14723,90.91,66.35999992675781,38.2333332417806
14724,87.46,57.91999997558594,31.100000020345053
14725,90.0,64.25999993896484,33.79999986775716
14726,92.56,68.16,41.10000001017253
14727,89.28,63.83999997558594,32.26666668701172
14728,89.55,64.62000001220703,34.9333332417806
14729,91.33,66.51999992675782,38.26666668701172
14730,92.69,69.25999986572266,43.500000030517576
14731,89.55,64.72000002441406,36.76666657511393
14733,86.09,57.65999992675781,27.899999923706055
14734,85.0,57.13999992675781,23.93333326212565
14736,92.13,66.43999996337891,38.3333332417806
14737,90.14,65.37999995117187,35.63333330281576
14738,88.5,62.499999981689456,33.4666665242513
14739,91.97,67.49999992675781,38.7333332824707
14740,92.95,70.00000002441406,42.36666650390625
14741,88.22,61.03999999389649,29.73333336385091
14743,91.89,68.59999998168945,41.433333170572915
14744,79.17,42.39999998779297,26.96666662597656
14745,91.66,66.5599999633789,38.63333337402344
14746,91.59,66.62000004882813,39.133333323160805
14747,91.6,64.75999992675781,33.06666655476888
14748,93.36,70.21999987792968,44.9
14749,93.2,69.71999989013672,43.800000010172525
14750,88.64,62.19999996948242,32.43333319091797
14751,70.06,40.71999999389649,13.59999998219808
14752,89.15,62.77999992675781,33.86666670735677
14753,92.1,67.65999993896484,38.766666727701825
14754,90.23,65.6600000366211,39.400000010172526
14755,91.79,67.00000006103515,36.700000061035155
14756,91.7,67.50000001220702,39.73333318074544
14757,92.44,67.13999991455078,39.06666650390625
14758,89.1,64.49999998779298,36.266666605631514
14759,89.74,63.579999938964846,32.49999988810222
14760,93.53,69.66000001220704,42.86666666666667
14761,92.75,67.75999989013673,40.09999994913737
14762,90.98,66.27999989013672,36.033333251953124
14763,10.0,0.9999999992370605,0.8333333314259846
14764,93.23,69.58000004882813,43.03333322143555
14765,84.07,55.519999938964844,18.166666646321616
14766,86.61,57.820000018310544,28.46666659037272
14767,91.98,68.21999993896485,39.366666564941404
14768,76.11,47.19999999389648,15.900000010172526
14769,92.64,69.25999997558594,42.63333339436849
14770,10.0,0.9999999992370605,0.8333333333333334
14771,92.07,67.8,39.66666654459635
14772,68.82,39.66,13.26666663869222
14773,93.24,68.89999991455078,44.266666666666666
14774,88.47,61.619999926757814,31.666666615804036
14776,91.87,67.4799999633789,37.66666650390625
14777,92.78,69.25999997558594,43.03333317057292
14778,68.82,39.65999998779297,13.866666651407877
14779,92.45,70.12000001220703,41.63333317057292
14780,84.29,57.85999996948242,17.233333330790202
14781,88.71,62.16,32.06666660563151
14782,89.81,63.47999995117188,35.20000001017252
14783,73.57,45.31999992675781,14.799999979654947
14784,92.5,68.45999997558594,42.53333338419596
14785,90.24,63.95999997558594,34.49999992879232
14786,91.99,67.90000006103516,39.89999994913737
14787,92.19,69.19999998779296,42.73333325195313
14788,90.92,66.52000004882812,38.29999995930989
14789,82.11,53.979999993896485,19.89999991861979
14790,91.2,65.54000000610351,36.56666659545898
14791,92.24,67.68000004882812,41.433333292643226
14792,93.23,69.50000006103515,43.03333321126302
14793,89.22,61.5799999633789,32.866666600545244
14795,92.7,69.09999987792969,43.29999998982748
14796,90.87,64.11999993896484,34.166666656494144
14797,87.56,59.31999995117187,28.233333287556967
14798,85.68,57.05999996337891,28.433333353678385
14799,75.49,46.69999992675781,15.533333297729492
14800,92.03,69.21999992675781,43.73333335367838
14802,80.71,51.84000001831055,20.133333297729493
14803,91.78,68.7400000366211,36.43333322143555
14804,90.08,65.09999992675782,35.66666672770182
14806,92.97,68.25999989013673,44.53333334350586
14807,88.87,63.39999998779297,32.89999991861979
14809,92.39,68.88000002441406,42.10000002034505
14810,92.39,68.91999991455079,43.33333331298828
14811,92.62,68.99999993896485,42.633333251953125
14812,91.51,65.19999998779296,37.53333335367839
14813,92.73,70.91999998779296,42.866666727701826
14814,87.07,60.939999926757814,26.599999933878582
14815,91.1,66.6600000366211,38.100000040690105
14816,92.03,67.82000001220703,39.46666661580404
14817,91.84,66.43999995117187,37.83333332316081
14818,87.12,57.839999951171876,31.49999996948242
14819,87.5,60.92,31.466666661580405
14820,90.18,65.35999998779297,37.133333251953125
14821,89.35,62.76,34.16666660054525
14822,92.18,68.41999995117187,41.56666663614909
14823,54.98,27.299999981689453,11.200000002543131
14824,91.01,66.05999992675781,38.23333337402344
14825,91.02,63.70000003662109,26.666666615804036
14826,91.13,66.85999993896485,39.33333330281575
14827,77.14,41.75999995117188,21.43333332824707
14828,88.8,64.17999993286132,33.89999991861979
14829,89.24,64.5200000366211,32.866666554768884
14830,92.4,67.83999993896484,41.46666664632161
14831,90.15,66.48000006103516,38.23333334350586
14832,90.31,63.28000001220703,36.4333332010905
14833,88.77,63.57999995117188,32.86666662597656
14834,88.0,62.25999991455078,30.73333334350586
14835,91.69,66.45999998779297,39.13333329772949
14836,85.87,53.45999999389648,26.399999923706055
14837,82.98,55.37999993896484,20.866666697184243
14838,91.25,66.52000004882812,37.66666660054525
14839,92.1,67.88000001220703,38.46666650390625
14840,93.54,69.81999986572265,44.73333336385091
14841,91.12,62.98000001220703,31.26666665649414
14843,88.58,61.37999998779297,31.166666631062824
14844,92.83,69.61999990234375,43.39999985758463
14845,91.18,65.4000000366211,37.43333327229818
14846,92.43,68.1199999633789,43.30000002034505
14847,89.28,64.28000002441406,35.333333221435545
14848,86.23,59.08000001831055,26.900000030517578
14849,90.02,64.61999998779297,34.7666665649414
14851,92.19,67.1600000366211,40.13333337402344
14852,86.92,58.059999951171875,27.79999996948242
14853,88.48,62.70000002441406,30.599999969482422
14854,91.36,66.11999991455077,38.5
14855,88.89,63.49999995117187,33.03333329264323
14856,92.38,67.33999999389648,40.966666636149085
14857,72.65,38.17999998779297,17.53333332824707
14858,91.95,68.31999992675782,39.83333321126302
14860,92.07,67.0,39.233333394368486
14861,93.79,70.67999989013671,44.633333251953125
14862,90.16,67.07999993896485,40.36666651407877
14863,86.63,58.47999995727539,28.1666666208903
14864,91.53,66.4,38.466666636149085
14865,92.17,67.53999986572266,41.500000040690104
14866,93.72,71.64000006103515,44.33333339436849
14867,88.87,63.70000004882812,33.799999888102214
14868,89.08,62.859999981689455,33.200000061035155
14870,89.26,64.97999992675781,32.36666664632161
14871,89.62,65.17999987792969,36.46666672770182
14873,91.93,67.19999991455079,39.69999990844727
14874,85.64,51.61999998168945,26.599999938964842
14875,87.94,59.359999865722656,32.300000061035156
14876,85.16,53.75999996948242,25.5666666208903
14877,92.31,69.03999993896484,41.46666660563151
14878,92.91,69.57999986572266,43.49999993896484
14879,91.88,66.41999996337891,39.36666660563151
14881,92.41,70.29999993896485,42.73333321126302
14882,89.05,62.47999998779297,32.233333333333334
14884,91.35,65.69999997558594,38.39999987792969
14885,87.33,56.23999993896484,28.333333282470704
14886,92.66,68.79999986572265,38.93333319091797
14887,93.54,69.25999991455078,43.99999992879232
14888,91.94,69.15999998779297,42.46666659545898
14889,91.73,68.25999991455078,39.23333318074544
14890,93.51,68.81999989013671,44.466666514078774
14891,93.23,70.11999989013673,41.69999990844727
14892,89.1,64.2400000366211,34.766666595458986
14893,75.92,48.22000000610352,15.133333318074545
14894,90.23,65.62000006103516,37.533333231608076
14895,90.43,64.98000002441407,36.83333321126302
14896,91.69,67.26000000610351,40.43333337402344
14897,92.15,68.56000001220703,42.89999994913737
14898,92.12,68.21999993896485,40.06666660054525
14899,88.56,63.36000001220703,33.93333332316081
14900,92.99,69.89999989013671,44.06666662597656
14901,90.0,64.02000000610352,35.29999996948242
14902,88.84,61.939999987792966,33.59999996439616
14903,92.58,68.23999997558593,40.9666667175293
14904,89.5,64.96000006103516,36.63333329264323
14905,91.94,66.61999993896484,38.733333333333334
14906,91.44,67.4599999633789,39.766666544596355
14907,90.59,64.96000004882812,29.533333302815755
14909,87.45,59.54000000610352,27.833333318074544
14911,91.75,67.20000001220703,39.56666662597656
14912,81.18,49.85999999389649,16.699999997456867
14913,89.6,64.19999999389648,35.199999938964844
14914,90.18,67.28000002441406,38.7666665242513
14915,92.56,68.83999995117188,41.93333322143555
14916,89.89,64.67999993896484,33.36666659545899
14918,90.77,63.54000001220703,37.7666665242513
14920,92.22,68.27999997558594,41.86666666666667
14921,86.49,53.16000001831055,26.433333307902018
14922,92.77,69.10000001220703,44.366666687011715
14923,93.12,70.02000002441406,44.89999987792969
14924,80.59,49.63999993896484,19.733333323160807
14925,92.7,67.43999989013672,42.60000006103515
14926,91.78,66.54000000610351,39.866666676839195
14927,92.03,68.02000006103516,41.4
14929,10.0,0.9999999996185303,0.8333333326975505
14930,76.32,45.87999998168945,15.99999996693929
14931,92.8,69.38000001220703,42.60000002034505
14932,82.8,54.43999996948242,20.066666656494142
14933,78.36,43.37999992675781,19.566666656494142
14934,89.96,62.55999999389648,37.46666650390625
14935,10.0,0.9999999988555908,0.8333333326975505
14936,91.85,67.07999993896485,41.233333272298175
14937,86.77,58.39999993286133,27.999999928792317
14938,91.71,66.83999998779296,37.83333327229818
14939,89.59,64.86000000610352,35.833333353678384
14940,89.06,62.059999951171875,32.866666564941404
14941,89.54,64.45999993896484,33.13333329264323
14942,10.0,0.9999999992370605,0.8333333326975505
14943,84.93,57.31999993286133,16.30000001525879
14944,88.78,63.25999996948242,33.56666659545898
14945,86.67,58.57999998779297,28.36666667683919
14946,89.92,65.01999986572265,36.166666666666664
14947,10.0,1.0,0.8333333320617676
14948,10.0,1.0,0.8333333333333334
14949,87.18,59.91999993896484,19.833333338419596
14950,79.54,46.41999993286133,21.666666651407876
14951,92.13,67.57999986572266,39.89999994913737
14953,88.9,62.91999997558594,34.200000061035155
14954,90.16,63.53999999389649,32.23333325195313
14955,92.48,67.9599999633789,40.66666654459635
14956,80.58,51.25999994506836,20.933333307902018
14957,92.6,67.49999996337891,42.16666662597656
14959,91.19,65.29999997558593,36.299999938964845
14960,92.22,67.87999993896484,37.699999857584636
14961,89.21,63.75999995117188,34.8
14962,92.16,66.9599999633789,38.833333221435545
14963,92.12,68.08000000610352,38.76666650390625
14964,90.92,66.86000002441406,39.43333326212565
14965,84.87,57.29999995727539,16.499999994913736
14966,91.68,67.65999996337891,39.066666707356774
14967,91.84,66.87999995117187,39.43333334350586
14968,92.04,67.91999993896485,39.166666656494144
14969,84.91,51.32000001220703,25.399999944051107
14970,82.68,55.10000001220703,21.19999998474121
14971,91.25,67.92000002441407,38.66666660563151
14973,89.9,64.53999999389649,36.33333332316081
14974,86.12,58.65999994506836,27.833333353678384
14975,91.29,63.81999995117187,34.03333326212565
14976,92.69,68.97999991455079,41.66666657511393
14977,86.88,57.34000002441406,27.633333302815757
14978,89.08,63.83999998779297,33.39999996439616
14979,88.92,63.32000000610351,34.29999983723958
14980,87.53,57.539999963378904,31.63333332824707
14981,90.53,66.30000001220704,37.46666668701172
14982,86.63,58.56000003662109,27.99999993387858
14984,92.21,66.05999999389648,38.66666660563151
14986,73.08,39.23999996948242,18.166666631062824
14987,92.58,68.12,40.96666655476888
14988,84.46,58.16000001220703,23.599999959309894
14989,86.34,58.27999992675781,29.333333302815756
14990,92.65,69.69999995117188,43.79999992879232
14991,80.49,49.860000018310544,16.699999969482423
14992,88.66,63.25999996948242,31.89999991861979
14993,92.28,66.14000006103515,39.89999998982747
14994,76.38,42.15999998779297,14.9666666208903
14996,78.89,40.759999926757814,20.26666665649414
14997,73.59,38.999999975585936,17.499999918619793
14998,80.35,43.599999951171874,26.333333267211913
14999,89.38,63.47999996337891,35.466666697184245
15000,92.3,67.69999998168946,39.23333325195313
15001,71.29,35.19999995727539,16.0666666208903
15002,92.38,67.69999998168946,41.866666615804036
15004,92.46,69.13999992675781,41.433333302815754
15005,88.44,61.98000003662109,30.63333332316081
15006,84.92,57.47999995117188,23.63333332316081
15007,10.0,1.0,0.8333333320617676
15008,90.24,64.99999993896485,37.466666697184245
15009,88.83,62.37999998779297,31.699999994913735
15010,91.35,65.9799999572754,37.73333330281576
15011,82.38,54.340000006103516,21.199999979654947
15012,89.43,63.78000000610351,33.46666668701172
15013,92.24,68.25999991455078,40.733333384195966
15014,86.62,58.53999995727539,28.233333251953123
15016,91.81,67.40000002441407,39.26666651407878
15017,90.12,65.81999996948242,38.79999984741211
15018,90.43,65.3399999633789,38.166666666666664
15019,92.1,67.57999992675781,40.466666564941406
15020,91.12,63.83999995727539,32.233333394368486
15021,75.92,46.71999995727539,14.966666669209799
15022,91.85,67.89999993896484,38.53333326212565
15023,85.59,55.23999998779297,25.166666641235352
15024,92.26,67.53999997558594,40.233333384195966
15025,89.52,64.06000003662109,33.4666665242513
15026,91.94,69.29999997558593,42.166666524251305
15027,92.58,68.43999995117187,40.96666665649414
15028,93.82,70.23999991455078,43.73333325195313
15029,93.1,69.86000003662109,42.69999994913737
15030,92.49,68.69999995117188,42.833333282470704
15031,79.97,49.45999998168946,19.66666668701172
15032,90.82,67.09999997558593,37.43333337402344
15033,92.19,68.49999992675781,39.93333339436849
15034,93.02,69.22000003662109,41.933333282470706
15035,93.04,68.69999992675781,42.39999994913737
15036,91.58,67.01999986572265,38.900000030517575
15037,75.79,46.51999995727539,15.799999954223633
15038,89.97,65.32000000610351,35.66666660054525
15039,77.34,43.859999926757816,22.166666595458985
15042,87.08,56.17999993286133,29.599999959309894
15043,86.67,58.89999998779297,26.133333297729493
15044,88.14,62.48,31.83333334350586
15045,89.72,63.40000001220703,33.633333312988285
15047,87.49,57.27999995727539,30.866666646321615
15048,90.17,67.8999999633789,39.19999990844727
15050,90.42,64.74000002441406,33.166666656494144
15051,10.0,1.0,0.8333333326975505
15052,87.86,59.280000024414065,31.933333353678385
15053,89.98,63.54000002441406,20.666666697184244
15054,92.0,68.23999997558593,41.53333317057292
15055,51.02,11.219999993896485,12.466666651407877
15056,75.31,46.83999996948242,15.933333323160808
15057,91.2,65.84000001220703,38.899999888102215
15058,88.48,62.21999999389649,32.066666697184246
15059,10.0,0.9999999992370605,0.8333333320617676
15060,75.34,47.0,15.799999987284343
15061,81.31,52.099999963378906,22.599999959309894
15062,86.22,55.39999995727539,26.866666661580403
15063,78.28,50.05999997558594,20.166666610717773
15064,91.95,67.07999992675781,39.30000005086263
15065,93.3,69.84000001220703,43.60000003051758
15066,91.84,67.26000006103516,39.60000001017253
15067,91.65,68.22000003662109,37.8
15068,10.0,1.0,0.8333333326975505
15069,87.86,57.400000036621094,32.06666661580404
15070,93.1,69.89999997558594,43.49999994913737
15071,84.37,56.859999963378904,17.06666663869222
15072,91.82,67.65999995117187,38.53333317057292
15073,75.92,47.23999997558594,15.8666666208903
15074,87.52,54.33999992675781,26.433333302815754
15075,86.39,58.99999995117187,28.233333257039387
15077,10.0,0.9999999992370605,0.8333333326975505
15078,88.91,61.660000006103516,31.666666676839192
15079,89.04,62.80000001220703,32.1666666615804
15080,92.0,67.33999987792969,38.8000000406901
15081,84.62,57.87999999389648,23.46666662597656
15082,91.51,66.75999999389649,37.93333332316081
15083,92.66,68.15999997558593,42.76666651407878
15084,92.85,68.89999998779297,44.766666595458986
15085,86.59,57.76000000610352,26.23333327229818
15086,83.81,56.05999997558594,22.5666666208903
15087,92.51,67.35999992675781,39.39999990844726
15088,90.37,63.96000001220703,34.79999994913737
15090,92.94,68.13999987792968,41.1333332824707
15091,90.91,65.77999993896485,37.60000006103515
15092,93.35,70.36000002441406,44.16666658528646
15093,84.89,55.359999975585936,13.766666641235352
15094,91.14,66.87999987792969,37.8
15095,89.14,61.339999993896484,34.26666658528646
15096,91.02,66.47999992675781,37.433333267211914
15097,87.39,58.099999969482425,31.466666585286458
15098,88.37,59.07999993286133,31.233333323160807
15099,86.44,55.59999993896484,26.86666664123535
15100,91.43,66.86,37.73333336385091
15101,90.8,65.82000006103516,36.29999984741211
15102,92.18,68.37999993896484,40.599999928792315
15103,90.42,64.2999998779297,35.20000002034505
15104,89.07,63.33999998779297,33.900000030517575
15105,88.32,61.019999945068356,33.23333325195313
15106,88.52,61.55999995727539,34.10000002034505
15107,91.91,66.55999995117187,39.466666625976565
15108,92.16,67.89999997558594,38.66666657511393
15109,89.06,62.060000012207034,31.13333331298828
15110,84.76,58.26000001220703,23.36666665649414
15111,89.03,63.3,34.49999989827474
15112,10.0,0.9999999996185303,0.8333333326975505
15113,92.02,67.0200000366211,38.06666660563151
15114,92.28,68.3999999633789,42.299999938964845
15115,10.0,0.9999999996185303,0.8333333320617676
15116,91.14,65.4799999572754,27.16666660563151
15117,87.6,58.54,31.63333334350586
15118,88.79,62.33999998779297,31.63333329264323
15119,92.33,69.13999997558594,43.23333323160807
15120,92.43,68.65999996337891,41.89999993896485
15121,82.88,53.84000002441406,20.733333353678386
15122,91.38,67.41999997558594,39.73333334350586
15124,91.49,67.11999991455077,38.733333262125655
15125,89.9,65.32000004882812,36.933333292643226
15126,91.09,64.81999998779297,37.53333321126302
15127,90.27,62.839999951171876,36.66666657511393
15129,92.1,69.2599999633789,43.49999985758463
15130,91.85,66.9600000366211,39.46666664632161
15132,69.76,41.71999993896485,14.099999969482422
15133,73.94,44.73999996337891,14.999999969482422
15134,80.37,50.479999932861325,20.433333300272622
15135,89.99,61.84,34.43333327229818
15136,92.34,67.49999995117187,39.16666669718425
15137,88.64,62.32000000610351,32.433333302815754
15138,92.33,68.41999998779296,40.19999984741211
15139,92.55,69.00000002441406,42.8000000406901
15140,91.7,68.70000003662109,39.63333333333333
15142,92.3,68.75999992675781,42.49999994913737
15143,68.9,38.31999994506836,16.09999997965495
15145,91.61,67.00000006103515,37.86666650390625
15146,92.97,69.57999992675781,44.533333180745444
15147,87.12,56.85999993286133,30.766666595458986
15148,90.96,66.74000000610351,37.76666668701172
15149,10.0,0.9999999988555908,0.8333333320617676
15150,89.06,62.01999995727539,31.733333190917968
15151,93.24,69.07999992675781,43.96666661580404
15152,89.34,62.180000036621095,33.16666672770182
15153,92.59,67.93999993896485,40.299999938964845
15154,78.96,42.69999996948242,22.166666681925456
15155,87.86,58.45999995117187,32.56666663106282
15156,86.37,59.64000001220703,27.69999993387858
15157,83.91,54.79999996948242,25.633333302815757
15158,89.97,64.24000001220703,34.2666665649414
15160,86.29,58.059999951171875,27.4666666208903
15161,91.13,66.35999987792968,36.93333319091797
15162,10.0,1.0,0.8333333320617676
15163,90.0,64.12,37.300000010172525
15164,89.72,64.71999992675781,35.533333302815755
15165,92.36,68.61999986572266,41.56666663614909
15167,91.1,65.41999986572266,37.60000006103515
15168,89.99,64.07999991455078,35.13333336385091
15169,91.36,66.26000004882812,38.93333336385091
15170,91.92,67.47999997558594,34.53333325703939
15171,85.42,56.74,23.633333302815757
15172,89.63,65.27999993896485,35.699999857584636
15173,92.25,67.91999999389648,39.233333272298175
15174,73.34,44.47999995727539,14.5
15175,93.04,70.32000002441406,44.93333336385091
15176,90.42,63.659999865722654,35.833333282470704
15177,90.13,64.09999996948243,35.833333282470704
15178,89.8,63.779999969482425,35.733333221435544
15179,79.47,50.86000001220703,21.09999991861979
15180,92.91,68.55999991455079,42.49999987792969
15181,92.51,69.03999997558594,42.96666670735677
15182,91.08,66.41999999389648,38.166666534423825
15183,88.7,62.72000000610352,31.399999908447267
15184,92.03,68.04000002441406,40.13333317057292
15185,89.14,61.46000001220703,32.56666668701172
15187,86.57,57.54000001220703,24.399999959309895
15188,92.2,67.01999992675782,39.26666653442383
15189,87.72,54.39999993896485,22.39999998474121
15191,88.06,57.75999995117188,31.099999908447266
15192,86.83,60.5,27.46666659037272
15193,86.43,59.09999998168945,28.16666663614909
15194,92.44,68.97999991455079,40.96666664632161
15195,79.73,50.13999992675781,21.033333338419595
15196,91.27,67.89999999389649,36.133333251953125
15197,92.23,68.17999993896484,43.533333231608076
15199,92.26,68.39999986572266,38.86666666666667
15200,10.0,0.9999999992370605,0.8333333320617676
15202,78.31,42.700000006103515,25.833333333333332
15204,88.81,60.51999998779297,33.23333335367838
15205,88.47,61.71999991455078,30.299999918619793
15206,86.48,57.79999995727539,28.63333334350586
15207,86.09,55.67999993286133,29.6333332824707
15208,92.04,68.89999998779297,42.199999989827475
15209,79.68,51.57999993286133,21.10000001525879
15210,88.07,59.62000003662109,32.96666659545898
15211,10.0,1.0,0.8333333326975505
15212,89.94,67.28000004882813,39.166666666666664
15213,83.77,55.40000002441406,22.633333302815757
15214,88.33,60.71999995727539,24.500000015258788
15215,92.08,67.62000004882813,39.46666658528646
15216,91.08,66.86000001220702,38.76666657511393
15217,92.74,68.25999986572266,42.53333339436849
15218,91.88,68.13999997558594,44.2666665649414
15219,90.75,65.65999991455078,30.533333292643228
15220,86.7,56.95999992675781,28.33333334350586
15221,92.79,68.77999995117187,43.66666657511393
15222,90.72,65.19999996948242,36.63333321126302
15223,91.83,66.76000001220703,38.86666663614909
15224,92.34,67.82000006103516,39.066666514078776
15225,82.74,54.739999951171875,20.53333327738444
15226,92.39,68.41999986572266,41.699999877929685
15227,90.13,64.47999998168946,34.899999888102215
15229,10.0,1.0,0.8333333326975505
15230,92.55,68.87999993896484,41.56666655476888
15231,89.89,64.37999998168945,35.29999995930989
15232,86.2,54.500000018310544,27.733333333333334
15233,86.39,54.23999996337891,27.966666595458985
15234,89.18,64.11999986572266,32.96666672770182
15235,91.74,67.12000000610351,40.43333336385091
15236,88.35,61.880000006103515,33.29999985758464
15237,90.97,64.80000001220704,26.266666600545246
15238,70.01,41.16,13.59999994913737
15239,92.13,69.39999986572266,41.96666660563151
15240,10.0,0.9999999996185303,0.8333333320617676
15241,88.97,61.83999997558594,31.29999994913737
15242,86.68,57.94000000610352,27.866666646321615
15243,91.44,65.46000006103516,38.63333317057292
15244,89.96,63.73999992675781,33.60000003051758
15245,89.11,62.659999993896484,32.06666665649414
15246,90.38,66.82000002441406,36.76666651407878
15247,75.92,47.49999993896484,15.566666653951009
15248,91.9,68.47999995117188,40.96666661580404
15249,91.91,66.99999993896485,39.46666653442383
15250,89.95,64.59999986572265,37.63333334350586
15251,90.43,65.16000000610352,35.9000000406901
15253,87.89,62.07999993286133,33.46666659037272
15254,93.12,69.67999986572265,42.900000010172526
15255,85.94,53.66000001831055,25.50000003051758
15256,91.19,63.259999981689454,32.33333331298828
15259,92.38,68.93999993896485,39.46666655476888
15260,90.79,64.36,32.666666656494144
15261,91.51,66.71999999389648,39.099999979654946
15262,93.07,70.37999997558593,44.099999857584635
15263,91.37,65.34000004882813,37.86666663614909
15264,74.8,38.740000012207034,18.066666615804035
15265,87.91,58.73999991455078,31.9333332417806
15266,88.79,62.319999914550785,31.166666585286457
15267,92.42,67.80000004882812,42.1333332417806
15268,72.04,36.63999995727539,17.73333329772949
15269,92.28,68.11999986572266,40.70000004069011
15270,90.44,66.90000000610351,29.66666659037272
15271,91.26,64.78000001220703,36.233333201090495
15272,85.76,52.59999998779297,24.499999928792317
15273,89.02,59.85999993896484,34.96666664632161
15274,92.25,67.63999987792968,40.46666667683919
15275,55.72,29.639999984741213,11.966666669209799
15276,91.87,67.43999996337891,39.53333334350586
15277,92.19,67.99999998168946,40.79999991861979
15278,86.21,53.34000001831055,26.733333257039387
15279,90.89,65.57999991455078,36.49999993896484
15280,90.96,65.82000006103516,36.13333326212565
15281,93.23,70.25999986572266,43.53333334350586
15282,89.93,65.21999998168945,36.266666544596355
15283,93.38,70.91999986572266,44.366666544596356
15284,91.51,67.03999991455078,36.79999996439616
15285,91.92,68.07999990234374,37.99999991861979
15286,82.62,54.38000002441406,21.299999974568685
15287,91.88,68.6800000366211,38.63333326212565
15288,86.83,57.87999993286133,27.933333302815754
15289,75.56,46.69999998168945,15.499999979654948
15290,89.64,65.17999998779297,36.36666660563151
15292,88.84,62.91999994506836,31.066666631062827
15293,87.71,60.339999993896484,29.36666660563151
15294,92.46,67.4799999633789,39.26666653442383
15295,89.66,63.73999992675781,33.233333201090495
15296,92.82,68.23999986572265,41.53333317057292
15298,90.82,67.39999993896484,38.599999969482425
15299,92.81,70.56000002441407,44.13333321126302
15300,86.88,56.01999996337891,24.499999923706056
15301,88.65,63.81999992675781,33.33333332824707
15302,77.4,43.43999994506836,23.366666636149088
15303,93.25,69.43999997558593,42.20000005086263
15304,91.94,67.4599999633789,35.033333180745444
15305,91.67,65.91999999389648,36.266666544596355
15306,90.21,63.8999999633789,33.93333319091797
15307,89.06,62.37999991455078,32.73333326721191
15308,89.9,64.41999992675781,35.8
15309,75.81,46.91999996948242,15.566666633605957
15310,91.69,67.49999995117187,39.03333339436849
15311,89.23,63.13999995117187,33.166666646321616
15313,85.98,55.11999995727539,26.29999996948242
15314,86.72,54.43999994506836,28.26666660563151
15315,91.6,66.2600000366211,36.066666707356774
15316,92.23,67.80000002441406,39.0
15317,89.11,62.91999997558594,31.699999938964844
15318,88.97,61.62000001220703,31.999999959309896
15319,89.21,65.28000002441406,34.799999888102214
15320,84.61,57.76000002441406,24.299999918619793
15321,92.03,67.86000001220702,40.39999987792969
15322,90.44,64.4,33.29999999491374
15323,76.61,47.759999987792966,16.466666615804037
15324,92.05,69.33999997558594,42.1333332417806
15325,87.83,58.14000000610351,30.13333331298828
15326,92.25,68.76,40.0
15327,88.35,61.60000001220703,29.066666666666666
15328,91.81,69.59999987792969,40.69999983723958
15329,92.0,67.21999991455078,40.133333323160805
15330,88.39,60.45999997558594,21.533333338419595
15331,88.51,61.99999999389649,32.26666658528646
15332,88.31,62.060000012207034,31.03333329772949
15333,87.83,58.719999981689455,32.53333322143555
15334,92.26,68.36000003662109,40.93333339436849
15335,82.62,53.5,20.900000010172526
15336,92.25,67.1000000366211,40.000000030517576
15337,77.43,48.2,19.33333329264323
15338,88.71,62.07999996948242,28.766666590372722
15339,89.51,65.85999992675781,34.7666665242513
15340,91.99,66.63999992675781,40.8333332417806
15343,88.74,62.820000024414064,29.299999938964845
15344,87.03,56.27999992675781,29.333333262125652
15345,84.22,56.599999963378906,23.433333318074546
15346,89.53,63.63999997558594,33.999999979654945
15347,90.94,63.84,34.23333336385091
15348,93.2,69.11999990234375,43.23333329264323
15349,89.19,62.68000001220703,31.166666615804036
15350,84.57,57.659999938964845,23.79999993387858
15351,91.7,67.09999995117188,37.66666672770182
15352,87.19,57.41999992675781,31.199999969482423
15353,92.13,67.78000006103515,39.76666670735677
15354,91.13,65.64,35.999999959309896
15355,92.55,69.02000002441406,42.23333334350586
15356,91.52,66.64000006103515,36.099999989827474
15357,90.53,64.68000002441406,35.600000040690105
15358,91.55,65.66000001220704,38.29999992879232
15359,85.95,54.85999993896484,26.63333326212565
15360,88.84,61.37999994506836,32.93333331298828
15361,77.22,43.71999993286133,23.299999954223633
15363,93.46,70.51999998779297,45.666666646321616
15364,10.0,0.9999999996185303,0.8333333314259846
15365,85.02,56.81999993896484,16.633333267211913
15366,90.41,64.67999991455078,36.83333325195313
15367,90.2,65.72000000610352,37.16666656494141
15368,89.42,65.71999998779297,37.46666650390625
15369,88.59,62.58000000610352,30.433333297729494
15370,86.62,58.359999981689455,29.166666585286457
15371,93.02,70.31999986572265,42.96666655476888
15373,80.07,46.13999995727539,22.20000002034505
15374,91.04,64.19999993896485,38.266666727701825
15375,91.22,65.70000004882813,37.033333302815755
15376,10.0,0.9999999984741211,0.8333333320617676
15377,90.96,64.71999991455078,36.03333332316081
15378,91.56,68.23999987792969,38.966666564941406
15379,78.95,50.09999992675781,20.799999994913737
15380,92.95,68.8199999633789,42.90000006103516
15381,91.56,66.72000003662109,40.16666658528646
15382,87.36,58.22,26.033333287556967
15383,94.17,72.70000004882813,47.03333332316081
15384,92.47,67.45999991455078,41.26666658528646
15385,87.16,59.34000001220703,27.69999994913737
15386,92.31,68.11999998168945,42.39999994913737
15387,92.21,68.43999995117187,39.09999984741211
15388,79.56,53.1,16.19999995422363
15389,89.39,62.16,35.233333201090495
15390,89.31,63.15999997558594,32.699999964396156
15391,89.01,62.01999991455078,30.999999928792317
15393,82.04,54.49999995727539,20.433333282470702
15394,92.55,68.11999993896484,42.60000005086263
15395,91.59,67.87999998779297,38.933333231608074
15396,92.67,68.03999991455078,40.733333384195966
15397,89.43,64.6200000366211,33.233333333333334
15398,90.25,65.48,31.999999928792317
15400,92.63,68.8000000366211,41.9
15401,92.71,67.1199999633789,40.499999979654945
15402,73.56,44.660000006103516,14.333333318074544
15403,88.79,62.19999999389648,33.13333329772949
15404,89.34,63.820000024414064,32.96666659545898
15405,89.19,62.05999992675781,32.76666665649414
15406,86.91,55.23999993896484,28.233333282470703
15407,90.6,65.49999991455078,40.09999994913737
15408,92.32,68.37999995117187,41.46666667683919
15409,76.08,46.41999993286133,15.366666664123535
15410,73.82,44.61999996337891,14.999999997456868
15411,87.96,62.65999996948242,33.43333332316081
15412,91.08,66.19999986572266,36.89999989827474
15413,92.13,67.11999992675781,37.9000000406901
15414,91.97,68.54000004882812,41.79999994913737
15415,91.01,64.6200000366211,40.36666664632161
15416,91.12,66.3,36.13333329772949
15417,91.97,66.62000002441407,40.599999989827474
15418,88.8,65.46000006103516,33.333333221435545
15420,69.62,40.519999993896484,13.733333302815755
15421,93.09,70.51999986572265,44.73333329264323
15422,93.43,70.39999992675781,43.73333319091797
15423,92.45,71.31999997558594,42.89999987792969
15424,93.02,70.54000004882812,43.333333343505856
15426,90.62,67.34000003662109,38.299999938964845
15427,90.17,63.23999996948242,35.56666660563151
15428,91.5,65.6000000366211,38.833333343505856
15429,93.49,70.95999990234375,43.133333180745446
15430,91.67,66.57999992675781,28.29999993387858
15431,88.47,61.05999996337891,30.533333251953124
15432,91.38,65.49999998168946,37.133333323160805
15433,91.29,65.41999999389648,36.7666665242513
15434,91.17,65.93999993896485,36.83333339436849
15436,88.68,61.45999998779297,29.366666575113932
15437,92.28,68.31999991455078,41.9
15438,86.84,59.03999991455078,28.366666575113932
15439,92.65,69.75999995117188,42.43333325195312
15440,76.36,46.59999994506836,15.766666661580404
15441,75.68,46.279999951171874,15.99999998474121
15442,92.39,69.11999986572266,42.06666668701172
15443,79.66,48.93999995117188,17.333333353678384
15444,91.69,67.00000002441406,38.833333170572914
15445,92.54,67.3399999633789,40.46666668701172
15446,93.25,70.41999995117187,45.766666727701825
15447,78.28,42.079999975585935,20.69999993387858
15448,91.79,68.06000006103515,39.8333332010905
15449,90.26,64.52000002441406,34.03333327229818
15450,92.67,68.91999997558594,41.066666585286455
15451,87.08,58.05999994506836,32.06666665649414
15452,92.83,68.36000006103515,42.79999996948242
15453,91.73,67.99999992675781,39.200000061035155
15454,92.41,69.08000006103515,39.66666662597656
15455,80.01,50.32000000610351,21.066666631062827
15456,92.63,68.64000001220703,43.73333335367838
15457,68.26,39.51999998779297,13.4666666208903
15458,82.93,51.199999938964844,21.93333334859212
15459,93.4,70.00000000610352,43.133333180745446
15460,91.94,67.16000004882812,38.266666544596355
15462,92.68,68.77999991455079,42.03333338419596
15463,92.16,68.4399998779297,42.600000040690105
15464,91.29,66.23999998168945,36.233333333333334
15465,10.0,0.9999999992370605,0.8333333333333334
15466,88.56,60.49999995727539,31.733333267211915
15467,88.82,64.51999998779297,35.5
15468,92.01,67.87999993896484,39.76666653442383
15469,91.47,66.49999995117187,30.199999979654947
15470,91.66,67.47999993896484,41.43333321126302
15471,91.91,68.48000000610351,41.233333384195966
15472,86.39,58.83999996948242,28.933333333333334
15473,92.37,68.57999986572266,39.86666657511393
15475,88.55,62.220000036621094,29.733333257039387
15476,88.13,58.95999991455078,30.833333251953125
15477,83.59,53.960000018310545,19.833333282470704
15478,79.53,50.79999995727539,21.399999974568686
15479,87.2,57.37999993286133,30.733333353678386
15480,88.93,63.33999998168945,35.533333363850915
15481,79.41,45.29999995727539,22.23333327738444
15482,10.0,0.9999999992370605,0.8333333326975505
15483,92.93,69.11999986572266,42.53333334350586
15484,92.0,67.11999993896484,39.26666662597656
15485,93.74,71.03999987792969,45.06666662597656
15486,73.73,44.53999995117187,14.933333315531414
15487,91.6,67.64000000610352,37.933333170572915
15488,92.25,67.23999997558593,38.59999986775716
15489,91.46,64.79999998779297,33.89999995422363
15490,92.12,67.05999993896485,38.500000030517576
15491,90.68,65.30000001220704,36.23333336385091
15492,83.19,54.060000024414066,20.599999954223634
15493,90.99,65.68000004882812,36.03333339436849
15494,89.02,63.03999991455078,35.166666717529296
15495,92.46,68.72,43.366666554768884
15496,79.26,45.28000000610351,22.466666651407877
15497,91.34,65.26000006103516,34.9666665242513
15498,91.06,65.76000001220703,36.766666666666666
15499,89.12,63.380000012207034,32.16666660563151
15500,78.94,50.639999981689456,20.56666664123535
15501,92.55,69.69999987792968,41.90000006103516
15502,86.28,57.71999993896485,23.733333302815755
15503,89.93,63.79999998168945,35.79999990844727
15504,66.74,36.03999993286133,15.7666666208903
15505,90.28,64.69999993896485,35.70000001017252
15506,88.9,64.86000003662109,35.03333339436849
15507,90.52,65.64000002441406,37.66666654459635
15509,91.38,64.27999996337891,36.23333332316081
15511,88.66,61.060000024414066,30.533333272298176
15512,85.78,55.49999999389649,28.033333302815755
15513,88.91,63.20000004882812,36.30000003051758
15514,84.71,51.43999996337891,24.63333325703939
15515,88.27,62.420000006103514,32.033333267211916
15516,91.67,68.93999996337891,40.73333321126302
15517,89.92,63.62000000610352,31.499999918619793
15518,92.77,69.85999987792968,42.76666658528646
15519,89.92,65.37999993896484,35.633333190917966
15520,89.67,65.34000003662109,35.73333330281576
15521,91.8,67.1200000366211,38.199999928792316
15522,90.81,67.0999999633789,38.69999990844727
15523,93.22,69.57999998779297,44.19999990844727
15524,93.28,70.61999989013673,45.06666668701172
15525,91.19,65.20000002441407,34.79999989827474
15526,90.16,65.19999995117188,36.50000001017253
15527,91.88,67.27999993896485,39.03333317057292
15528,89.13,63.31999998779297,33.433333292643226
15530,90.36,67.22000004882813,38.33333331298828
15531,86.5,54.92000001220703,27.33333334350586
15532,86.21,58.640000018310545,28.299999994913737
15533,91.43,62.20000003662109,33.866666564941404
15534,89.34,65.19999992675781,35.50000001017253
15535,86.78,61.22,27.833333297729492
15536,87.73,59.45999995117187,33.2333332824707
15538,85.89,55.179999926757816,27.666666615804036
15539,90.15,67.78000006103515,37.700000061035155
15540,89.27,62.999999963378905,33.199999964396156
15541,86.3,56.16000001831055,26.466666651407877
15542,92.7,68.27999998779296,42.36666670735677
15543,92.41,68.93999996337891,41.70000005086263
15544,92.96,69.04000002441406,39.80000002034505
15545,92.46,67.26000000610351,41.733333333333334
15546,91.58,66.89999997558594,34.5
15547,91.92,67.41999995117187,39.46666650390625
15549,84.25,56.84000001220703,22.866666625976563
15550,92.29,66.78000002441406,36.86666657511393
15551,92.43,68.61999986572266,40.73333334350586
15552,86.92,55.85999995117187,27.166666681925456
15553,91.18,65.99999992675781,37.266666666666666
15554,93.08,69.23999998779297,44.73333321126302
15555,92.29,67.00000006103515,38.36666658528646
15556,92.23,66.99999986572266,38.36666650390625
15557,91.03,66.20000000610352,34.36666659545899
15558,92.35,67.8399999633789,39.633333272298174
15559,93.06,70.30000004882812,45.36666664632161
15560,91.03,66.00000004882813,36.19999994913737
15561,93.21,70.71999996337891,45.10000002034505
15562,89.82,66.49999992675781,37.46666667683919
15563,89.0,62.15999998168945,33.26666664632162
15564,85.7,57.779999963378906,25.500000010172528
15565,92.66,68.6599999267578,41.69999996948242
15566,92.91,68.53999993896484,44.06666662597656
15567,93.42,69.71999993896485,44.13333335367839
15568,50.97,10.939999990844727,10.966666669209799
15569,86.41,57.85999996948242,27.799999923706054
15570,92.2,67.71999996337891,38.33333338419596
15571,91.72,68.77999995117187,38.29999984741211
15572,89.93,64.57999997558593,35.86666653442383
15574,89.56,64.46000002441406,37.2666667175293
15575,88.54,62.59999987792969,31.799999923706054
15576,72.99,44.05999994506836,15.166666648864746
15577,75.2,46.90000001220703,15.19999998219808
15578,88.6,62.83999998779297,31.733333312988282
15579,10.0,0.9999999996185303,0.8333333326975505
15581,79.53,51.70000001831055,20.833333323160808
15582,91.71,67.15999991455078,39.09999993896484
15583,92.45,68.73999987792969,43.7333332824707
15584,88.74,64.04000000610351,34.199999964396156
15585,78.94,48.9,17.100000010172526
15586,93.45,70.62000004882813,43.933333282470706
15587,80.42,50.01999993286133,16.6333333307902
15588,90.97,65.95999991455078,37.266666615804034
15589,86.29,58.919999951171874,29.299999954223633
15590,90.22,65.43999994506837,36.66666667683919
15591,89.65,63.46000000610351,33.79999991861979
15592,88.89,63.69999999389648,34.59999999491374
15594,88.56,61.759999926757814,31.966666651407877
15595,86.6,58.63999995117187,29.066666676839194
15596,86.61,58.62,27.966666585286458
15597,92.55,69.64000003662109,42.36666669718424
15598,92.61,68.6599999267578,39.599999908447266
15599,93.5,69.43999991455078,45.29999983723958
15600,91.88,66.92000003662109,38.76666655476888
15601,91.53,66.77999989013672,41.233333333333334
15602,90.47,63.62,35.09999983723959
15604,93.01,69.89999987792969,44.766666605631514
15605,93.32,69.40000002441407,42.16666663614909
15606,88.76,60.89999998779297,19.966666631062825
15607,90.22,64.19999992675781,35.66666658528646
15608,62.88,34.3799999786377,13.5
15609,92.16,66.6599999267578,39.10000002034505
15610,88.71,62.18000001220703,33.499999979654945
15611,91.55,68.05999990234375,39.033333241780596
15613,92.28,68.97999995117188,40.03333331298828
15614,10.0,1.0,0.8333333314259846
15615,93.43,70.29999995117187,43.66666654459635
15616,91.98,67.25999998779297,38.89999994913737
15617,90.67,62.49999999389649,24.533333267211916
15618,75.91,46.36000000610352,16.033333287556967
15619,91.51,66.15999995117187,38.03333339436849
15620,86.47,58.73999998168945,27.799999964396157
15621,88.4,61.279999951171874,29.866666615804036
15623,69.48,40.45999995727539,14.10000001525879
15624,85.62,54.56,23.099999928792318
